Command line invocation:
    /Applications/Xcode_26.6.app/Contents/Developer/usr/bin/xcodebuild archive -project tsutsuura/tsutsuura.xcodeproj -scheme tsutsuura -configuration Release -destination generic/platform=iOS -derivedDataPath build/DerivedData -archivePath build/tsutsuura-16-unsigned.xcarchive -resultBundlePath build/archive.xcresult CODE_SIGNING_ALLOWED=NO CODE_SIGNING_REQUIRED=NO CODE_SIGN_IDENTITY=

Build settings from command line:
    CODE_SIGN_IDENTITY = 
    CODE_SIGNING_ALLOWED = NO
    CODE_SIGNING_REQUIRED = NO

Writing result bundle at path:
	/Users/runner/work/tsutsuura/tsutsuura/build/archive.xcresult

note: Using codesigning identity override: 
ComputePackagePrebuildTargetDependencyGraph

Prepare packages

CreateBuildRequest

SendProjectDescription

CreateBuildOperation

ComputeTargetDependencyGraph
note: Building targets in dependency order
note: Target dependency graph (1 target)
    Target 'tsutsuura' in project 'tsutsuura' (no dependencies)

GatherProvisioningInputs

CreateBuildDescription

ExecuteExternalTool /Applications/Xcode_26.6.app/Contents/Developer/usr/bin/actool --print-asset-tag-combinations --output-format xml1 /Users/runner/work/tsutsuura/tsutsuura/tsutsuura/tsutsuura/Assets.xcassets

ExecuteExternalTool /Applications/Xcode_26.6.app/Contents/Developer/Toolchains/XcodeDefault.xctoolchain/usr/bin/clang -v -E -dM -isysroot /Applications/Xcode_26.6.app/Contents/Developer/Platforms/iPhoneOS.platform/Developer/SDKs/iPhoneOS26.5.sdk -x c -c /dev/null

ExecuteExternalTool /Applications/Xcode_26.6.app/Contents/Developer/usr/bin/actool --version --output-format xml1

ExecuteExternalTool /Applications/Xcode_26.6.app/Contents/Developer/Toolchains/XcodeDefault.xctoolchain/usr/bin/swiftc --version

ExecuteExternalTool /Applications/Xcode_26.6.app/Contents/Developer/Toolchains/XcodeDefault.xctoolchain/usr/bin/ld -version_details

Build description signature: cc5fd9df0e18fb9c8ce5399622248763
Build description path: /Users/runner/work/tsutsuura/tsutsuura/build/DerivedData/Build/Intermediates.noindex/ArchiveIntermediates/tsutsuura/IntermediateBuildFilesPath/XCBuildData/cc5fd9df0e18fb9c8ce5399622248763.xcbuilddata
CreateBuildDirectory /Users/runner/work/tsutsuura/tsutsuura/build/DerivedData/Build/Intermediates.noindex/ArchiveIntermediates/tsutsuura/IntermediateBuildFilesPath
    cd /Users/runner/work/tsutsuura/tsutsuura/tsutsuura/tsutsuura.xcodeproj
    builtin-create-build-directory /Users/runner/work/tsutsuura/tsutsuura/build/DerivedData/Build/Intermediates.noindex/ArchiveIntermediates/tsutsuura/IntermediateBuildFilesPath

CreateBuildDirectory /Users/runner/work/tsutsuura/tsutsuura/build/DerivedData/Build/Intermediates.noindex/ArchiveIntermediates/tsutsuura/InstallationBuildProductsLocation
    cd /Users/runner/work/tsutsuura/tsutsuura/tsutsuura/tsutsuura.xcodeproj
    builtin-create-build-directory /Users/runner/work/tsutsuura/tsutsuura/build/DerivedData/Build/Intermediates.noindex/ArchiveIntermediates/tsutsuura/InstallationBuildProductsLocation

CreateBuildDirectory /Users/runner/work/tsutsuura/tsutsuura/build/DerivedData/Build/Intermediates.noindex/ArchiveIntermediates/tsutsuura/BuildProductsPath
    cd /Users/runner/work/tsutsuura/tsutsuura/tsutsuura/tsutsuura.xcodeproj
    builtin-create-build-directory /Users/runner/work/tsutsuura/tsutsuura/build/DerivedData/Build/Intermediates.noindex/ArchiveIntermediates/tsutsuura/BuildProductsPath

ClangStatCache /Applications/Xcode_26.6.app/Contents/Developer/Toolchains/XcodeDefault.xctoolchain/usr/bin/clang-stat-cache /Applications/Xcode_26.6.app/Contents/Developer/Platforms/iPhoneOS.platform/Developer/SDKs/iPhoneOS26.5.sdk /Users/runner/work/tsutsuura/tsutsuura/build/DerivedData/SDKStatCaches.noindex/iphoneos26.5-23F81a-688ef53f1462e2c8f657fdc38a81448fee66e23052a0157c865c76b268046726.sdkstatcache
    cd /Users/runner/work/tsutsuura/tsutsuura/tsutsuura/tsutsuura.xcodeproj
    /Applications/Xcode_26.6.app/Contents/Developer/Toolchains/XcodeDefault.xctoolchain/usr/bin/clang-stat-cache /Applications/Xcode_26.6.app/Contents/Developer/Platforms/iPhoneOS.platform/Developer/SDKs/iPhoneOS26.5.sdk -o /Users/runner/work/tsutsuura/tsutsuura/build/DerivedData/SDKStatCaches.noindex/iphoneos26.5-23F81a-688ef53f1462e2c8f657fdc38a81448fee66e23052a0157c865c76b268046726.sdkstatcache

WriteAuxiliaryFile /Users/runner/work/tsutsuura/tsutsuura/build/DerivedData/Build/Intermediates.noindex/ArchiveIntermediates/tsutsuura/IntermediateBuildFilesPath/tsutsuura.build/Release-iphoneos/tsutsuura-98a0e781f5d0a2b2220a40f1201e0d12-VFS-iphoneos/all-product-headers.yaml
    cd /Users/runner/work/tsutsuura/tsutsuura/tsutsuura/tsutsuura.xcodeproj
    write-file /Users/runner/work/tsutsuura/tsutsuura/build/DerivedData/Build/Intermediates.noindex/ArchiveIntermediates/tsutsuura/IntermediateBuildFilesPath/tsutsuura.build/Release-iphoneos/tsutsuura-98a0e781f5d0a2b2220a40f1201e0d12-VFS-iphoneos/all-product-headers.yaml

CreateBuildDirectory /Users/runner/work/tsutsuura/tsutsuura/build/DerivedData/Build/Intermediates.noindex/ArchiveIntermediates/tsutsuura/IntermediateBuildFilesPath/SwiftExplicitPrecompiledModules
    cd /Users/runner/work/tsutsuura/tsutsuura/tsutsuura/tsutsuura.xcodeproj
    builtin-create-build-directory /Users/runner/work/tsutsuura/tsutsuura/build/DerivedData/Build/Intermediates.noindex/ArchiveIntermediates/tsutsuura/IntermediateBuildFilesPath/SwiftExplicitPrecompiledModules

CreateBuildDirectory /Users/runner/work/tsutsuura/tsutsuura/build/DerivedData/Build/Intermediates.noindex/ArchiveIntermediates/tsutsuura/IntermediateBuildFilesPath/ExplicitPrecompiledModules
    cd /Users/runner/work/tsutsuura/tsutsuura/tsutsuura/tsutsuura.xcodeproj
    builtin-create-build-directory /Users/runner/work/tsutsuura/tsutsuura/build/DerivedData/Build/Intermediates.noindex/ArchiveIntermediates/tsutsuura/IntermediateBuildFilesPath/ExplicitPrecompiledModules

CreateBuildDirectory /Users/runner/work/tsutsuura/tsutsuura/build/DerivedData/Build/Intermediates.noindex/ArchiveIntermediates/tsutsuura/IntermediateBuildFilesPath/EagerLinkingTBDs/Release-iphoneos
    cd /Users/runner/work/tsutsuura/tsutsuura/tsutsuura/tsutsuura.xcodeproj
    builtin-create-build-directory /Users/runner/work/tsutsuura/tsutsuura/build/DerivedData/Build/Intermediates.noindex/ArchiveIntermediates/tsutsuura/IntermediateBuildFilesPath/EagerLinkingTBDs/Release-iphoneos

CreateBuildDirectory /Users/runner/work/tsutsuura/tsutsuura/build/DerivedData/Build/Intermediates.noindex/ArchiveIntermediates/tsutsuura/BuildProductsPath/Release-iphoneos
    cd /Users/runner/work/tsutsuura/tsutsuura/tsutsuura/tsutsuura.xcodeproj
    builtin-create-build-directory /Users/runner/work/tsutsuura/tsutsuura/build/DerivedData/Build/Intermediates.noindex/ArchiveIntermediates/tsutsuura/BuildProductsPath/Release-iphoneos

WriteAuxiliaryFile /Users/runner/work/tsutsuura/tsutsuura/build/DerivedData/Build/Intermediates.noindex/ArchiveIntermediates/tsutsuura/IntermediateBuildFilesPath/tsutsuura.build/Release-iphoneos/tsutsuura.build/tsutsuura.hmap (in target 'tsutsuura' from project 'tsutsuura')
    cd /Users/runner/work/tsutsuura/tsutsuura/tsutsuura
    write-file /Users/runner/work/tsutsuura/tsutsuura/build/DerivedData/Build/Intermediates.noindex/ArchiveIntermediates/tsutsuura/IntermediateBuildFilesPath/tsutsuura.build/Release-iphoneos/tsutsuura.build/tsutsuura.hmap

WriteAuxiliaryFile /Users/runner/work/tsutsuura/tsutsuura/build/DerivedData/Build/Intermediates.noindex/ArchiveIntermediates/tsutsuura/IntermediateBuildFilesPath/tsutsuura.build/Release-iphoneos/tsutsuura.build/tsutsuura.DependencyStaticMetadataFileList (in target 'tsutsuura' from project 'tsutsuura')
    cd /Users/runner/work/tsutsuura/tsutsuura/tsutsuura
    write-file /Users/runner/work/tsutsuura/tsutsuura/build/DerivedData/Build/Intermediates.noindex/ArchiveIntermediates/tsutsuura/IntermediateBuildFilesPath/tsutsuura.build/Release-iphoneos/tsutsuura.build/tsutsuura.DependencyStaticMetadataFileList

WriteAuxiliaryFile /Users/runner/work/tsutsuura/tsutsuura/build/DerivedData/Build/Intermediates.noindex/ArchiveIntermediates/tsutsuura/IntermediateBuildFilesPath/tsutsuura.build/Release-iphoneos/tsutsuura.build/tsutsuura.DependencyMetadataFileList (in target 'tsutsuura' from project 'tsutsuura')
    cd /Users/runner/work/tsutsuura/tsutsuura/tsutsuura
    write-file /Users/runner/work/tsutsuura/tsutsuura/build/DerivedData/Build/Intermediates.noindex/ArchiveIntermediates/tsutsuura/IntermediateBuildFilesPath/tsutsuura.build/Release-iphoneos/tsutsuura.build/tsutsuura.DependencyMetadataFileList

WriteAuxiliaryFile /Users/runner/work/tsutsuura/tsutsuura/build/DerivedData/Build/Intermediates.noindex/ArchiveIntermediates/tsutsuura/IntermediateBuildFilesPath/tsutsuura.build/Release-iphoneos/tsutsuura.build/tsutsuura-project-headers.hmap (in target 'tsutsuura' from project 'tsutsuura')
    cd /Users/runner/work/tsutsuura/tsutsuura/tsutsuura
    write-file /Users/runner/work/tsutsuura/tsutsuura/build/DerivedData/Build/Intermediates.noindex/ArchiveIntermediates/tsutsuura/IntermediateBuildFilesPath/tsutsuura.build/Release-iphoneos/tsutsuura.build/tsutsuura-project-headers.hmap

WriteAuxiliaryFile /Users/runner/work/tsutsuura/tsutsuura/build/DerivedData/Build/Intermediates.noindex/ArchiveIntermediates/tsutsuura/IntermediateBuildFilesPath/tsutsuura.build/Release-iphoneos/tsutsuura.build/tsutsuura-own-target-headers.hmap (in target 'tsutsuura' from project 'tsutsuura')
    cd /Users/runner/work/tsutsuura/tsutsuura/tsutsuura
    write-file /Users/runner/work/tsutsuura/tsutsuura/build/DerivedData/Build/Intermediates.noindex/ArchiveIntermediates/tsutsuura/IntermediateBuildFilesPath/tsutsuura.build/Release-iphoneos/tsutsuura.build/tsutsuura-own-target-headers.hmap

WriteAuxiliaryFile /Users/runner/work/tsutsuura/tsutsuura/build/DerivedData/Build/Intermediates.noindex/ArchiveIntermediates/tsutsuura/IntermediateBuildFilesPath/tsutsuura.build/Release-iphoneos/tsutsuura.build/tsutsuura-generated-files.hmap (in target 'tsutsuura' from project 'tsutsuura')
    cd /Users/runner/work/tsutsuura/tsutsuura/tsutsuura
    write-file /Users/runner/work/tsutsuura/tsutsuura/build/DerivedData/Build/Intermediates.noindex/ArchiveIntermediates/tsutsuura/IntermediateBuildFilesPath/tsutsuura.build/Release-iphoneos/tsutsuura.build/tsutsuura-generated-files.hmap

WriteAuxiliaryFile /Users/runner/work/tsutsuura/tsutsuura/build/DerivedData/Build/Intermediates.noindex/ArchiveIntermediates/tsutsuura/IntermediateBuildFilesPath/tsutsuura.build/Release-iphoneos/tsutsuura.build/tsutsuura-all-target-headers.hmap (in target 'tsutsuura' from project 'tsutsuura')
    cd /Users/runner/work/tsutsuura/tsutsuura/tsutsuura
    write-file /Users/runner/work/tsutsuura/tsutsuura/build/DerivedData/Build/Intermediates.noindex/ArchiveIntermediates/tsutsuura/IntermediateBuildFilesPath/tsutsuura.build/Release-iphoneos/tsutsuura.build/tsutsuura-all-target-headers.hmap

WriteAuxiliaryFile /Users/runner/work/tsutsuura/tsutsuura/build/DerivedData/Build/Intermediates.noindex/ArchiveIntermediates/tsutsuura/IntermediateBuildFilesPath/tsutsuura.build/Release-iphoneos/tsutsuura.build/tsutsuura-all-non-framework-target-headers.hmap (in target 'tsutsuura' from project 'tsutsuura')
    cd /Users/runner/work/tsutsuura/tsutsuura/tsutsuura
    write-file /Users/runner/work/tsutsuura/tsutsuura/build/DerivedData/Build/Intermediates.noindex/ArchiveIntermediates/tsutsuura/IntermediateBuildFilesPath/tsutsuura.build/Release-iphoneos/tsutsuura.build/tsutsuura-all-non-framework-target-headers.hmap

WriteAuxiliaryFile /Users/runner/work/tsutsuura/tsutsuura/build/DerivedData/Build/Intermediates.noindex/ArchiveIntermediates/tsutsuura/IntermediateBuildFilesPath/tsutsuura.build/Release-iphoneos/tsutsuura.build/Objects-normal/arm64/tsutsuura_const_extract_protocols.json (in target 'tsutsuura' from project 'tsutsuura')
    cd /Users/runner/work/tsutsuura/tsutsuura/tsutsuura
    write-file /Users/runner/work/tsutsuura/tsutsuura/build/DerivedData/Build/Intermediates.noindex/ArchiveIntermediates/tsutsuura/IntermediateBuildFilesPath/tsutsuura.build/Release-iphoneos/tsutsuura.build/Objects-normal/arm64/tsutsuura_const_extract_protocols.json

WriteAuxiliaryFile /Users/runner/work/tsutsuura/tsutsuura/build/DerivedData/Build/Intermediates.noindex/ArchiveIntermediates/tsutsuura/IntermediateBuildFilesPath/tsutsuura.build/Release-iphoneos/tsutsuura.build/Objects-normal/arm64/tsutsuura.SwiftFileList (in target 'tsutsuura' from project 'tsutsuura')
    cd /Users/runner/work/tsutsuura/tsutsuura/tsutsuura
    write-file /Users/runner/work/tsutsuura/tsutsuura/build/DerivedData/Build/Intermediates.noindex/ArchiveIntermediates/tsutsuura/IntermediateBuildFilesPath/tsutsuura.build/Release-iphoneos/tsutsuura.build/Objects-normal/arm64/tsutsuura.SwiftFileList

WriteAuxiliaryFile /Users/runner/work/tsutsuura/tsutsuura/build/DerivedData/Build/Intermediates.noindex/ArchiveIntermediates/tsutsuura/IntermediateBuildFilesPath/tsutsuura.build/Release-iphoneos/tsutsuura.build/Objects-normal/arm64/tsutsuura.SwiftConstValuesFileList (in target 'tsutsuura' from project 'tsutsuura')
    cd /Users/runner/work/tsutsuura/tsutsuura/tsutsuura
    write-file /Users/runner/work/tsutsuura/tsutsuura/build/DerivedData/Build/Intermediates.noindex/ArchiveIntermediates/tsutsuura/IntermediateBuildFilesPath/tsutsuura.build/Release-iphoneos/tsutsuura.build/Objects-normal/arm64/tsutsuura.SwiftConstValuesFileList

WriteAuxiliaryFile /Users/runner/work/tsutsuura/tsutsuura/build/DerivedData/Build/Intermediates.noindex/ArchiveIntermediates/tsutsuura/IntermediateBuildFilesPath/tsutsuura.build/Release-iphoneos/tsutsuura.build/Objects-normal/arm64/tsutsuura.LinkFileList (in target 'tsutsuura' from project 'tsutsuura')
    cd /Users/runner/work/tsutsuura/tsutsuura/tsutsuura
    write-file /Users/runner/work/tsutsuura/tsutsuura/build/DerivedData/Build/Intermediates.noindex/ArchiveIntermediates/tsutsuura/IntermediateBuildFilesPath/tsutsuura.build/Release-iphoneos/tsutsuura.build/Objects-normal/arm64/tsutsuura.LinkFileList

WriteAuxiliaryFile /Users/runner/work/tsutsuura/tsutsuura/build/DerivedData/Build/Intermediates.noindex/ArchiveIntermediates/tsutsuura/IntermediateBuildFilesPath/tsutsuura.build/Release-iphoneos/tsutsuura.build/Objects-normal/arm64/tsutsuura-OutputFileMap.json (in target 'tsutsuura' from project 'tsutsuura')
    cd /Users/runner/work/tsutsuura/tsutsuura/tsutsuura
    write-file /Users/runner/work/tsutsuura/tsutsuura/build/DerivedData/Build/Intermediates.noindex/ArchiveIntermediates/tsutsuura/IntermediateBuildFilesPath/tsutsuura.build/Release-iphoneos/tsutsuura.build/Objects-normal/arm64/tsutsuura-OutputFileMap.json

SymLink /Users/runner/work/tsutsuura/tsutsuura/build/DerivedData/Build/Intermediates.noindex/ArchiveIntermediates/tsutsuura/BuildProductsPath/Release-iphoneos/tsutsuura.app ../../InstallationBuildProductsLocation/Applications/tsutsuura.app (in target 'tsutsuura' from project 'tsutsuura')
    cd /Users/runner/work/tsutsuura/tsutsuura/tsutsuura
    /bin/ln -sfh ../../InstallationBuildProductsLocation/Applications/tsutsuura.app /Users/runner/work/tsutsuura/tsutsuura/build/DerivedData/Build/Intermediates.noindex/ArchiveIntermediates/tsutsuura/BuildProductsPath/Release-iphoneos/tsutsuura.app

MkDir /Users/runner/work/tsutsuura/tsutsuura/build/DerivedData/Build/Intermediates.noindex/ArchiveIntermediates/tsutsuura/InstallationBuildProductsLocation/Applications/tsutsuura.app (in target 'tsutsuura' from project 'tsutsuura')
    cd /Users/runner/work/tsutsuura/tsutsuura/tsutsuura
    /bin/mkdir -p /Users/runner/work/tsutsuura/tsutsuura/build/DerivedData/Build/Intermediates.noindex/ArchiveIntermediates/tsutsuura/InstallationBuildProductsLocation/Applications/tsutsuura.app

MkDir /Users/runner/work/tsutsuura/tsutsuura/build/DerivedData/Build/Intermediates.noindex/ArchiveIntermediates/tsutsuura/IntermediateBuildFilesPath/tsutsuura.build/Release-iphoneos/tsutsuura.build/assetcatalog_output/unthinned (in target 'tsutsuura' from project 'tsutsuura')
    cd /Users/runner/work/tsutsuura/tsutsuura/tsutsuura
    /bin/mkdir -p /Users/runner/work/tsutsuura/tsutsuura/build/DerivedData/Build/Intermediates.noindex/ArchiveIntermediates/tsutsuura/IntermediateBuildFilesPath/tsutsuura.build/Release-iphoneos/tsutsuura.build/assetcatalog_output/unthinned

MkDir /Users/runner/work/tsutsuura/tsutsuura/build/DerivedData/Build/Intermediates.noindex/ArchiveIntermediates/tsutsuura/IntermediateBuildFilesPath/tsutsuura.build/Release-iphoneos/tsutsuura.build/assetcatalog_output/thinned (in target 'tsutsuura' from project 'tsutsuura')
    cd /Users/runner/work/tsutsuura/tsutsuura/tsutsuura
    /bin/mkdir -p /Users/runner/work/tsutsuura/tsutsuura/build/DerivedData/Build/Intermediates.noindex/ArchiveIntermediates/tsutsuura/IntermediateBuildFilesPath/tsutsuura.build/Release-iphoneos/tsutsuura.build/assetcatalog_output/thinned

GenerateAssetSymbols /Users/runner/work/tsutsuura/tsutsuura/tsutsuura/tsutsuura/Assets.xcassets (in target 'tsutsuura' from project 'tsutsuura')
    cd /Users/runner/work/tsutsuura/tsutsuura/tsutsuura
    /Applications/Xcode_26.6.app/Contents/Developer/usr/bin/actool /Users/runner/work/tsutsuura/tsutsuura/tsutsuura/tsutsuura/Assets.xcassets --compile /Users/runner/work/tsutsuura/tsutsuura/build/DerivedData/Build/Intermediates.noindex/ArchiveIntermediates/tsutsuura/InstallationBuildProductsLocation/Applications/tsutsuura.app --output-format human-readable-text --notices --warnings --export-dependency-info /Users/runner/work/tsutsuura/tsutsuura/build/DerivedData/Build/Intermediates.noindex/ArchiveIntermediates/tsutsuura/IntermediateBuildFilesPath/tsutsuura.build/Release-iphoneos/tsutsuura.build/assetcatalog_dependencies --output-partial-info-plist /Users/runner/work/tsutsuura/tsutsuura/build/DerivedData/Build/Intermediates.noindex/ArchiveIntermediates/tsutsuura/IntermediateBuildFilesPath/tsutsuura.build/Release-iphoneos/tsutsuura.build/assetcatalog_generated_info.plist --app-icon AppIcon --accent-color AccentColor --compress-pngs --enable-on-demand-resources YES --development-region en --target-device iphone --minimum-deployment-target 26.2 --platform iphoneos --bundle-identifier toshizo.link.tsutsuura --generate-swift-asset-symbols /Users/runner/work/tsutsuura/tsutsuura/build/DerivedData/Build/Intermediates.noindex/ArchiveIntermediates/tsutsuura/IntermediateBuildFilesPath/tsutsuura.build/Release-iphoneos/tsutsuura.build/DerivedSources/GeneratedAssetSymbols.swift --generate-objc-asset-symbols /Users/runner/work/tsutsuura/tsutsuura/build/DerivedData/Build/Intermediates.noindex/ArchiveIntermediates/tsutsuura/IntermediateBuildFilesPath/tsutsuura.build/Release-iphoneos/tsutsuura.build/DerivedSources/GeneratedAssetSymbols.h --generate-asset-symbol-index /Users/runner/work/tsutsuura/tsutsuura/build/DerivedData/Build/Intermediates.noindex/ArchiveIntermediates/tsutsuura/IntermediateBuildFilesPath/tsutsuura.build/Release-iphoneos/tsutsuura.build/DerivedSources/GeneratedAssetSymbols-Index.plist
/* com.apple.actool.compilation-results */
/Users/runner/work/tsutsuura/tsutsuura/build/DerivedData/Build/Intermediates.noindex/ArchiveIntermediates/tsutsuura/IntermediateBuildFilesPath/tsutsuura.build/Release-iphoneos/tsutsuura.build/DerivedSources/GeneratedAssetSymbols-Index.plist
/Users/runner/work/tsutsuura/tsutsuura/build/DerivedData/Build/Intermediates.noindex/ArchiveIntermediates/tsutsuura/IntermediateBuildFilesPath/tsutsuura.build/Release-iphoneos/tsutsuura.build/DerivedSources/GeneratedAssetSymbols.h
/Users/runner/work/tsutsuura/tsutsuura/build/DerivedData/Build/Intermediates.noindex/ArchiveIntermediates/tsutsuura/IntermediateBuildFilesPath/tsutsuura.build/Release-iphoneos/tsutsuura.build/DerivedSources/GeneratedAssetSymbols.swift


CpResource /Users/runner/work/tsutsuura/tsutsuura/build/DerivedData/Build/Intermediates.noindex/ArchiveIntermediates/tsutsuura/InstallationBuildProductsLocation/Applications/tsutsuura.app/PrivacyInfo.xcprivacy /Users/runner/work/tsutsuura/tsutsuura/tsutsuura/tsutsuura/PrivacyInfo.xcprivacy (in target 'tsutsuura' from project 'tsutsuura')
    cd /Users/runner/work/tsutsuura/tsutsuura/tsutsuura
    builtin-copy -exclude .DS_Store -exclude CVS -exclude .svn -exclude .git -exclude .hg -resolve-src-symlinks /Users/runner/work/tsutsuura/tsutsuura/tsutsuura/tsutsuura/PrivacyInfo.xcprivacy /Users/runner/work/tsutsuura/tsutsuura/build/DerivedData/Build/Intermediates.noindex/ArchiveIntermediates/tsutsuura/InstallationBuildProductsLocation/Applications/tsutsuura.app

CpResource /Users/runner/work/tsutsuura/tsutsuura/build/DerivedData/Build/Intermediates.noindex/ArchiveIntermediates/tsutsuura/InstallationBuildProductsLocation/Applications/tsutsuura.app/Kaisotai-Next-UP-B.otf /Users/runner/work/tsutsuura/tsutsuura/tsutsuura/tsutsuura/Fonts/Kaisotai-Next-UP-B.otf (in target 'tsutsuura' from project 'tsutsuura')
    cd /Users/runner/work/tsutsuura/tsutsuura/tsutsuura
    builtin-copy -exclude .DS_Store -exclude CVS -exclude .svn -exclude .git -exclude .hg -resolve-src-symlinks /Users/runner/work/tsutsuura/tsutsuura/tsutsuura/tsutsuura/Fonts/Kaisotai-Next-UP-B.otf /Users/runner/work/tsutsuura/tsutsuura/build/DerivedData/Build/Intermediates.noindex/ArchiveIntermediates/tsutsuura/InstallationBuildProductsLocation/Applications/tsutsuura.app

CompileAssetCatalogVariant thinned /Users/runner/work/tsutsuura/tsutsuura/build/DerivedData/Build/Intermediates.noindex/ArchiveIntermediates/tsutsuura/InstallationBuildProductsLocation/Applications/tsutsuura.app /Users/runner/work/tsutsuura/tsutsuura/tsutsuura/tsutsuura/Assets.xcassets (in target 'tsutsuura' from project 'tsutsuura')
    cd /Users/runner/work/tsutsuura/tsutsuura/tsutsuura
    /Applications/Xcode_26.6.app/Contents/Developer/usr/bin/actool /Users/runner/work/tsutsuura/tsutsuura/tsutsuura/tsutsuura/Assets.xcassets --compile /Users/runner/work/tsutsuura/tsutsuura/build/DerivedData/Build/Intermediates.noindex/ArchiveIntermediates/tsutsuura/IntermediateBuildFilesPath/tsutsuura.build/Release-iphoneos/tsutsuura.build/assetcatalog_output/thinned --output-format human-readable-text --notices --warnings --export-dependency-info /Users/runner/work/tsutsuura/tsutsuura/build/DerivedData/Build/Intermediates.noindex/ArchiveIntermediates/tsutsuura/IntermediateBuildFilesPath/tsutsuura.build/Release-iphoneos/tsutsuura.build/assetcatalog_dependencies_thinned --output-partial-info-plist /Users/runner/work/tsutsuura/tsutsuura/build/DerivedData/Build/Intermediates.noindex/ArchiveIntermediates/tsutsuura/IntermediateBuildFilesPath/tsutsuura.build/Release-iphoneos/tsutsuura.build/assetcatalog_generated_info.plist_thinned --app-icon AppIcon --accent-color AccentColor --compress-pngs --enable-on-demand-resources YES --development-region en --target-device iphone --minimum-deployment-target 26.2 --platform iphoneos
/* com.apple.actool.compilation-results */
/Users/runner/work/tsutsuura/tsutsuura/build/DerivedData/Build/Intermediates.noindex/ArchiveIntermediates/tsutsuura/IntermediateBuildFilesPath/tsutsuura.build/Release-iphoneos/tsutsuura.build/assetcatalog_generated_info.plist_thinned
/Users/runner/work/tsutsuura/tsutsuura/build/DerivedData/Build/Intermediates.noindex/ArchiveIntermediates/tsutsuura/IntermediateBuildFilesPath/tsutsuura.build/Release-iphoneos/tsutsuura.build/assetcatalog_output/thinned/AppIcon60x60@2x.png
/Users/runner/work/tsutsuura/tsutsuura/build/DerivedData/Build/Intermediates.noindex/ArchiveIntermediates/tsutsuura/IntermediateBuildFilesPath/tsutsuura.build/Release-iphoneos/tsutsuura.build/assetcatalog_output/thinned/AppIcon76x76@2x~ipad.png
/Users/runner/work/tsutsuura/tsutsuura/build/DerivedData/Build/Intermediates.noindex/ArchiveIntermediates/tsutsuura/IntermediateBuildFilesPath/tsutsuura.build/Release-iphoneos/tsutsuura.build/assetcatalog_output/thinned/Assets.car


SwiftDriver tsutsuura normal arm64 com.apple.xcode.tools.swift.compiler (in target 'tsutsuura' from project 'tsutsuura')
    cd /Users/runner/work/tsutsuura/tsutsuura/tsutsuura
    builtin-SwiftDriver -- /Applications/Xcode_26.6.app/Contents/Developer/Toolchains/XcodeDefault.xctoolchain/usr/bin/swiftc -module-name tsutsuura -O -whole-module-optimization @/Users/runner/work/tsutsuura/tsutsuura/build/DerivedData/Build/Intermediates.noindex/ArchiveIntermediates/tsutsuura/IntermediateBuildFilesPath/tsutsuura.build/Release-iphoneos/tsutsuura.build/Objects-normal/arm64/tsutsuura.SwiftFileList -enable-bare-slash-regex -enable-upcoming-feature DisableOutwardActorInference -enable-upcoming-feature InferSendableFromCaptures -enable-upcoming-feature GlobalActorIsolatedTypesUsability -enable-upcoming-feature MemberImportVisibility -enable-upcoming-feature InferIsolatedConformances -enable-upcoming-feature NonisolatedNonsendingByDefault -enable-experimental-feature DebugDescriptionMacro -sdk /Applications/Xcode_26.6.app/Contents/Developer/Platforms/iPhoneOS.platform/Developer/SDKs/iPhoneOS26.5.sdk -target arm64-apple-ios26.2 -g -module-cache-path /Users/runner/work/tsutsuura/tsutsuura/build/DerivedData/ModuleCache.noindex -Xfrontend -serialize-debugging-options -swift-version 5 -I /Users/runner/work/tsutsuura/tsutsuura/build/DerivedData/Build/Intermediates.noindex/ArchiveIntermediates/tsutsuura/BuildProductsPath/Release-iphoneos -F /Users/runner/work/tsutsuura/tsutsuura/build/DerivedData/Build/Intermediates.noindex/ArchiveIntermediates/tsutsuura/BuildProductsPath/Release-iphoneos -emit-localized-strings -emit-localized-strings-path /Users/runner/work/tsutsuura/tsutsuura/build/DerivedData/Build/Intermediates.noindex/ArchiveIntermediates/tsutsuura/IntermediateBuildFilesPath/tsutsuura.build/Release-iphoneos/tsutsuura.build/Objects-normal/arm64 -c -num-threads 3 -Xcc -ivfsstatcache -Xcc /Users/runner/work/tsutsuura/tsutsuura/build/DerivedData/SDKStatCaches.noindex/iphoneos26.5-23F81a-688ef53f1462e2c8f657fdc38a81448fee66e23052a0157c865c76b268046726.sdkstatcache -output-file-map /Users/runner/work/tsutsuura/tsutsuura/build/DerivedData/Build/Intermediates.noindex/ArchiveIntermediates/tsutsuura/IntermediateBuildFilesPath/tsutsuura.build/Release-iphoneos/tsutsuura.build/Objects-normal/arm64/tsutsuura-OutputFileMap.json -use-frontend-parseable-output -save-temps -no-color-diagnostics -explicit-module-build -module-cache-path /Users/runner/work/tsutsuura/tsutsuura/build/DerivedData/Build/Intermediates.noindex/ArchiveIntermediates/tsutsuura/IntermediateBuildFilesPath/SwiftExplicitPrecompiledModules -clang-scanner-module-cache-path /Users/runner/work/tsutsuura/tsutsuura/build/DerivedData/ModuleCache.noindex -sdk-module-cache-path /Users/runner/work/tsutsuura/tsutsuura/build/DerivedData/ModuleCache.noindex -serialize-diagnostics -emit-dependencies -emit-module -emit-module-path /Users/runner/work/tsutsuura/tsutsuura/build/DerivedData/Build/Intermediates.noindex/ArchiveIntermediates/tsutsuura/IntermediateBuildFilesPath/tsutsuura.build/Release-iphoneos/tsutsuura.build/Objects-normal/arm64/tsutsuura.swiftmodule -validate-clang-modules-once -clang-build-session-file /Users/runner/work/tsutsuura/tsutsuura/build/DerivedData/ModuleCache.noindex/Session.modulevalidation -Xcc -I/Users/runner/work/tsutsuura/tsutsuura/build/DerivedData/Build/Intermediates.noindex/ArchiveIntermediates/tsutsuura/IntermediateBuildFilesPath/tsutsuura.build/Release-iphoneos/tsutsuura.build/swift-overrides.hmap -emit-const-values -Xfrontend -const-gather-protocols-file -Xfrontend /Users/runner/work/tsutsuura/tsutsuura/build/DerivedData/Build/Intermediates.noindex/ArchiveIntermediates/tsutsuura/IntermediateBuildFilesPath/tsutsuura.build/Release-iphoneos/tsutsuura.build/Objects-normal/arm64/tsutsuura_const_extract_protocols.json -Xcc -iquote -Xcc /Users/runner/work/tsutsuura/tsutsuura/build/DerivedData/Build/Intermediates.noindex/ArchiveIntermediates/tsutsuura/IntermediateBuildFilesPath/tsutsuura.build/Release-iphoneos/tsutsuura.build/tsutsuura-generated-files.hmap -Xcc -I/Users/runner/work/tsutsuura/tsutsuura/build/DerivedData/Build/Intermediates.noindex/ArchiveIntermediates/tsutsuura/IntermediateBuildFilesPath/tsutsuura.build/Release-iphoneos/tsutsuura.build/tsutsuura-own-target-headers.hmap -Xcc -I/Users/runner/work/tsutsuura/tsutsuura/build/DerivedData/Build/Intermediates.noindex/ArchiveIntermediates/tsutsuura/IntermediateBuildFilesPath/tsutsuura.build/Release-iphoneos/tsutsuura.build/tsutsuura-all-target-headers.hmap -Xcc -iquote -Xcc /Users/runner/work/tsutsuura/tsutsuura/build/DerivedData/Build/Intermediates.noindex/ArchiveIntermediates/tsutsuura/IntermediateBuildFilesPath/tsutsuura.build/Release-iphoneos/tsutsuura.build/tsutsuura-project-headers.hmap -Xcc -I/Users/runner/work/tsutsuura/tsutsuura/build/DerivedData/Build/Intermediates.noindex/ArchiveIntermediates/tsutsuura/BuildProductsPath/Release-iphoneos/include -Xcc -I/Users/runner/work/tsutsuura/tsutsuura/build/DerivedData/Build/Intermediates.noindex/ArchiveIntermediates/tsutsuura/IntermediateBuildFilesPath/tsutsuura.build/Release-iphoneos/tsutsuura.build/DerivedSources-normal/arm64 -Xcc -I/Users/runner/work/tsutsuura/tsutsuura/build/DerivedData/Build/Intermediates.noindex/ArchiveIntermediates/tsutsuura/IntermediateBuildFilesPath/tsutsuura.build/Release-iphoneos/tsutsuura.build/DerivedSources/arm64 -Xcc -I/Users/runner/work/tsutsuura/tsutsuura/build/DerivedData/Build/Intermediates.noindex/ArchiveIntermediates/tsutsuura/IntermediateBuildFilesPath/tsutsuura.build/Release-iphoneos/tsutsuura.build/DerivedSources -emit-objc-header -emit-objc-header-path /Users/runner/work/tsutsuura/tsutsuura/build/DerivedData/Build/Intermediates.noindex/ArchiveIntermediates/tsutsuura/IntermediateBuildFilesPath/tsutsuura.build/Release-iphoneos/tsutsuura.build/Objects-normal/arm64/tsutsuura-Swift.h -working-directory /Users/runner/work/tsutsuura/tsutsuura/tsutsuura -no-emit-module-separately-wmo

SwiftDriver\ Compilation tsutsuura normal arm64 com.apple.xcode.tools.swift.compiler (in target 'tsutsuura' from project 'tsutsuura')
    cd /Users/runner/work/tsutsuura/tsutsuura/tsutsuura
    builtin-Swift-Compilation -- /Applications/Xcode_26.6.app/Contents/Developer/Toolchains/XcodeDefault.xctoolchain/usr/bin/swiftc -module-name tsutsuura -O -whole-module-optimization @/Users/runner/work/tsutsuura/tsutsuura/build/DerivedData/Build/Intermediates.noindex/ArchiveIntermediates/tsutsuura/IntermediateBuildFilesPath/tsutsuura.build/Release-iphoneos/tsutsuura.build/Objects-normal/arm64/tsutsuura.SwiftFileList -enable-bare-slash-regex -enable-upcoming-feature DisableOutwardActorInference -enable-upcoming-feature InferSendableFromCaptures -enable-upcoming-feature GlobalActorIsolatedTypesUsability -enable-upcoming-feature MemberImportVisibility -enable-upcoming-feature InferIsolatedConformances -enable-upcoming-feature NonisolatedNonsendingByDefault -enable-experimental-feature DebugDescriptionMacro -sdk /Applications/Xcode_26.6.app/Contents/Developer/Platforms/iPhoneOS.platform/Developer/SDKs/iPhoneOS26.5.sdk -target arm64-apple-ios26.2 -g -module-cache-path /Users/runner/work/tsutsuura/tsutsuura/build/DerivedData/ModuleCache.noindex -Xfrontend -serialize-debugging-options -swift-version 5 -I /Users/runner/work/tsutsuura/tsutsuura/build/DerivedData/Build/Intermediates.noindex/ArchiveIntermediates/tsutsuura/BuildProductsPath/Release-iphoneos -F /Users/runner/work/tsutsuura/tsutsuura/build/DerivedData/Build/Intermediates.noindex/ArchiveIntermediates/tsutsuura/BuildProductsPath/Release-iphoneos -emit-localized-strings -emit-localized-strings-path /Users/runner/work/tsutsuura/tsutsuura/build/DerivedData/Build/Intermediates.noindex/ArchiveIntermediates/tsutsuura/IntermediateBuildFilesPath/tsutsuura.build/Release-iphoneos/tsutsuura.build/Objects-normal/arm64 -c -num-threads 3 -Xcc -ivfsstatcache -Xcc /Users/runner/work/tsutsuura/tsutsuura/build/DerivedData/SDKStatCaches.noindex/iphoneos26.5-23F81a-688ef53f1462e2c8f657fdc38a81448fee66e23052a0157c865c76b268046726.sdkstatcache -output-file-map /Users/runner/work/tsutsuura/tsutsuura/build/DerivedData/Build/Intermediates.noindex/ArchiveIntermediates/tsutsuura/IntermediateBuildFilesPath/tsutsuura.build/Release-iphoneos/tsutsuura.build/Objects-normal/arm64/tsutsuura-OutputFileMap.json -use-frontend-parseable-output -save-temps -no-color-diagnostics -explicit-module-build -module-cache-path /Users/runner/work/tsutsuura/tsutsuura/build/DerivedData/Build/Intermediates.noindex/ArchiveIntermediates/tsutsuura/IntermediateBuildFilesPath/SwiftExplicitPrecompiledModules -clang-scanner-module-cache-path /Users/runner/work/tsutsuura/tsutsuura/build/DerivedData/ModuleCache.noindex -sdk-module-cache-path /Users/runner/work/tsutsuura/tsutsuura/build/DerivedData/ModuleCache.noindex -serialize-diagnostics -emit-dependencies -emit-module -emit-module-path /Users/runner/work/tsutsuura/tsutsuura/build/DerivedData/Build/Intermediates.noindex/ArchiveIntermediates/tsutsuura/IntermediateBuildFilesPath/tsutsuura.build/Release-iphoneos/tsutsuura.build/Objects-normal/arm64/tsutsuura.swiftmodule -validate-clang-modules-once -clang-build-session-file /Users/runner/work/tsutsuura/tsutsuura/build/DerivedData/ModuleCache.noindex/Session.modulevalidation -Xcc -I/Users/runner/work/tsutsuura/tsutsuura/build/DerivedData/Build/Intermediates.noindex/ArchiveIntermediates/tsutsuura/IntermediateBuildFilesPath/tsutsuura.build/Release-iphoneos/tsutsuura.build/swift-overrides.hmap -emit-const-values -Xfrontend -const-gather-protocols-file -Xfrontend /Users/runner/work/tsutsuura/tsutsuura/build/DerivedData/Build/Intermediates.noindex/ArchiveIntermediates/tsutsuura/IntermediateBuildFilesPath/tsutsuura.build/Release-iphoneos/tsutsuura.build/Objects-normal/arm64/tsutsuura_const_extract_protocols.json -Xcc -iquote -Xcc /Users/runner/work/tsutsuura/tsutsuura/build/DerivedData/Build/Intermediates.noindex/ArchiveIntermediates/tsutsuura/IntermediateBuildFilesPath/tsutsuura.build/Release-iphoneos/tsutsuura.build/tsutsuura-generated-files.hmap -Xcc -I/Users/runner/work/tsutsuura/tsutsuura/build/DerivedData/Build/Intermediates.noindex/ArchiveIntermediates/tsutsuura/IntermediateBuildFilesPath/tsutsuura.build/Release-iphoneos/tsutsuura.build/tsutsuura-own-target-headers.hmap -Xcc -I/Users/runner/work/tsutsuura/tsutsuura/build/DerivedData/Build/Intermediates.noindex/ArchiveIntermediates/tsutsuura/IntermediateBuildFilesPath/tsutsuura.build/Release-iphoneos/tsutsuura.build/tsutsuura-all-target-headers.hmap -Xcc -iquote -Xcc /Users/runner/work/tsutsuura/tsutsuura/build/DerivedData/Build/Intermediates.noindex/ArchiveIntermediates/tsutsuura/IntermediateBuildFilesPath/tsutsuura.build/Release-iphoneos/tsutsuura.build/tsutsuura-project-headers.hmap -Xcc -I/Users/runner/work/tsutsuura/tsutsuura/build/DerivedData/Build/Intermediates.noindex/ArchiveIntermediates/tsutsuura/BuildProductsPath/Release-iphoneos/include -Xcc -I/Users/runner/work/tsutsuura/tsutsuura/build/DerivedData/Build/Intermediates.noindex/ArchiveIntermediates/tsutsuura/IntermediateBuildFilesPath/tsutsuura.build/Release-iphoneos/tsutsuura.build/DerivedSources-normal/arm64 -Xcc -I/Users/runner/work/tsutsuura/tsutsuura/build/DerivedData/Build/Intermediates.noindex/ArchiveIntermediates/tsutsuura/IntermediateBuildFilesPath/tsutsuura.build/Release-iphoneos/tsutsuura.build/DerivedSources/arm64 -Xcc -I/Users/runner/work/tsutsuura/tsutsuura/build/DerivedData/Build/Intermediates.noindex/ArchiveIntermediates/tsutsuura/IntermediateBuildFilesPath/tsutsuura.build/Release-iphoneos/tsutsuura.build/DerivedSources -emit-objc-header -emit-objc-header-path /Users/runner/work/tsutsuura/tsutsuura/build/DerivedData/Build/Intermediates.noindex/ArchiveIntermediates/tsutsuura/IntermediateBuildFilesPath/tsutsuura.build/Release-iphoneos/tsutsuura.build/Objects-normal/arm64/tsutsuura-Swift.h -working-directory /Users/runner/work/tsutsuura/tsutsuura/tsutsuura -no-emit-module-separately-wmo

SwiftExplicitDependencyGeneratePcm arm64 /Users/runner/work/tsutsuura/tsutsuura/build/DerivedData/ModuleCache.noindex/_AvailabilityInternal-5KOYXQ6R4SUH79S96P8PCCWLD.pcm

SwiftExplicitDependencyGeneratePcm arm64 /Users/runner/work/tsutsuura/tsutsuura/build/DerivedData/ModuleCache.noindex/DeveloperToolsSupport-A6ID9U370WSPPQVAMZJE7UCS8.pcm

SwiftExplicitDependencyGeneratePcm arm64 /Users/runner/work/tsutsuura/tsutsuura/build/DerivedData/ModuleCache.noindex/SwiftShims-D10DEVO7K1W4YGAZMG5WNSKDK.pcm

SwiftExplicitDependencyGeneratePcm arm64 /Users/runner/work/tsutsuura/tsutsuura/build/DerivedData/ModuleCache.noindex/_Builtin_stddef-6DFFSOSCWQLV9CPOO5ZNWHNOI.pcm

SwiftExplicitDependencyGeneratePcm arm64 /Users/runner/work/tsutsuura/tsutsuura/build/DerivedData/ModuleCache.noindex/_Builtin_stdbool-BXWJSFPZOGGIMVCKTEFU34HXC.pcm

SwiftExplicitDependencyGeneratePcm arm64 /Users/runner/work/tsutsuura/tsutsuura/build/DerivedData/ModuleCache.noindex/_SwiftConcurrencyShims-7BRTFU5C9AXWNTXY58VKJDFS5.pcm

SwiftExplicitDependencyGeneratePcm arm64 /Users/runner/work/tsutsuura/tsutsuura/build/DerivedData/ModuleCache.noindex/_Builtin_float-5KPL1EABPX1EV73I2ZSAGY3BF.pcm

SwiftExplicitDependencyGeneratePcm arm64 /Users/runner/work/tsutsuura/tsutsuura/build/DerivedData/ModuleCache.noindex/_Builtin_stdarg-9RBPHL74RDGAMT79BO1J0SDOU.pcm

SwiftExplicitDependencyGeneratePcm arm64 /Users/runner/work/tsutsuura/tsutsuura/build/DerivedData/ModuleCache.noindex/ptrauth-F6F4CT23W9OGCV594XP26CNI.pcm

SwiftExplicitDependencyGeneratePcm arm64 /Users/runner/work/tsutsuura/tsutsuura/build/DerivedData/ModuleCache.noindex/ptrcheck-AKGLEQ82LZTIIVR7Q9DO0U5YD.pcm

SwiftExplicitDependencyGeneratePcm arm64 /Users/runner/work/tsutsuura/tsutsuura/build/DerivedData/ModuleCache.noindex/_DarwinFoundation1-B7ZJAGSGP1ZB60EW0OGYWVCVH.pcm

SwiftExplicitDependencyGeneratePcm arm64 /Users/runner/work/tsutsuura/tsutsuura/build/DerivedData/ModuleCache.noindex/_Builtin_limits-3NEFI5M5Q2VL5XWHYADO5TBYC.pcm

SwiftExplicitDependencyGeneratePcm arm64 /Users/runner/work/tsutsuura/tsutsuura/build/DerivedData/ModuleCache.noindex/ExtensionFoundation-32JIZHPAE46L7FBFO7WNVK97M.pcm

SwiftExplicitDependencyGeneratePcm arm64 /Users/runner/work/tsutsuura/tsutsuura/build/DerivedData/ModuleCache.noindex/_DarwinFoundation2-CXYI1WEII5ST510K0M6635PCI.pcm

SwiftExplicitDependencyGeneratePcm arm64 /Users/runner/work/tsutsuura/tsutsuura/build/DerivedData/ModuleCache.noindex/_Builtin_stdint-2O9SEFN9MGU2WY9MR9ZC1AN2R.pcm

SwiftExplicitDependencyGeneratePcm arm64 /Users/runner/work/tsutsuura/tsutsuura/build/DerivedData/ModuleCache.noindex/sys_types-VIGPSGGYXVG7254S37KPCDDS.pcm

SwiftExplicitDependencyGeneratePcm arm64 /Users/runner/work/tsutsuura/tsutsuura/build/DerivedData/ModuleCache.noindex/_Builtin_tgmath-60PGWVX3F9UI11LZEK27ORRQE.pcm

SwiftExplicitDependencyGeneratePcm arm64 /Users/runner/work/tsutsuura/tsutsuura/build/DerivedData/ModuleCache.noindex/_Builtin_intrinsics-8OPT49C2PL75C7TMGC8HPGLHH.pcm

SwiftExplicitDependencyGeneratePcm arm64 /Users/runner/work/tsutsuura/tsutsuura/build/DerivedData/ModuleCache.noindex/_Builtin_stdatomic-BSUNJSHOEGG04Z3RNE3EVU7T2.pcm

SwiftExplicitDependencyGeneratePcm arm64 /Users/runner/work/tsutsuura/tsutsuura/build/DerivedData/ModuleCache.noindex/_DarwinFoundation3-8WGTSSAZY4TVAWFV78L62K194.pcm

SwiftExplicitDependencyGeneratePcm arm64 /Users/runner/work/tsutsuura/tsutsuura/build/DerivedData/ModuleCache.noindex/_Builtin_inttypes-M1Z0DTGQP592JRFJ6KVFHL33.pcm

SwiftExplicitDependencyGeneratePcm arm64 /Users/runner/work/tsutsuura/tsutsuura/build/DerivedData/ModuleCache.noindex/Darwin-AEHBQS1DKKTY7SZOOHHFZJP3Z.pcm

SwiftExplicitDependencyGeneratePcm arm64 /Users/runner/work/tsutsuura/tsutsuura/build/DerivedData/ModuleCache.noindex/simd-AO8I82RLMO1HN8KE7T45VTJCQ.pcm

SwiftExplicitDependencyGeneratePcm arm64 /Users/runner/work/tsutsuura/tsutsuura/build/DerivedData/ModuleCache.noindex/ObjectiveC-F3II1HAVCDWDCVD5R85K5ISGU.pcm

SwiftExplicitDependencyGeneratePcm arm64 /Users/runner/work/tsutsuura/tsutsuura/build/DerivedData/ModuleCache.noindex/MachO-D0HDFA03AN5HO12RGAGI425WX.pcm

SwiftExplicitDependencyGeneratePcm arm64 /Users/runner/work/tsutsuura/tsutsuura/build/DerivedData/ModuleCache.noindex/os_object-CV14DGFIFTZZO6HUYNLPBKHJW.pcm

SwiftExplicitDependencyGeneratePcm arm64 /Users/runner/work/tsutsuura/tsutsuura/build/DerivedData/ModuleCache.noindex/Spatial-5S55JRKFPY3HDY5BK7Y18I5IK.pcm

SwiftExplicitDependencyGeneratePcm arm64 /Users/runner/work/tsutsuura/tsutsuura/build/DerivedData/ModuleCache.noindex/os_workgroup-AWYRKZCIAJRFUPLN5Q3XFOZ6V.pcm

SwiftExplicitDependencyGeneratePcm arm64 /Users/runner/work/tsutsuura/tsutsuura/build/DerivedData/ModuleCache.noindex/Dispatch-1F3O15F1MC20RHXZ3V2K0AHBR.pcm

SwiftExplicitDependencyGeneratePcm arm64 /Users/runner/work/tsutsuura/tsutsuura/build/DerivedData/ModuleCache.noindex/dnssd-EKQUQPRBJWA36YVRXIAUED5AK.pcm

SwiftExplicitDependencyGeneratePcm arm64 /Users/runner/work/tsutsuura/tsutsuura/build/DerivedData/ModuleCache.noindex/XPC-64S6M9QUIHB3IXAPLU1DNZ1XB.pcm

SwiftExplicitDependencyGeneratePcm arm64 /Users/runner/work/tsutsuura/tsutsuura/build/DerivedData/ModuleCache.noindex/CoreFoundation-XY7G1VNVFOL3O0YI05IA3CL5.pcm

SwiftExplicitDependencyGeneratePcm arm64 /Users/runner/work/tsutsuura/tsutsuura/build/DerivedData/ModuleCache.noindex/os-BGR005XWUXUU65RL0F4VXK9GE.pcm

SwiftExplicitDependencyGeneratePcm arm64 /Users/runner/work/tsutsuura/tsutsuura/build/DerivedData/ModuleCache.noindex/CFNetwork-6QNCNXN39IUZNU3T14RZ10LO9.pcm

SwiftExplicitDependencyGeneratePcm arm64 /Users/runner/work/tsutsuura/tsutsuura/build/DerivedData/ModuleCache.noindex/CoreAudioTypes-F1CBWQSFGZHM4VLWBS6BNI1PX.pcm

SwiftExplicitDependencyGeneratePcm arm64 /Users/runner/work/tsutsuura/tsutsuura/build/DerivedData/ModuleCache.noindex/Security-8DPCW03ULTR83IDA2Z4K2SPJD.pcm

SwiftExplicitDependencyGeneratePcm arm64 /Users/runner/work/tsutsuura/tsutsuura/build/DerivedData/ModuleCache.noindex/CoreGraphics-CVNDPDMYF19QU85EPH0ASB9ZI.pcm

SwiftExplicitDependencyGeneratePcm arm64 /Users/runner/work/tsutsuura/tsutsuura/build/DerivedData/ModuleCache.noindex/CoreAudio-1I4QMUIC0TQJVACSXNCPN12NQ.pcm

SwiftExplicitDependencyGeneratePcm arm64 /Users/runner/work/tsutsuura/tsutsuura/build/DerivedData/ModuleCache.noindex/Foundation-DKM4VJOZCCILV2QVKP7AG4AOJ.pcm

SwiftExplicitDependencyGeneratePcm arm64 /Users/runner/work/tsutsuura/tsutsuura/build/DerivedData/ModuleCache.noindex/ImageIO-BDEAHKJYKRSXHR2YWX6NCKKNV.pcm

SwiftExplicitDependencyGeneratePcm arm64 /Users/runner/work/tsutsuura/tsutsuura/build/DerivedData/ModuleCache.noindex/CoreText-1LND1V6XNO7C7IYA9TEEJ6C43.pcm

SwiftExplicitDependencyGeneratePcm arm64 /Users/runner/work/tsutsuura/tsutsuura/build/DerivedData/ModuleCache.noindex/OSLog-528KPLQB113ITTUJKK6JUMLR2.pcm

SwiftExplicitDependencyGeneratePcm arm64 /Users/runner/work/tsutsuura/tsutsuura/build/DerivedData/ModuleCache.noindex/DataDetection-DX3YVKZR9HLGG3MR75WXSW6QV.pcm

SwiftExplicitDependencyGeneratePcm arm64 /Users/runner/work/tsutsuura/tsutsuura/build/DerivedData/ModuleCache.noindex/CoreTransferable-1MV7DL679UTMFIFXLH79N5MOA.pcm

SwiftExplicitDependencyGeneratePcm arm64 /Users/runner/work/tsutsuura/tsutsuura/build/DerivedData/ModuleCache.noindex/_LocationEssentials-8XXN4XWRQ4D0EN20ILMQXE7YW.pcm

SwiftExplicitDependencyGeneratePcm arm64 /Users/runner/work/tsutsuura/tsutsuura/build/DerivedData/ModuleCache.noindex/Network-B3F9RTTP1YBPKRNTEINT17M3Y.pcm

SwiftExplicitDependencyGeneratePcm arm64 /Users/runner/work/tsutsuura/tsutsuura/build/DerivedData/ModuleCache.noindex/IOSurface-6RN4UT6LFYKA5ZSGIVN512BG5.pcm

SwiftExplicitDependencyGeneratePcm arm64 /Users/runner/work/tsutsuura/tsutsuura/build/DerivedData/ModuleCache.noindex/CoreLocation-CR4WW1H1MQMKQPBRS9THJU6PC.pcm

SwiftExplicitDependencyGeneratePcm arm64 /Users/runner/work/tsutsuura/tsutsuura/build/DerivedData/ModuleCache.noindex/Symbols-66W77XFJNRPPAJA6APBTLTJSM.pcm

SwiftExplicitDependencyGeneratePcm arm64 /Users/runner/work/tsutsuura/tsutsuura/build/DerivedData/ModuleCache.noindex/AVRouting-104ACYS53I3CYJA9GGU3O6LMX.pcm

SwiftExplicitDependencyGeneratePcm arm64 /Users/runner/work/tsutsuura/tsutsuura/build/DerivedData/ModuleCache.noindex/UniformTypeIdentifiers-5JF2EIMPQBZY9FNGMAH9RSEM9.pcm

SwiftExplicitDependencyGeneratePcm arm64 /Users/runner/work/tsutsuura/tsutsuura/build/DerivedData/ModuleCache.noindex/OpenGLES-79XGMA6P90MNGL4V5M825CYSU.pcm

SwiftExplicitDependencyGeneratePcm arm64 /Users/runner/work/tsutsuura/tsutsuura/build/DerivedData/ModuleCache.noindex/CoreMIDI-BJ2T6XPPPNVRMAE87IFD7PZMQ.pcm

SwiftExplicitDependencyGeneratePcm arm64 /Users/runner/work/tsutsuura/tsutsuura/build/DerivedData/ModuleCache.noindex/Accessibility-8EHIRD592OJM96VX01MFE4VM6.pcm

SwiftExplicitDependencyGeneratePcm arm64 /Users/runner/work/tsutsuura/tsutsuura/build/DerivedData/ModuleCache.noindex/LocalAuthentication-465YLVD4D50665BQ6TGNC99BA.pcm

SwiftExplicitDependencyGeneratePcm arm64 /Users/runner/work/tsutsuura/tsutsuura/build/DerivedData/ModuleCache.noindex/Metal-F1LMQ3G6LR0X0G2MOD1FSVOZ0.pcm

SwiftExplicitDependencyGeneratePcm arm64 /Users/runner/work/tsutsuura/tsutsuura/build/DerivedData/ModuleCache.noindex/FileProvider-BUR2IG255SFZ7N23SCB134RHM.pcm

SwiftExplicitDependencyGeneratePcm arm64 /Users/runner/work/tsutsuura/tsutsuura/build/DerivedData/ModuleCache.noindex/CoreData-3SY2MIK6XJZYX6XZ8FYK40O72.pcm

SwiftExplicitDependencyGeneratePcm arm64 /Users/runner/work/tsutsuura/tsutsuura/build/DerivedData/ModuleCache.noindex/UserNotifications-46BCYG34A084O2EVO4LBL8OGY.pcm

SwiftExplicitDependencyGeneratePcm arm64 /Users/runner/work/tsutsuura/tsutsuura/build/DerivedData/ModuleCache.noindex/CoreVideo-69IAWASJ1LPUGKOTYN2MT11JD.pcm

SwiftExplicitDependencyGeneratePcm arm64 /Users/runner/work/tsutsuura/tsutsuura/build/DerivedData/ModuleCache.noindex/AudioToolbox-2NPLI0X55NLZ43FDKVCPQ0VG3.pcm

SwiftExplicitDependencyGeneratePcm arm64 /Users/runner/work/tsutsuura/tsutsuura/build/DerivedData/ModuleCache.noindex/CoreHaptics-8S7A9E1JUZNBAWVICM0PXG14M.pcm

SwiftExplicitDependencyGeneratePcm arm64 /Users/runner/work/tsutsuura/tsutsuura/build/DerivedData/ModuleCache.noindex/QuartzCore-98IWDIYUFNJIYO1B3ER17LHWJ.pcm

SwiftExplicitDependencyGeneratePcm arm64 /Users/runner/work/tsutsuura/tsutsuura/build/DerivedData/ModuleCache.noindex/CoreMedia-99KTD430WBWPOPTP03JSKZDLW.pcm

SwiftExplicitDependencyGeneratePcm arm64 /Users/runner/work/tsutsuura/tsutsuura/build/DerivedData/ModuleCache.noindex/CoreImage-217YJJQDA6797C3IO76JHDBU3.pcm

SwiftExplicitDependencyGeneratePcm arm64 /Users/runner/work/tsutsuura/tsutsuura/build/DerivedData/ModuleCache.noindex/SwiftUICore-1G691C8IQSJN7D7PQ1N548S5U.pcm

SwiftExplicitDependencyGeneratePcm arm64 /Users/runner/work/tsutsuura/tsutsuura/build/DerivedData/ModuleCache.noindex/AVFAudio-6TJHCOJMAGEG5N1NSU0122F4A.pcm

SwiftExplicitDependencyGeneratePcm arm64 /Users/runner/work/tsutsuura/tsutsuura/build/DerivedData/ModuleCache.noindex/MediaToolbox-8MIT8BS729X05F8420H8IOER5.pcm

SwiftExplicitDependencyGeneratePcm arm64 /Users/runner/work/tsutsuura/tsutsuura/build/DerivedData/ModuleCache.noindex/UIUtilities-64C0LGFGKDXA2L85NA7HSUSU0.pcm

SwiftExplicitDependencyGeneratePcm arm64 /Users/runner/work/tsutsuura/tsutsuura/build/DerivedData/ModuleCache.noindex/AVFoundation-6AACTPW869K853KUGFS94Y5AB.pcm

SwiftExplicitDependencyGeneratePcm arm64 /Users/runner/work/tsutsuura/tsutsuura/build/DerivedData/ModuleCache.noindex/UIKit-F2M4OBXD0G4WXO8IIT1MPX3CB.pcm

SwiftExplicitDependencyGeneratePcm arm64 /Users/runner/work/tsutsuura/tsutsuura/build/DerivedData/ModuleCache.noindex/Photos-96NSEY4WTVD6WNZMFD1G6PJNR.pcm

SwiftExplicitDependencyGeneratePcm arm64 /Users/runner/work/tsutsuura/tsutsuura/build/DerivedData/ModuleCache.noindex/Speech-DNFN4EUTN8XEI0ODVYUIW1Y81.pcm

SwiftExplicitDependencyGeneratePcm arm64 /Users/runner/work/tsutsuura/tsutsuura/build/DerivedData/ModuleCache.noindex/PhotosUI-F48X6QJB04AYJL68H4NB7Z01R.pcm

SwiftExplicitDependencyGeneratePcm arm64 /Users/runner/work/tsutsuura/tsutsuura/build/DerivedData/ModuleCache.noindex/SwiftUI-EDZJ50SCT7WUTIL7BLYZ2ZBF8.pcm

SwiftCompile normal arm64 Compiling\ AnswerMediaViews.swift,\ APIClient.swift,\ APIConfiguration.swift,\ AppHaptics.swift,\ AppInteractionServices.swift,\ AppModels.swift,\ AppStore.swift,\ BackSwipeNavigation.swift,\ ContentView.swift,\ DemoAppAPI.swift,\ DeviceTimeZoneSynchronizer.swift,\ EmailAuthenticationScreens.swift,\ FamilySetupScreens.swift,\ HomeAutoRefresh.swift,\ HomeBannerPullToReveal.swift,\ LifecycleScreens.swift,\ PersonalMarkEditor.swift,\ PersonalMarkRequirement.swift,\ PhotoDismissGestureState.swift,\ PushNotifications.swift,\ PushRegistrationCoordinator.swift,\ QuestionSchedulePresentation.swift,\ SpeechTranscriber.swift,\ TokenStorage.swift,\ tsutsuuraApp.swift,\ TsutsuuraDesignSystem.swift,\ TsutsuuraScreens.swift,\ GeneratedAssetSymbols.swift /Users/runner/work/tsutsuura/tsutsuura/tsutsuura/tsutsuura/AnswerMediaViews.swift /Users/runner/work/tsutsuura/tsutsuura/tsutsuura/tsutsuura/APIClient.swift /Users/runner/work/tsutsuura/tsutsuura/tsutsuura/tsutsuura/APIConfiguration.swift /Users/runner/work/tsutsuura/tsutsuura/tsutsuura/tsutsuura/AppHaptics.swift /Users/runner/work/tsutsuura/tsutsuura/tsutsuura/tsutsuura/AppInteractionServices.swift /Users/runner/work/tsutsuura/tsutsuura/tsutsuura/tsutsuura/AppModels.swift /Users/runner/work/tsutsuura/tsutsuura/tsutsuura/tsutsuura/AppStore.swift /Users/runner/work/tsutsuura/tsutsuura/tsutsuura/tsutsuura/BackSwipeNavigation.swift /Users/runner/work/tsutsuura/tsutsuura/tsutsuura/tsutsuura/ContentView.swift /Users/runner/work/tsutsuura/tsutsuura/tsutsuura/tsutsuura/DemoAppAPI.swift /Users/runner/work/tsutsuura/tsutsuura/tsutsuura/tsutsuura/DeviceTimeZoneSynchronizer.swift /Users/runner/work/tsutsuura/tsutsuura/tsutsuura/tsutsuura/EmailAuthenticationScreens.swift /Users/runner/work/tsutsuura/tsutsuura/tsutsuura/tsutsuura/FamilySetupScreens.swift /Users/runner/work/tsutsuura/tsutsuura/tsutsuura/tsutsuura/HomeAutoRefresh.swift /Users/runner/work/tsutsuura/tsutsuura/tsutsuura/tsutsuura/HomeBannerPullToReveal.swift /Users/runner/work/tsutsuura/tsutsuura/tsutsuura/tsutsuura/LifecycleScreens.swift /Users/runner/work/tsutsuura/tsutsuura/tsutsuura/tsutsuura/PersonalMarkEditor.swift /Users/runner/work/tsutsuura/tsutsuura/tsutsuura/tsutsuura/PersonalMarkRequirement.swift /Users/runner/work/tsutsuura/tsutsuura/tsutsuura/tsutsuura/PhotoDismissGestureState.swift /Users/runner/work/tsutsuura/tsutsuura/tsutsuura/tsutsuura/PushNotifications.swift /Users/runner/work/tsutsuura/tsutsuura/tsutsuura/tsutsuura/PushRegistrationCoordinator.swift /Users/runner/work/tsutsuura/tsutsuura/tsutsuura/tsutsuura/QuestionSchedulePresentation.swift /Users/runner/work/tsutsuura/tsutsuura/tsutsuura/tsutsuura/SpeechTranscriber.swift /Users/runner/work/tsutsuura/tsutsuura/tsutsuura/tsutsuura/TokenStorage.swift /Users/runner/work/tsutsuura/tsutsuura/tsutsuura/tsutsuura/tsutsuuraApp.swift /Users/runner/work/tsutsuura/tsutsuura/tsutsuura/tsutsuura/TsutsuuraDesignSystem.swift /Users/runner/work/tsutsuura/tsutsuura/tsutsuura/tsutsuura/TsutsuuraScreens.swift /Users/runner/work/tsutsuura/tsutsuura/build/DerivedData/Build/Intermediates.noindex/ArchiveIntermediates/tsutsuura/IntermediateBuildFilesPath/tsutsuura.build/Release-iphoneos/tsutsuura.build/DerivedSources/GeneratedAssetSymbols.swift /Applications/Xcode_26.6.app/Contents/Developer/Toolchains/XcodeDefault.xctoolchain/usr/lib/swift/iphoneos/prebuilt-modules/26.5/_PhotosUI_SwiftUI.swiftmodule/arm64e-apple-ios.swiftmodule /Applications/Xcode_26.6.app/Contents/Developer/Toolchains/XcodeDefault.xctoolchain/usr/lib/swift/iphoneos/prebuilt-modules/26.5/OSLog.swiftmodule/arm64e-apple-ios.swiftmodule /Applications/Xcode_26.6.app/Contents/Developer/Toolchains/XcodeDefault.xctoolchain/usr/lib/swift/iphoneos/prebuilt-modules/26.5/_DarwinFoundation2.swiftmodule/arm64e-apple-ios.swiftmodule /Applications/Xcode_26.6.app/Contents/Developer/Toolchains/XcodeDefault.xctoolchain/usr/lib/swift/iphoneos/prebuilt-modules/26.5/CoreText.swiftmodule/arm64e-apple-ios.swiftmodule /Applications/Xcode_26.6.app/Contents/Developer/Toolchains/XcodeDefault.xctoolchain/usr/lib/swift/iphoneos/prebuilt-modules/26.5/Photos.swiftmodule/arm64e-apple-ios.swiftmodule /Applications/Xcode_26.6.app/Contents/Developer/Toolchains/XcodeDefault.xctoolchain/usr/lib/swift/iphoneos/prebuilt-modules/26.5/_Concurrency.swiftmodule/arm64e-apple-ios.swiftmodule /Applications/Xcode_26.6.app/Contents/Developer/Toolchains/XcodeDefault.xctoolchain/usr/lib/swift/iphoneos/prebuilt-modules/26.5/Combine.swiftmodule/arm64e-apple-ios.swiftmodule /Applications/Xcode_26.6.app/Contents/Developer/Toolchains/XcodeDefault.xctoolchain/usr/lib/swift/iphoneos/prebuilt-modules/26.5/ExtensionFoundation.swiftmodule/arm64e-apple-ios.swiftmodule /Applications/Xcode_26.6.app/Contents/Developer/Toolchains/XcodeDefault.xctoolchain/usr/lib/swift/iphoneos/prebuilt-modules/26.5/CoreLocation.swiftmodule/arm64e-apple-ios.swiftmodule /Applications/Xcode_26.6.app/Contents/Developer/Toolchains/XcodeDefault.xctoolchain/usr/lib/swift/iphoneos/prebuilt-modules/26.5/_Builtin_float.swiftmodule/arm64e-apple-ios.swiftmodule /Applications/Xcode_26.6.app/Contents/Developer/Toolchains/XcodeDefault.xctoolchain/usr/lib/swift/iphoneos/prebuilt-modules/26.5/Network.swiftmodule/arm64e-apple-ios.swiftmodule /Applications/Xcode_26.6.app/Contents/Developer/Toolchains/XcodeDefault.xctoolchain/usr/lib/swift/iphoneos/prebuilt-modules/26.5/AudioToolbox.swiftmodule/arm64e-apple-ios.swiftmodule /Applications/Xcode_26.6.app/Contents/Developer/Toolchains/XcodeDefault.xctoolchain/usr/lib/swift/iphoneos/prebuilt-modules/26.5/CoreMIDI.swiftmodule/arm64e-apple-ios.swiftmodule /Applications/Xcode_26.6.app/Contents/Developer/Toolchains/XcodeDefault.xctoolchain/usr/lib/swift/iphoneos/prebuilt-modules/26.5/Swift.swiftmodule/arm64e-apple-ios.swiftmodule /Applications/Xcode_26.6.app/Contents/Developer/Toolchains/XcodeDefault.xctoolchain/usr/lib/swift/iphoneos/prebuilt-modules/26.5/Synchronization.swiftmodule/arm64e-apple-ios.swiftmodule /Applications/Xcode_26.6.app/Contents/Developer/Toolchains/XcodeDefault.xctoolchain/usr/lib/swift/iphoneos/prebuilt-modules/26.5/Accessibility.swiftmodule/arm64e-apple-ios.swiftmodule /Applications/Xcode_26.6.app/Contents/Developer/Toolchains/XcodeDefault.xctoolchain/usr/lib/swift/iphoneos/prebuilt-modules/26.5/_DarwinFoundation3.swiftmodule/arm64e-apple-ios.swiftmodule /Applications/Xcode_26.6.app/Contents/Developer/Toolchains/XcodeDefault.xctoolchain/usr/lib/swift/iphoneos/prebuilt-modules/26.5/simd.swiftmodule/arm64e-apple-ios.swiftmodule /Applications/Xcode_26.6.app/Contents/Developer/Toolchains/XcodeDefault.xctoolchain/usr/lib/swift/iphoneos/prebuilt-modules/26.5/QuartzCore.swiftmodule/arm64e-apple-ios.swiftmodule /Applications/Xcode_26.6.app/Contents/Developer/Toolchains/XcodeDefault.xctoolchain/usr/lib/swift/iphoneos/prebuilt-modules/26.5/FileProvider.swiftmodule/arm64e-apple-ios.swiftmodule /Applications/Xcode_26.6.app/Contents/Developer/Toolchains/XcodeDefault.xctoolchain/usr/lib/swift/iphoneos/prebuilt-modules/26.5/SwiftUICore.swiftmodule/arm64e-apple-ios.swiftmodule /Applications/Xcode_26.6.app/Contents/Developer/Toolchains/XcodeDefault.xctoolchain/usr/lib/swift/iphoneos/prebuilt-modules/26.5/LightweightCodeRequirements.swiftmodule/arm64e-apple-ios.swiftmodule /Applications/Xcode_26.6.app/Contents/Developer/Toolchains/XcodeDefault.xctoolchain/usr/lib/swift/iphoneos/prebuilt-modules/26.5/AVFoundation.swiftmodule/arm64e-apple-ios.swiftmodule /Applications/Xcode_26.6.app/Contents/Developer/Toolchains/XcodeDefault.xctoolchain/usr/lib/swift/iphoneos/prebuilt-modules/26.5/SwiftUI.swiftmodule/arm64e-apple-ios.swiftmodule /Applications/Xcode_26.6.app/Contents/Developer/Toolchains/XcodeDefault.xctoolchain/usr/lib/swift/iphoneos/prebuilt-modules/26.5/_StringProcessing.swiftmodule/arm64e-apple-ios.swiftmodule /Applications/Xcode_26.6.app/Contents/Developer/Toolchains/XcodeDefault.xctoolchain/usr/lib/swift/iphoneos/prebuilt-modules/26.5/CoreImage.swiftmodule/arm64e-apple-ios.swiftmodule /Applications/Xcode_26.6.app/Contents/Developer/Toolchains/XcodeDefault.xctoolchain/usr/lib/swift/iphoneos/prebuilt-modules/26.5/XPC.swiftmodule/arm64e-apple-ios.swiftmodule /Applications/Xcode_26.6.app/Contents/Developer/Toolchains/XcodeDefault.xctoolchain/usr/lib/swift/iphoneos/prebuilt-modules/26.5/UIKit.swiftmodule/arm64e-apple-ios.swiftmodule /Applications/Xcode_26.6.app/Contents/Developer/Toolchains/XcodeDefault.xctoolchain/usr/lib/swift/iphoneos/prebuilt-modules/26.5/Speech.swiftmodule/arm64e-apple-ios.swiftmodule /Applications/Xcode_26.6.app/Contents/Developer/Toolchains/XcodeDefault.xctoolchain/usr/lib/swift/iphoneos/prebuilt-modules/26.5/Foundation.swiftmodule/arm64e-apple-ios.swiftmodule /Applications/Xcode_26.6.app/Contents/Developer/Toolchains/XcodeDefault.xctoolchain/usr/lib/swift/iphoneos/prebuilt-modules/26.5/CryptoKit.swiftmodule/arm64e-apple-ios.swiftmodule /Applications/Xcode_26.6.app/Contents/Developer/Toolchains/XcodeDefault.xctoolchain/usr/lib/swift/iphoneos/prebuilt-modules/26.5/AVFAudio.swiftmodule/arm64e-apple-ios.swiftmodule /Applications/Xcode_26.6.app/Contents/Developer/Toolchains/XcodeDefault.xctoolchain/usr/lib/swift/iphoneos/prebuilt-modules/26.5/Darwin.swiftmodule/arm64e-apple-ios.swiftmodule /Applications/Xcode_26.6.app/Contents/Developer/Toolchains/XcodeDefault.xctoolchain/usr/lib/swift/iphoneos/prebuilt-modules/26.5/System.swiftmodule/arm64e-apple-ios.swiftmodule /Applications/Xcode_26.6.app/Contents/Developer/Toolchains/XcodeDefault.xctoolchain/usr/lib/swift/iphoneos/prebuilt-modules/26.5/Symbols.swiftmodule/arm64e-apple-ios.swiftmodule /Applications/Xcode_26.6.app/Contents/Developer/Toolchains/XcodeDefault.xctoolchain/usr/lib/swift/iphoneos/prebuilt-modules/26.5/CoreMedia.swiftmodule/arm64e-apple-ios.swiftmodule /Applications/Xcode_26.6.app/Contents/Developer/Toolchains/XcodeDefault.xctoolchain/usr/lib/swift/iphoneos/prebuilt-modules/26.5/Metal.swiftmodule/arm64e-apple-ios.swiftmodule /Applications/Xcode_26.6.app/Contents/Developer/Toolchains/XcodeDefault.xctoolchain/usr/lib/swift/iphoneos/prebuilt-modules/26.5/Distributed.swiftmodule/arm64e-apple-ios.swiftmodule /Applications/Xcode_26.6.app/Contents/Developer/Toolchains/XcodeDefault.xctoolchain/usr/lib/swift/iphoneos/prebuilt-modules/26.5/CoreData.swiftmodule/arm64e-apple-ios.swiftmodule /Applications/Xcode_26.6.app/Contents/Developer/Toolchains/XcodeDefault.xctoolchain/usr/lib/swift/iphoneos/prebuilt-modules/26.5/ObjectiveC.swiftmodule/arm64e-apple-ios.swiftmodule /Applications/Xcode_26.6.app/Contents/Developer/Toolchains/XcodeDefault.xctoolchain/usr/lib/swift/iphoneos/prebuilt-modules/26.5/DeveloperToolsSupport.swiftmodule/arm64e-apple-ios.swiftmodule /Applications/Xcode_26.6.app/Contents/Developer/Toolchains/XcodeDefault.xctoolchain/usr/lib/swift/iphoneos/prebuilt-modules/26.5/Dispatch.swiftmodule/arm64e-apple-ios.swiftmodule /Applications/Xcode_26.6.app/Contents/Developer/Toolchains/XcodeDefault.xctoolchain/usr/lib/swift/iphoneos/prebuilt-modules/26.5/LocalAuthentication.swiftmodule/arm64e-apple-ios.swiftmodule /Applications/Xcode_26.6.app/Contents/Developer/Toolchains/XcodeDefault.xctoolchain/usr/lib/swift/iphoneos/prebuilt-modules/26.5/CoreAudio.swiftmodule/arm64e-apple-ios.swiftmodule /Applications/Xcode_26.6.app/Contents/Developer/Toolchains/XcodeDefault.xctoolchain/usr/lib/swift/iphoneos/prebuilt-modules/26.5/CoreFoundation.swiftmodule/arm64e-apple-ios.swiftmodule /Applications/Xcode_26.6.app/Contents/Developer/Toolchains/XcodeDefault.xctoolchain/usr/lib/swift/iphoneos/prebuilt-modules/26.5/CoreTransferable.swiftmodule/arm64e-apple-ios.swiftmodule /Applications/Xcode_26.6.app/Contents/Developer/Toolchains/XcodeDefault.xctoolchain/usr/lib/swift/iphoneos/prebuilt-modules/26.5/UniformTypeIdentifiers.swiftmodule/arm64e-apple-ios.swiftmodule /Applications/Xcode_26.6.app/Contents/Developer/Toolchains/XcodeDefault.xctoolchain/usr/lib/swift/iphoneos/prebuilt-modules/26.5/CoreVideo.swiftmodule/arm64e-apple-ios.swiftmodule /Applications/Xcode_26.6.app/Contents/Developer/Toolchains/XcodeDefault.xctoolchain/usr/lib/swift/iphoneos/prebuilt-modules/26.5/PhotosUI.swiftmodule/arm64e-apple-ios.swiftmodule /Applications/Xcode_26.6.app/Contents/Developer/Toolchains/XcodeDefault.xctoolchain/usr/lib/swift/iphoneos/prebuilt-modules/26.5/Observation.swiftmodule/arm64e-apple-ios.swiftmodule /Applications/Xcode_26.6.app/Contents/Developer/Toolchains/XcodeDefault.xctoolchain/usr/lib/swift/iphoneos/prebuilt-modules/26.5/Spatial.swiftmodule/arm64e-apple-ios.swiftmodule /Applications/Xcode_26.6.app/Contents/Developer/Toolchains/XcodeDefault.xctoolchain/usr/lib/swift/iphoneos/prebuilt-modules/26.5/DataDetection.swiftmodule/arm64e-apple-ios.swiftmodule /Applications/Xcode_26.6.app/Contents/Developer/Toolchains/XcodeDefault.xctoolchain/usr/lib/swift/iphoneos/prebuilt-modules/26.5/_DarwinFoundation1.swiftmodule/arm64e-apple-ios.swiftmodule /Applications/Xcode_26.6.app/Contents/Developer/Toolchains/XcodeDefault.xctoolchain/usr/lib/swift/iphoneos/prebuilt-modules/26.5/CoreGraphics.swiftmodule/arm64e-apple-ios.swiftmodule /Applications/Xcode_26.6.app/Contents/Developer/Toolchains/XcodeDefault.xctoolchain/usr/lib/swift/iphoneos/prebuilt-modules/26.5/os.swiftmodule/arm64e-apple-ios.swiftmodule /Users/runner/work/tsutsuura/tsutsuura/build/DerivedData/ModuleCache.noindex/LocalAuthentication-465YLVD4D50665BQ6TGNC99BA.pcm /Users/runner/work/tsutsuura/tsutsuura/build/DerivedData/ModuleCache.noindex/FileProvider-BUR2IG255SFZ7N23SCB134RHM.pcm /Users/runner/work/tsutsuura/tsutsuura/build/DerivedData/ModuleCache.noindex/DeveloperToolsSupport-A6ID9U370WSPPQVAMZJE7UCS8.pcm /Users/runner/work/tsutsuura/tsutsuura/build/DerivedData/ModuleCache.noindex/CoreImage-217YJJQDA6797C3IO76JHDBU3.pcm /Users/runner/work/tsutsuura/tsutsuura/build/DerivedData/ModuleCache.noindex/CoreAudio-1I4QMUIC0TQJVACSXNCPN12NQ.pcm /Users/runner/work/tsutsuura/tsutsuura/build/DerivedData/ModuleCache.noindex/_Builtin_inttypes-M1Z0DTGQP592JRFJ6KVFHL33.pcm /Users/runner/work/tsutsuura/tsutsuura/build/DerivedData/ModuleCache.noindex/MediaToolbox-8MIT8BS729X05F8420H8IOER5.pcm /Users/runner/work/tsutsuura/tsutsuura/build/DerivedData/ModuleCache.noindex/XPC-64S6M9QUIHB3IXAPLU1DNZ1XB.pcm /Users/runner/work/tsutsuura/tsutsuura/build/DerivedData/ModuleCache.noindex/Accessibility-8EHIRD592OJM96VX01MFE4VM6.pcm /Users/runner/work/tsutsuura/tsutsuura/build/DerivedData/ModuleCache.noindex/Spatial-5S55JRKFPY3HDY5BK7Y18I5IK.pcm /Users/runner/work/tsutsuura/tsutsuura/build/DerivedData/ModuleCache.noindex/os_object-CV14DGFIFTZZO6HUYNLPBKHJW.pcm /Users/runner/work/tsutsuura/tsutsuura/build/DerivedData/ModuleCache.noindex/ObjectiveC-F3II1HAVCDWDCVD5R85K5ISGU.pcm /Users/runner/work/tsutsuura/tsutsuura/build/DerivedData/ModuleCache.noindex/_Builtin_intrinsics-8OPT49C2PL75C7TMGC8HPGLHH.pcm /Users/runner/work/tsutsuura/tsutsuura/build/DerivedData/ModuleCache.noindex/AVRouting-104ACYS53I3CYJA9GGU3O6LMX.pcm /Users/runner/work/tsutsuura/tsutsuura/build/DerivedData/ModuleCache.noindex/MachO-D0HDFA03AN5HO12RGAGI425WX.pcm /Users/runner/work/tsutsuura/tsutsuura/build/DerivedData/ModuleCache.noindex/_DarwinFoundation2-CXYI1WEII5ST510K0M6635PCI.pcm /Users/runner/work/tsutsuura/tsutsuura/build/DerivedData/ModuleCache.noindex/UIUtilities-64C0LGFGKDXA2L85NA7HSUSU0.pcm /Users/runner/work/tsutsuura/tsutsuura/build/DerivedData/ModuleCache.noindex/CFNetwork-6QNCNXN39IUZNU3T14RZ10LO9.pcm /Users/runner/work/tsutsuura/tsutsuura/build/DerivedData/ModuleCache.noindex/UniformTypeIdentifiers-5JF2EIMPQBZY9FNGMAH9RSEM9.pcm /Users/runner/work/tsutsuura/tsutsuura/build/DerivedData/ModuleCache.noindex/_DarwinFoundation3-8WGTSSAZY4TVAWFV78L62K194.pcm /Users/runner/work/tsutsuura/tsutsuura/build/DerivedData/ModuleCache.noindex/CoreLocation-CR4WW1H1MQMKQPBRS9THJU6PC.pcm /Users/runner/work/tsutsuura/tsutsuura/build/DerivedData/ModuleCache.noindex/_Builtin_float-5KPL1EABPX1EV73I2ZSAGY3BF.pcm /Users/runner/work/tsutsuura/tsutsuura/build/DerivedData/ModuleCache.noindex/os-BGR005XWUXUU65RL0F4VXK9GE.pcm /Users/runner/work/tsutsuura/tsutsuura/build/DerivedData/ModuleCache.noindex/_AvailabilityInternal-5KOYXQ6R4SUH79S96P8PCCWLD.pcm /Users/runner/work/tsutsuura/tsutsuura/build/DerivedData/ModuleCache.noindex/CoreTransferable-1MV7DL679UTMFIFXLH79N5MOA.pcm /Users/runner/work/tsutsuura/tsutsuura/build/DerivedData/ModuleCache.noindex/CoreVideo-69IAWASJ1LPUGKOTYN2MT11JD.pcm /Users/runner/work/tsutsuura/tsutsuura/build/DerivedData/ModuleCache.noindex/dnssd-EKQUQPRBJWA36YVRXIAUED5AK.pcm /Users/runner/work/tsutsuura/tsutsuura/build/DerivedData/ModuleCache.noindex/SwiftUI-EDZJ50SCT7WUTIL7BLYZ2ZBF8.pcm /Users/runner/work/tsutsuura/tsutsuura/build/DerivedData/ModuleCache.noindex/AVFAudio-6TJHCOJMAGEG5N1NSU0122F4A.pcm /Users/runner/work/tsutsuura/tsutsuura/build/DerivedData/ModuleCache.noindex/DataDetection-DX3YVKZR9HLGG3MR75WXSW6QV.pcm /Users/runner/work/tsutsuura/tsutsuura/build/DerivedData/ModuleCache.noindex/PhotosUI-F48X6QJB04AYJL68H4NB7Z01R.pcm /Users/runner/work/tsutsuura/tsutsuura/build/DerivedData/ModuleCache.noindex/_LocationEssentials-8XXN4XWRQ4D0EN20ILMQXE7YW.pcm /Users/runner/work/tsutsuura/tsutsuura/build/DerivedData/ModuleCache.noindex/IOSurface-6RN4UT6LFYKA5ZSGIVN512BG5.pcm /Users/runner/work/tsutsuura/tsutsuura/build/DerivedData/ModuleCache.noindex/Symbols-66W77XFJNRPPAJA6APBTLTJSM.pcm /Users/runner/work/tsutsuura/tsutsuura/build/DerivedData/ModuleCache.noindex/_Builtin_stdarg-9RBPHL74RDGAMT79BO1J0SDOU.pcm /Users/runner/work/tsutsuura/tsutsuura/build/DerivedData/ModuleCache.noindex/SwiftUICore-1G691C8IQSJN7D7PQ1N548S5U.pcm /Users/runner/work/tsutsuura/tsutsuura/build/DerivedData/ModuleCache.noindex/QuartzCore-98IWDIYUFNJIYO1B3ER17LHWJ.pcm /Users/runner/work/tsutsuura/tsutsuura/build/DerivedData/ModuleCache.noindex/OpenGLES-79XGMA6P90MNGL4V5M825CYSU.pcm /Users/runner/work/tsutsuura/tsutsuura/build/DerivedData/ModuleCache.noindex/Speech-DNFN4EUTN8XEI0ODVYUIW1Y81.pcm /Users/runner/work/tsutsuura/tsutsuura/build/DerivedData/ModuleCache.noindex/SwiftShims-D10DEVO7K1W4YGAZMG5WNSKDK.pcm /Users/runner/work/tsutsuura/tsutsuura/build/DerivedData/ModuleCache.noindex/OSLog-528KPLQB113ITTUJKK6JUMLR2.pcm /Users/runner/work/tsutsuura/tsutsuura/build/DerivedData/ModuleCache.noindex/AVFoundation-6AACTPW869K853KUGFS94Y5AB.pcm /Users/runner/work/tsutsuura/tsutsuura/build/DerivedData/ModuleCache.noindex/Darwin-AEHBQS1DKKTY7SZOOHHFZJP3Z.pcm /Users/runner/work/tsutsuura/tsutsuura/build/DerivedData/ModuleCache.noindex/CoreMedia-99KTD430WBWPOPTP03JSKZDLW.pcm /Users/runner/work/tsutsuura/tsutsuura/build/DerivedData/ModuleCache.noindex/Security-8DPCW03ULTR83IDA2Z4K2SPJD.pcm /Users/runner/work/tsutsuura/tsutsuura/build/DerivedData/ModuleCache.noindex/Metal-F1LMQ3G6LR0X0G2MOD1FSVOZ0.pcm /Users/runner/work/tsutsuura/tsutsuura/build/DerivedData/ModuleCache.noindex/ptrcheck-AKGLEQ82LZTIIVR7Q9DO0U5YD.pcm /Users/runner/work/tsutsuura/tsutsuura/build/DerivedData/ModuleCache.noindex/ExtensionFoundation-32JIZHPAE46L7FBFO7WNVK97M.pcm /Users/runner/work/tsutsuura/tsutsuura/build/DerivedData/ModuleCache.noindex/CoreMIDI-BJ2T6XPPPNVRMAE87IFD7PZMQ.pcm /Users/runner/work/tsutsuura/tsutsuura/build/DerivedData/ModuleCache.noindex/ImageIO-BDEAHKJYKRSXHR2YWX6NCKKNV.pcm /Users/runner/work/tsutsuura/tsutsuura/build/DerivedData/ModuleCache.noindex/CoreData-3SY2MIK6XJZYX6XZ8FYK40O72.pcm /Users/runner/work/tsutsuura/tsutsuura/build/DerivedData/ModuleCache.noindex/_Builtin_stdbool-BXWJSFPZOGGIMVCKTEFU34HXC.pcm /Users/runner/work/tsutsuura/tsutsuura/build/DerivedData/ModuleCache.noindex/_Builtin_stdint-2O9SEFN9MGU2WY9MR9ZC1AN2R.pcm /Users/runner/work/tsutsuura/tsutsuura/build/DerivedData/ModuleCache.noindex/simd-AO8I82RLMO1HN8KE7T45VTJCQ.pcm /Users/runner/work/tsutsuura/tsutsuura/build/DerivedData/ModuleCache.noindex/CoreGraphics-CVNDPDMYF19QU85EPH0ASB9ZI.pcm /Users/runner/work/tsutsuura/tsutsuura/build/DerivedData/ModuleCache.noindex/UIKit-F2M4OBXD0G4WXO8IIT1MPX3CB.pcm /Users/runner/work/tsutsuura/tsutsuura/build/DerivedData/ModuleCache.noindex/ptrauth-F6F4CT23W9OGCV594XP26CNI.pcm /Users/runner/work/tsutsuura/tsutsuura/build/DerivedData/ModuleCache.noindex/UserNotifications-46BCYG34A084O2EVO4LBL8OGY.pcm /Users/runner/work/tsutsuura/tsutsuura/build/DerivedData/ModuleCache.noindex/_DarwinFoundation1-B7ZJAGSGP1ZB60EW0OGYWVCVH.pcm /Users/runner/work/tsutsuura/tsutsuura/build/DerivedData/ModuleCache.noindex/_Builtin_limits-3NEFI5M5Q2VL5XWHYADO5TBYC.pcm /Users/runner/work/tsutsuura/tsutsuura/build/DerivedData/ModuleCache.noindex/CoreAudioTypes-F1CBWQSFGZHM4VLWBS6BNI1PX.pcm /Users/runner/work/tsutsuura/tsutsuura/build/DerivedData/ModuleCache.noindex/CoreFoundation-XY7G1VNVFOL3O0YI05IA3CL5.pcm /Users/runner/work/tsutsuura/tsutsuura/build/DerivedData/ModuleCache.noindex/Network-B3F9RTTP1YBPKRNTEINT17M3Y.pcm /Users/runner/work/tsutsuura/tsutsuura/build/DerivedData/ModuleCache.noindex/_Builtin_stdatomic-BSUNJSHOEGG04Z3RNE3EVU7T2.pcm /Users/runner/work/tsutsuura/tsutsuura/build/DerivedData/ModuleCache.noindex/Photos-96NSEY4WTVD6WNZMFD1G6PJNR.pcm /Users/runner/work/tsutsuura/tsutsuura/build/DerivedData/ModuleCache.noindex/CoreText-1LND1V6XNO7C7IYA9TEEJ6C43.pcm /Users/runner/work/tsutsuura/tsutsuura/build/DerivedData/ModuleCache.noindex/AudioToolbox-2NPLI0X55NLZ43FDKVCPQ0VG3.pcm /Users/runner/work/tsutsuura/tsutsuura/build/DerivedData/ModuleCache.noindex/_Builtin_tgmath-60PGWVX3F9UI11LZEK27ORRQE.pcm /Users/runner/work/tsutsuura/tsutsuura/build/DerivedData/ModuleCache.noindex/sys_types-VIGPSGGYXVG7254S37KPCDDS.pcm /Users/runner/work/tsutsuura/tsutsuura/build/DerivedData/ModuleCache.noindex/_Builtin_stddef-6DFFSOSCWQLV9CPOO5ZNWHNOI.pcm /Users/runner/work/tsutsuura/tsutsuura/build/DerivedData/ModuleCache.noindex/CoreHaptics-8S7A9E1JUZNBAWVICM0PXG14M.pcm /Users/runner/work/tsutsuura/tsutsuura/build/DerivedData/ModuleCache.noindex/Foundation-DKM4VJOZCCILV2QVKP7AG4AOJ.pcm /Users/runner/work/tsutsuura/tsutsuura/build/DerivedData/ModuleCache.noindex/os_workgroup-AWYRKZCIAJRFUPLN5Q3XFOZ6V.pcm /Users/runner/work/tsutsuura/tsutsuura/build/DerivedData/ModuleCache.noindex/Dispatch-1F3O15F1MC20RHXZ3V2K0AHBR.pcm /Users/runner/work/tsutsuura/tsutsuura/build/DerivedData/ModuleCache.noindex/_SwiftConcurrencyShims-7BRTFU5C9AXWNTXY58VKJDFS5.pcm /Users/runner/work/tsutsuura/tsutsuura/build/DerivedData/Build/Intermediates.noindex/ArchiveIntermediates/tsutsuura/IntermediateBuildFilesPath/tsutsuura.build/Release-iphoneos/tsutsuura.build/Objects-normal/arm64/tsutsuura-dependencies-1.json (in target 'tsutsuura' from project 'tsutsuura')
CompileSwift normal arm64 (in target 'tsutsuura' from project 'tsutsuura')
    cd /Users/runner/work/tsutsuura/tsutsuura/tsutsuura
    

LinkAssetCatalog /Users/runner/work/tsutsuura/tsutsuura/tsutsuura/tsutsuura/Assets.xcassets (in target 'tsutsuura' from project 'tsutsuura')
    cd /Users/runner/work/tsutsuura/tsutsuura/tsutsuura
    builtin-linkAssetCatalog --thinned /Users/runner/work/tsutsuura/tsutsuura/build/DerivedData/Build/Intermediates.noindex/ArchiveIntermediates/tsutsuura/IntermediateBuildFilesPath/tsutsuura.build/Release-iphoneos/tsutsuura.build/assetcatalog_output/thinned --thinned-dependencies /Users/runner/work/tsutsuura/tsutsuura/build/DerivedData/Build/Intermediates.noindex/ArchiveIntermediates/tsutsuura/IntermediateBuildFilesPath/tsutsuura.build/Release-iphoneos/tsutsuura.build/assetcatalog_dependencies_thinned --thinned-info-plist-content /Users/runner/work/tsutsuura/tsutsuura/build/DerivedData/Build/Intermediates.noindex/ArchiveIntermediates/tsutsuura/IntermediateBuildFilesPath/tsutsuura.build/Release-iphoneos/tsutsuura.build/assetcatalog_generated_info.plist_thinned --unthinned /Users/runner/work/tsutsuura/tsutsuura/build/DerivedData/Build/Intermediates.noindex/ArchiveIntermediates/tsutsuura/IntermediateBuildFilesPath/tsutsuura.build/Release-iphoneos/tsutsuura.build/assetcatalog_output/unthinned --unthinned-dependencies /Users/runner/work/tsutsuura/tsutsuura/build/DerivedData/Build/Intermediates.noindex/ArchiveIntermediates/tsutsuura/IntermediateBuildFilesPath/tsutsuura.build/Release-iphoneos/tsutsuura.build/assetcatalog_dependencies_unthinned --unthinned-info-plist-content /Users/runner/work/tsutsuura/tsutsuura/build/DerivedData/Build/Intermediates.noindex/ArchiveIntermediates/tsutsuura/IntermediateBuildFilesPath/tsutsuura.build/Release-iphoneos/tsutsuura.build/assetcatalog_generated_info.plist_unthinned --output /Users/runner/work/tsutsuura/tsutsuura/build/DerivedData/Build/Intermediates.noindex/ArchiveIntermediates/tsutsuura/InstallationBuildProductsLocation/Applications/tsutsuura.app --plist-output /Users/runner/work/tsutsuura/tsutsuura/build/DerivedData/Build/Intermediates.noindex/ArchiveIntermediates/tsutsuura/IntermediateBuildFilesPath/tsutsuura.build/Release-iphoneos/tsutsuura.build/assetcatalog_generated_info.plist
note: Emplaced /Users/runner/work/tsutsuura/tsutsuura/build/DerivedData/Build/Intermediates.noindex/ArchiveIntermediates/tsutsuura/InstallationBuildProductsLocation/Applications/tsutsuura.app/AppIcon76x76@2x~ipad.png (in target 'tsutsuura' from project 'tsutsuura')
note: Emplaced /Users/runner/work/tsutsuura/tsutsuura/build/DerivedData/Build/Intermediates.noindex/ArchiveIntermediates/tsutsuura/InstallationBuildProductsLocation/Applications/tsutsuura.app/Assets.car (in target 'tsutsuura' from project 'tsutsuura')
note: Emplaced /Users/runner/work/tsutsuura/tsutsuura/build/DerivedData/Build/Intermediates.noindex/ArchiveIntermediates/tsutsuura/InstallationBuildProductsLocation/Applications/tsutsuura.app/AppIcon60x60@2x.png (in target 'tsutsuura' from project 'tsutsuura')

ProcessInfoPlistFile /Users/runner/work/tsutsuura/tsutsuura/build/DerivedData/Build/Intermediates.noindex/ArchiveIntermediates/tsutsuura/InstallationBuildProductsLocation/Applications/tsutsuura.app/Info.plist /Users/runner/work/tsutsuura/tsutsuura/tsutsuura/tsutsuura/Info.plist (in target 'tsutsuura' from project 'tsutsuura')
    cd /Users/runner/work/tsutsuura/tsutsuura/tsutsuura
    builtin-infoPlistUtility /Users/runner/work/tsutsuura/tsutsuura/tsutsuura/tsutsuura/Info.plist -producttype com.apple.product-type.application -genpkginfo /Users/runner/work/tsutsuura/tsutsuura/build/DerivedData/Build/Intermediates.noindex/ArchiveIntermediates/tsutsuura/InstallationBuildProductsLocation/Applications/tsutsuura.app/PkgInfo -expandbuildsettings -format binary -platform iphoneos -additionalcontentfile /Users/runner/work/tsutsuura/tsutsuura/build/DerivedData/Build/Intermediates.noindex/ArchiveIntermediates/tsutsuura/IntermediateBuildFilesPath/tsutsuura.build/Release-iphoneos/tsutsuura.build/assetcatalog_generated_info.plist -requiredArchitecture arm64 -o /Users/runner/work/tsutsuura/tsutsuura/build/DerivedData/Build/Intermediates.noindex/ArchiveIntermediates/tsutsuura/InstallationBuildProductsLocation/Applications/tsutsuura.app/Info.plist

SwiftDriverJobDiscovery normal arm64 Compiling AnswerMediaViews.swift, APIClient.swift, APIConfiguration.swift, AppHaptics.swift, AppInteractionServices.swift, AppModels.swift, AppStore.swift, BackSwipeNavigation.swift, ContentView.swift, DemoAppAPI.swift, DeviceTimeZoneSynchronizer.swift, EmailAuthenticationScreens.swift, FamilySetupScreens.swift, HomeAutoRefresh.swift, HomeBannerPullToReveal.swift, LifecycleScreens.swift, PersonalMarkEditor.swift, PersonalMarkRequirement.swift, PhotoDismissGestureState.swift, PushNotifications.swift, PushRegistrationCoordinator.swift, QuestionSchedulePresentation.swift, SpeechTranscriber.swift, TokenStorage.swift, tsutsuuraApp.swift, TsutsuuraDesignSystem.swift, TsutsuuraScreens.swift, GeneratedAssetSymbols.swift (in target 'tsutsuura' from project 'tsutsuura')

SwiftDriver\ Compilation\ Requirements tsutsuura normal arm64 com.apple.xcode.tools.swift.compiler (in target 'tsutsuura' from project 'tsutsuura')
    cd /Users/runner/work/tsutsuura/tsutsuura/tsutsuura
    builtin-Swift-Compilation-Requirements -- /Applications/Xcode_26.6.app/Contents/Developer/Toolchains/XcodeDefault.xctoolchain/usr/bin/swiftc -module-name tsutsuura -O -whole-module-optimization @/Users/runner/work/tsutsuura/tsutsuura/build/DerivedData/Build/Intermediates.noindex/ArchiveIntermediates/tsutsuura/IntermediateBuildFilesPath/tsutsuura.build/Release-iphoneos/tsutsuura.build/Objects-normal/arm64/tsutsuura.SwiftFileList -enable-bare-slash-regex -enable-upcoming-feature DisableOutwardActorInference -enable-upcoming-feature InferSendableFromCaptures -enable-upcoming-feature GlobalActorIsolatedTypesUsability -enable-upcoming-feature MemberImportVisibility -enable-upcoming-feature InferIsolatedConformances -enable-upcoming-feature NonisolatedNonsendingByDefault -enable-experimental-feature DebugDescriptionMacro -sdk /Applications/Xcode_26.6.app/Contents/Developer/Platforms/iPhoneOS.platform/Developer/SDKs/iPhoneOS26.5.sdk -target arm64-apple-ios26.2 -g -module-cache-path /Users/runner/work/tsutsuura/tsutsuura/build/DerivedData/ModuleCache.noindex -Xfrontend -serialize-debugging-options -swift-version 5 -I /Users/runner/work/tsutsuura/tsutsuura/build/DerivedData/Build/Intermediates.noindex/ArchiveIntermediates/tsutsuura/BuildProductsPath/Release-iphoneos -F /Users/runner/work/tsutsuura/tsutsuura/build/DerivedData/Build/Intermediates.noindex/ArchiveIntermediates/tsutsuura/BuildProductsPath/Release-iphoneos -emit-localized-strings -emit-localized-strings-path /Users/runner/work/tsutsuura/tsutsuura/build/DerivedData/Build/Intermediates.noindex/ArchiveIntermediates/tsutsuura/IntermediateBuildFilesPath/tsutsuura.build/Release-iphoneos/tsutsuura.build/Objects-normal/arm64 -c -num-threads 3 -Xcc -ivfsstatcache -Xcc /Users/runner/work/tsutsuura/tsutsuura/build/DerivedData/SDKStatCaches.noindex/iphoneos26.5-23F81a-688ef53f1462e2c8f657fdc38a81448fee66e23052a0157c865c76b268046726.sdkstatcache -output-file-map /Users/runner/work/tsutsuura/tsutsuura/build/DerivedData/Build/Intermediates.noindex/ArchiveIntermediates/tsutsuura/IntermediateBuildFilesPath/tsutsuura.build/Release-iphoneos/tsutsuura.build/Objects-normal/arm64/tsutsuura-OutputFileMap.json -use-frontend-parseable-output -save-temps -no-color-diagnostics -explicit-module-build -module-cache-path /Users/runner/work/tsutsuura/tsutsuura/build/DerivedData/Build/Intermediates.noindex/ArchiveIntermediates/tsutsuura/IntermediateBuildFilesPath/SwiftExplicitPrecompiledModules -clang-scanner-module-cache-path /Users/runner/work/tsutsuura/tsutsuura/build/DerivedData/ModuleCache.noindex -sdk-module-cache-path /Users/runner/work/tsutsuura/tsutsuura/build/DerivedData/ModuleCache.noindex -serialize-diagnostics -emit-dependencies -emit-module -emit-module-path /Users/runner/work/tsutsuura/tsutsuura/build/DerivedData/Build/Intermediates.noindex/ArchiveIntermediates/tsutsuura/IntermediateBuildFilesPath/tsutsuura.build/Release-iphoneos/tsutsuura.build/Objects-normal/arm64/tsutsuura.swiftmodule -validate-clang-modules-once -clang-build-session-file /Users/runner/work/tsutsuura/tsutsuura/build/DerivedData/ModuleCache.noindex/Session.modulevalidation -Xcc -I/Users/runner/work/tsutsuura/tsutsuura/build/DerivedData/Build/Intermediates.noindex/ArchiveIntermediates/tsutsuura/IntermediateBuildFilesPath/tsutsuura.build/Release-iphoneos/tsutsuura.build/swift-overrides.hmap -emit-const-values -Xfrontend -const-gather-protocols-file -Xfrontend /Users/runner/work/tsutsuura/tsutsuura/build/DerivedData/Build/Intermediates.noindex/ArchiveIntermediates/tsutsuura/IntermediateBuildFilesPath/tsutsuura.build/Release-iphoneos/tsutsuura.build/Objects-normal/arm64/tsutsuura_const_extract_protocols.json -Xcc -iquote -Xcc /Users/runner/work/tsutsuura/tsutsuura/build/DerivedData/Build/Intermediates.noindex/ArchiveIntermediates/tsutsuura/IntermediateBuildFilesPath/tsutsuura.build/Release-iphoneos/tsutsuura.build/tsutsuura-generated-files.hmap -Xcc -I/Users/runner/work/tsutsuura/tsutsuura/build/DerivedData/Build/Intermediates.noindex/ArchiveIntermediates/tsutsuura/IntermediateBuildFilesPath/tsutsuura.build/Release-iphoneos/tsutsuura.build/tsutsuura-own-target-headers.hmap -Xcc -I/Users/runner/work/tsutsuura/tsutsuura/build/DerivedData/Build/Intermediates.noindex/ArchiveIntermediates/tsutsuura/IntermediateBuildFilesPath/tsutsuura.build/Release-iphoneos/tsutsuura.build/tsutsuura-all-target-headers.hmap -Xcc -iquote -Xcc /Users/runner/work/tsutsuura/tsutsuura/build/DerivedData/Build/Intermediates.noindex/ArchiveIntermediates/tsutsuura/IntermediateBuildFilesPath/tsutsuura.build/Release-iphoneos/tsutsuura.build/tsutsuura-project-headers.hmap -Xcc -I/Users/runner/work/tsutsuura/tsutsuura/build/DerivedData/Build/Intermediates.noindex/ArchiveIntermediates/tsutsuura/BuildProductsPath/Release-iphoneos/include -Xcc -I/Users/runner/work/tsutsuura/tsutsuura/build/DerivedData/Build/Intermediates.noindex/ArchiveIntermediates/tsutsuura/IntermediateBuildFilesPath/tsutsuura.build/Release-iphoneos/tsutsuura.build/DerivedSources-normal/arm64 -Xcc -I/Users/runner/work/tsutsuura/tsutsuura/build/DerivedData/Build/Intermediates.noindex/ArchiveIntermediates/tsutsuura/IntermediateBuildFilesPath/tsutsuura.build/Release-iphoneos/tsutsuura.build/DerivedSources/arm64 -Xcc -I/Users/runner/work/tsutsuura/tsutsuura/build/DerivedData/Build/Intermediates.noindex/ArchiveIntermediates/tsutsuura/IntermediateBuildFilesPath/tsutsuura.build/Release-iphoneos/tsutsuura.build/DerivedSources -emit-objc-header -emit-objc-header-path /Users/runner/work/tsutsuura/tsutsuura/build/DerivedData/Build/Intermediates.noindex/ArchiveIntermediates/tsutsuura/IntermediateBuildFilesPath/tsutsuura.build/Release-iphoneos/tsutsuura.build/Objects-normal/arm64/tsutsuura-Swift.h -working-directory /Users/runner/work/tsutsuura/tsutsuura/tsutsuura -no-emit-module-separately-wmo

SwiftMergeGeneratedHeaders /Users/runner/work/tsutsuura/tsutsuura/build/DerivedData/Build/Intermediates.noindex/ArchiveIntermediates/tsutsuura/IntermediateBuildFilesPath/tsutsuura.build/Release-iphoneos/tsutsuura.build/DerivedSources/tsutsuura-Swift.h /Users/runner/work/tsutsuura/tsutsuura/build/DerivedData/Build/Intermediates.noindex/ArchiveIntermediates/tsutsuura/IntermediateBuildFilesPath/tsutsuura.build/Release-iphoneos/tsutsuura.build/Objects-normal/arm64/tsutsuura-Swift.h (in target 'tsutsuura' from project 'tsutsuura')
    cd /Users/runner/work/tsutsuura/tsutsuura/tsutsuura
    builtin-swiftHeaderTool -arch arm64 /Users/runner/work/tsutsuura/tsutsuura/build/DerivedData/Build/Intermediates.noindex/ArchiveIntermediates/tsutsuura/IntermediateBuildFilesPath/tsutsuura.build/Release-iphoneos/tsutsuura.build/Objects-normal/arm64/tsutsuura-Swift.h -o /Users/runner/work/tsutsuura/tsutsuura/build/DerivedData/Build/Intermediates.noindex/ArchiveIntermediates/tsutsuura/IntermediateBuildFilesPath/tsutsuura.build/Release-iphoneos/tsutsuura.build/DerivedSources/tsutsuura-Swift.h

Copy /Users/runner/work/tsutsuura/tsutsuura/build/DerivedData/Build/Intermediates.noindex/ArchiveIntermediates/tsutsuura/BuildProductsPath/Release-iphoneos/tsutsuura.swiftmodule/arm64-apple-ios.swiftmodule /Users/runner/work/tsutsuura/tsutsuura/build/DerivedData/Build/Intermediates.noindex/ArchiveIntermediates/tsutsuura/IntermediateBuildFilesPath/tsutsuura.build/Release-iphoneos/tsutsuura.build/Objects-normal/arm64/tsutsuura.swiftmodule (in target 'tsutsuura' from project 'tsutsuura')
    cd /Users/runner/work/tsutsuura/tsutsuura/tsutsuura
    builtin-copy -exclude .DS_Store -exclude CVS -exclude .svn -exclude .git -exclude .hg -resolve-src-symlinks -rename /Users/runner/work/tsutsuura/tsutsuura/build/DerivedData/Build/Intermediates.noindex/ArchiveIntermediates/tsutsuura/IntermediateBuildFilesPath/tsutsuura.build/Release-iphoneos/tsutsuura.build/Objects-normal/arm64/tsutsuura.swiftmodule /Users/runner/work/tsutsuura/tsutsuura/build/DerivedData/Build/Intermediates.noindex/ArchiveIntermediates/tsutsuura/BuildProductsPath/Release-iphoneos/tsutsuura.swiftmodule/arm64-apple-ios.swiftmodule

Copy /Users/runner/work/tsutsuura/tsutsuura/build/DerivedData/Build/Intermediates.noindex/ArchiveIntermediates/tsutsuura/BuildProductsPath/Release-iphoneos/tsutsuura.swiftmodule/arm64-apple-ios.swiftdoc /Users/runner/work/tsutsuura/tsutsuura/build/DerivedData/Build/Intermediates.noindex/ArchiveIntermediates/tsutsuura/IntermediateBuildFilesPath/tsutsuura.build/Release-iphoneos/tsutsuura.build/Objects-normal/arm64/tsutsuura.swiftdoc (in target 'tsutsuura' from project 'tsutsuura')
    cd /Users/runner/work/tsutsuura/tsutsuura/tsutsuura
    builtin-copy -exclude .DS_Store -exclude CVS -exclude .svn -exclude .git -exclude .hg -resolve-src-symlinks -rename /Users/runner/work/tsutsuura/tsutsuura/build/DerivedData/Build/Intermediates.noindex/ArchiveIntermediates/tsutsuura/IntermediateBuildFilesPath/tsutsuura.build/Release-iphoneos/tsutsuura.build/Objects-normal/arm64/tsutsuura.swiftdoc /Users/runner/work/tsutsuura/tsutsuura/build/DerivedData/Build/Intermediates.noindex/ArchiveIntermediates/tsutsuura/BuildProductsPath/Release-iphoneos/tsutsuura.swiftmodule/arm64-apple-ios.swiftdoc

Copy /Users/runner/work/tsutsuura/tsutsuura/build/DerivedData/Build/Intermediates.noindex/ArchiveIntermediates/tsutsuura/BuildProductsPath/Release-iphoneos/tsutsuura.swiftmodule/arm64-apple-ios.abi.json /Users/runner/work/tsutsuura/tsutsuura/build/DerivedData/Build/Intermediates.noindex/ArchiveIntermediates/tsutsuura/IntermediateBuildFilesPath/tsutsuura.build/Release-iphoneos/tsutsuura.build/Objects-normal/arm64/tsutsuura.abi.json (in target 'tsutsuura' from project 'tsutsuura')
    cd /Users/runner/work/tsutsuura/tsutsuura/tsutsuura
    builtin-copy -exclude .DS_Store -exclude CVS -exclude .svn -exclude .git -exclude .hg -resolve-src-symlinks -rename /Users/runner/work/tsutsuura/tsutsuura/build/DerivedData/Build/Intermediates.noindex/ArchiveIntermediates/tsutsuura/IntermediateBuildFilesPath/tsutsuura.build/Release-iphoneos/tsutsuura.build/Objects-normal/arm64/tsutsuura.abi.json /Users/runner/work/tsutsuura/tsutsuura/build/DerivedData/Build/Intermediates.noindex/ArchiveIntermediates/tsutsuura/BuildProductsPath/Release-iphoneos/tsutsuura.swiftmodule/arm64-apple-ios.abi.json

Ld /Users/runner/work/tsutsuura/tsutsuura/build/DerivedData/Build/Intermediates.noindex/ArchiveIntermediates/tsutsuura/InstallationBuildProductsLocation/Applications/tsutsuura.app/tsutsuura normal (in target 'tsutsuura' from project 'tsutsuura')
    cd /Users/runner/work/tsutsuura/tsutsuura/tsutsuura
    /Applications/Xcode_26.6.app/Contents/Developer/Toolchains/XcodeDefault.xctoolchain/usr/bin/clang -Xlinker -reproducible -target arm64-apple-ios26.2 -isysroot /Applications/Xcode_26.6.app/Contents/Developer/Platforms/iPhoneOS.platform/Developer/SDKs/iPhoneOS26.5.sdk -Os -L/Users/runner/work/tsutsuura/tsutsuura/build/DerivedData/Build/Intermediates.noindex/ArchiveIntermediates/tsutsuura/IntermediateBuildFilesPath/EagerLinkingTBDs/Release-iphoneos -L/Users/runner/work/tsutsuura/tsutsuura/build/DerivedData/Build/Intermediates.noindex/ArchiveIntermediates/tsutsuura/BuildProductsPath/Release-iphoneos -F/Users/runner/work/tsutsuura/tsutsuura/build/DerivedData/Build/Intermediates.noindex/ArchiveIntermediates/tsutsuura/IntermediateBuildFilesPath/EagerLinkingTBDs/Release-iphoneos -F/Users/runner/work/tsutsuura/tsutsuura/build/DerivedData/Build/Intermediates.noindex/ArchiveIntermediates/tsutsuura/BuildProductsPath/Release-iphoneos -filelist /Users/runner/work/tsutsuura/tsutsuura/build/DerivedData/Build/Intermediates.noindex/ArchiveIntermediates/tsutsuura/IntermediateBuildFilesPath/tsutsuura.build/Release-iphoneos/tsutsuura.build/Objects-normal/arm64/tsutsuura.LinkFileList -Xlinker -rpath -Xlinker @executable_path/Frameworks -Xlinker -dead_strip -Xlinker -object_path_lto -Xlinker /Users/runner/work/tsutsuura/tsutsuura/build/DerivedData/Build/Intermediates.noindex/ArchiveIntermediates/tsutsuura/IntermediateBuildFilesPath/tsutsuura.build/Release-iphoneos/tsutsuura.build/Objects-normal/arm64/tsutsuura_lto.o -Xlinker -final_output -Xlinker /Applications/tsutsuura.app/tsutsuura -Xlinker -dependency_info -Xlinker /Users/runner/work/tsutsuura/tsutsuura/build/DerivedData/Build/Intermediates.noindex/ArchiveIntermediates/tsutsuura/IntermediateBuildFilesPath/tsutsuura.build/Release-iphoneos/tsutsuura.build/Objects-normal/arm64/tsutsuura_dependency_info.dat -fobjc-link-runtime -L/Applications/Xcode_26.6.app/Contents/Developer/Toolchains/XcodeDefault.xctoolchain/usr/lib/swift/iphoneos -L/usr/lib/swift -Xlinker -add_ast_path -Xlinker /Users/runner/work/tsutsuura/tsutsuura/build/DerivedData/Build/Intermediates.noindex/ArchiveIntermediates/tsutsuura/IntermediateBuildFilesPath/tsutsuura.build/Release-iphoneos/tsutsuura.build/Objects-normal/arm64/tsutsuura.swiftmodule @/Users/runner/work/tsutsuura/tsutsuura/build/DerivedData/Build/Intermediates.noindex/ArchiveIntermediates/tsutsuura/IntermediateBuildFilesPath/tsutsuura.build/Release-iphoneos/tsutsuura.build/Objects-normal/arm64/tsutsuura-linker-args.resp -o /Users/runner/work/tsutsuura/tsutsuura/build/DerivedData/Build/Intermediates.noindex/ArchiveIntermediates/tsutsuura/InstallationBuildProductsLocation/Applications/tsutsuura.app/tsutsuura

CopySwiftLibs /Users/runner/work/tsutsuura/tsutsuura/build/DerivedData/Build/Intermediates.noindex/ArchiveIntermediates/tsutsuura/InstallationBuildProductsLocation/Applications/tsutsuura.app (in target 'tsutsuura' from project 'tsutsuura')
    cd /Users/runner/work/tsutsuura/tsutsuura/tsutsuura
    builtin-swiftStdLibTool --copy --verbose --scan-executable /Users/runner/work/tsutsuura/tsutsuura/build/DerivedData/Build/Intermediates.noindex/ArchiveIntermediates/tsutsuura/InstallationBuildProductsLocation/Applications/tsutsuura.app/tsutsuura --scan-folder /Users/runner/work/tsutsuura/tsutsuura/build/DerivedData/Build/Intermediates.noindex/ArchiveIntermediates/tsutsuura/InstallationBuildProductsLocation/Applications/tsutsuura.app/Frameworks --scan-folder /Users/runner/work/tsutsuura/tsutsuura/build/DerivedData/Build/Intermediates.noindex/ArchiveIntermediates/tsutsuura/InstallationBuildProductsLocation/Applications/tsutsuura.app/PlugIns --scan-folder /Users/runner/work/tsutsuura/tsutsuura/build/DerivedData/Build/Intermediates.noindex/ArchiveIntermediates/tsutsuura/InstallationBuildProductsLocation/Applications/tsutsuura.app/SystemExtensions --scan-folder /Users/runner/work/tsutsuura/tsutsuura/build/DerivedData/Build/Intermediates.noindex/ArchiveIntermediates/tsutsuura/InstallationBuildProductsLocation/Applications/tsutsuura.app/Extensions --platform iphoneos --toolchain /var/run/com.apple.security.cryptexd/mnt/com.apple.MobileAsset.MetalToolchain-v17.6.109.0.oHPmRH/Metal.xctoolchain --toolchain /Applications/Xcode_26.6.app/Contents/Developer/Toolchains/XcodeDefault.xctoolchain --destination /Users/runner/work/tsutsuura/tsutsuura/build/DerivedData/Build/Intermediates.noindex/ArchiveIntermediates/tsutsuura/InstallationBuildProductsLocation/Applications/tsutsuura.app/Frameworks --unsigned-destination /Users/runner/work/tsutsuura/tsutsuura/build/DerivedData/Build/Intermediates.noindex/ArchiveIntermediates/tsutsuura/BuildProductsPath/SwiftSupport --strip-bitcode --strip-bitcode-tool /Applications/Xcode_26.6.app/Contents/Developer/Toolchains/XcodeDefault.xctoolchain/usr/bin/bitcode_strip --emit-dependency-info /Users/runner/work/tsutsuura/tsutsuura/build/DerivedData/Build/Intermediates.noindex/ArchiveIntermediates/tsutsuura/IntermediateBuildFilesPath/tsutsuura.build/Release-iphoneos/tsutsuura.build/SwiftStdLibToolInputDependencies.dep --filter-for-swift-os
Ignoring --strip-bitcode because --sign was not passed

ExtractAppIntentsMetadata (in target 'tsutsuura' from project 'tsutsuura')
    cd /Users/runner/work/tsutsuura/tsutsuura/tsutsuura
    /Applications/Xcode_26.6.app/Contents/Developer/Toolchains/XcodeDefault.xctoolchain/usr/bin/appintentsmetadataprocessor --toolchain-dir /var/run/com.apple.security.cryptexd/mnt/com.apple.MobileAsset.MetalToolchain-v17.6.109.0.oHPmRH/Metal.xctoolchain --module-name tsutsuura --sdk-root /Applications/Xcode_26.6.app/Contents/Developer/Platforms/iPhoneOS.platform/Developer/SDKs/iPhoneOS26.5.sdk --xcode-version 17F113 --platform-family iOS --deployment-target 26.2 --bundle-identifier toshizo.link.tsutsuura --output /Users/runner/work/tsutsuura/tsutsuura/build/DerivedData/Build/Intermediates.noindex/ArchiveIntermediates/tsutsuura/InstallationBuildProductsLocation/Applications/tsutsuura.app --target-triple arm64-apple-ios26.2 --binary-file /Users/runner/work/tsutsuura/tsutsuura/build/DerivedData/Build/Intermediates.noindex/ArchiveIntermediates/tsutsuura/InstallationBuildProductsLocation/Applications/tsutsuura.app/tsutsuura --dependency-file /Users/runner/work/tsutsuura/tsutsuura/build/DerivedData/Build/Intermediates.noindex/ArchiveIntermediates/tsutsuura/IntermediateBuildFilesPath/tsutsuura.build/Release-iphoneos/tsutsuura.build/Objects-normal/arm64/tsutsuura_dependency_info.dat --stringsdata-file /Users/runner/work/tsutsuura/tsutsuura/build/DerivedData/Build/Intermediates.noindex/ArchiveIntermediates/tsutsuura/IntermediateBuildFilesPath/tsutsuura.build/Release-iphoneos/tsutsuura.build/Objects-normal/arm64/ExtractedAppShortcutsMetadata.stringsdata --source-file-list /Users/runner/work/tsutsuura/tsutsuura/build/DerivedData/Build/Intermediates.noindex/ArchiveIntermediates/tsutsuura/IntermediateBuildFilesPath/tsutsuura.build/Release-iphoneos/tsutsuura.build/Objects-normal/arm64/tsutsuura.SwiftFileList --metadata-file-list /Users/runner/work/tsutsuura/tsutsuura/build/DerivedData/Build/Intermediates.noindex/ArchiveIntermediates/tsutsuura/IntermediateBuildFilesPath/tsutsuura.build/Release-iphoneos/tsutsuura.build/tsutsuura.DependencyMetadataFileList --static-metadata-file-list /Users/runner/work/tsutsuura/tsutsuura/build/DerivedData/Build/Intermediates.noindex/ArchiveIntermediates/tsutsuura/IntermediateBuildFilesPath/tsutsuura.build/Release-iphoneos/tsutsuura.build/tsutsuura.DependencyStaticMetadataFileList --swift-const-vals-list /Users/runner/work/tsutsuura/tsutsuura/build/DerivedData/Build/Intermediates.noindex/ArchiveIntermediates/tsutsuura/IntermediateBuildFilesPath/tsutsuura.build/Release-iphoneos/tsutsuura.build/Objects-normal/arm64/tsutsuura.SwiftConstValuesFileList --compile-time-extraction --deployment-aware-processing --validate-assistant-intents --no-app-shortcuts-localization
2026-09-05 22:05:33.133 appintentsmetadataprocessor[8479:27762] Starting appintentsmetadataprocessor export
2026-09-05 22:05:33.152 appintentsmetadataprocessor[8479:27762] warning: Metadata extraction skipped. No AppIntents.framework dependency found.

GenerateDSYMFile /Users/runner/work/tsutsuura/tsutsuura/build/DerivedData/Build/Intermediates.noindex/ArchiveIntermediates/tsutsuura/BuildProductsPath/Release-iphoneos/tsutsuura.app.dSYM /Users/runner/work/tsutsuura/tsutsuura/build/DerivedData/Build/Intermediates.noindex/ArchiveIntermediates/tsutsuura/InstallationBuildProductsLocation/Applications/tsutsuura.app/tsutsuura (in target 'tsutsuura' from project 'tsutsuura')
    cd /Users/runner/work/tsutsuura/tsutsuura/tsutsuura
    /Applications/Xcode_26.6.app/Contents/Developer/Toolchains/XcodeDefault.xctoolchain/usr/bin/dsymutil /Users/runner/work/tsutsuura/tsutsuura/build/DerivedData/Build/Intermediates.noindex/ArchiveIntermediates/tsutsuura/InstallationBuildProductsLocation/Applications/tsutsuura.app/tsutsuura -o /Users/runner/work/tsutsuura/tsutsuura/build/DerivedData/Build/Intermediates.noindex/ArchiveIntermediates/tsutsuura/BuildProductsPath/Release-iphoneos/tsutsuura.app.dSYM

AppIntentsSSUTraining (in target 'tsutsuura' from project 'tsutsuura')
    cd /Users/runner/work/tsutsuura/tsutsuura/tsutsuura
    /Applications/Xcode_26.6.app/Contents/Developer/Toolchains/XcodeDefault.xctoolchain/usr/bin/appintentsnltrainingprocessor --infoplist-path /Users/runner/work/tsutsuura/tsutsuura/build/DerivedData/Build/Intermediates.noindex/ArchiveIntermediates/tsutsuura/InstallationBuildProductsLocation/Applications/tsutsuura.app/Info.plist --temp-dir-path /Users/runner/work/tsutsuura/tsutsuura/build/DerivedData/Build/Intermediates.noindex/ArchiveIntermediates/tsutsuura/IntermediateBuildFilesPath/tsutsuura.build/Release-iphoneos/tsutsuura.build/ssu --bundle-id toshizo.link.tsutsuura --product-path /Users/runner/work/tsutsuura/tsutsuura/build/DerivedData/Build/Intermediates.noindex/ArchiveIntermediates/tsutsuura/InstallationBuildProductsLocation/Applications/tsutsuura.app --extracted-metadata-path /Users/runner/work/tsutsuura/tsutsuura/build/DerivedData/Build/Intermediates.noindex/ArchiveIntermediates/tsutsuura/InstallationBuildProductsLocation/Applications/tsutsuura.app/Metadata.appintents --deployment-postprocessing --metadata-file-list /Users/runner/work/tsutsuura/tsutsuura/build/DerivedData/Build/Intermediates.noindex/ArchiveIntermediates/tsutsuura/IntermediateBuildFilesPath/tsutsuura.build/Release-iphoneos/tsutsuura.build/tsutsuura.DependencyMetadataFileList --source-file /Users/runner/work/tsutsuura/tsutsuura/build/DerivedData/Build/Intermediates.noindex/ArchiveIntermediates/tsutsuura/InstallationBuildProductsLocation/Applications/tsutsuura.app/Info.plist --archive-ssu-assets
2026-09-05 22:05:33.207 appintentsnltrainingprocessor[8481:27773] Parsing options for appintentsnltrainingprocessor
2026-09-05 22:05:33.208 appintentsnltrainingprocessor[8481:27773] Starting AppIntents SSU YAML Generation
2026-09-05 22:05:33.213 appintentsnltrainingprocessor[8481:27773] No AppShortcuts found - Skipping.

Strip /Users/runner/work/tsutsuura/tsutsuura/build/DerivedData/Build/Intermediates.noindex/ArchiveIntermediates/tsutsuura/InstallationBuildProductsLocation/Applications/tsutsuura.app/tsutsuura (in target 'tsutsuura' from project 'tsutsuura')
    cd /Users/runner/work/tsutsuura/tsutsuura/tsutsuura
    /Applications/Xcode_26.6.app/Contents/Developer/Toolchains/XcodeDefault.xctoolchain/usr/bin/strip -D /Users/runner/work/tsutsuura/tsutsuura/build/DerivedData/Build/Intermediates.noindex/ArchiveIntermediates/tsutsuura/InstallationBuildProductsLocation/Applications/tsutsuura.app/tsutsuura

SetOwnerAndGroup runner:staff /Users/runner/work/tsutsuura/tsutsuura/build/DerivedData/Build/Intermediates.noindex/ArchiveIntermediates/tsutsuura/InstallationBuildProductsLocation/Applications/tsutsuura.app (in target 'tsutsuura' from project 'tsutsuura')
    cd /Users/runner/work/tsutsuura/tsutsuura/tsutsuura
    /usr/sbin/chown -RH runner:staff /Users/runner/work/tsutsuura/tsutsuura/build/DerivedData/Build/Intermediates.noindex/ArchiveIntermediates/tsutsuura/InstallationBuildProductsLocation/Applications/tsutsuura.app

SetMode u+w,go-w,a+rX /Users/runner/work/tsutsuura/tsutsuura/build/DerivedData/Build/Intermediates.noindex/ArchiveIntermediates/tsutsuura/InstallationBuildProductsLocation/Applications/tsutsuura.app (in target 'tsutsuura' from project 'tsutsuura')
    cd /Users/runner/work/tsutsuura/tsutsuura/tsutsuura
    /bin/chmod -RH u+w,go-w,a+rX /Users/runner/work/tsutsuura/tsutsuura/build/DerivedData/Build/Intermediates.noindex/ArchiveIntermediates/tsutsuura/InstallationBuildProductsLocation/Applications/tsutsuura.app

RegisterExecutionPolicyException /Users/runner/work/tsutsuura/tsutsuura/build/DerivedData/Build/Intermediates.noindex/ArchiveIntermediates/tsutsuura/InstallationBuildProductsLocation/Applications/tsutsuura.app (in target 'tsutsuura' from project 'tsutsuura')
    cd /Users/runner/work/tsutsuura/tsutsuura/tsutsuura
    builtin-RegisterExecutionPolicyException /Users/runner/work/tsutsuura/tsutsuura/build/DerivedData/Build/Intermediates.noindex/ArchiveIntermediates/tsutsuura/InstallationBuildProductsLocation/Applications/tsutsuura.app

Validate /Users/runner/work/tsutsuura/tsutsuura/build/DerivedData/Build/Intermediates.noindex/ArchiveIntermediates/tsutsuura/InstallationBuildProductsLocation/Applications/tsutsuura.app (in target 'tsutsuura' from project 'tsutsuura')
    cd /Users/runner/work/tsutsuura/tsutsuura/tsutsuura
    builtin-validationUtility /Users/runner/work/tsutsuura/tsutsuura/build/DerivedData/Build/Intermediates.noindex/ArchiveIntermediates/tsutsuura/InstallationBuildProductsLocation/Applications/tsutsuura.app -validate-for-store -shallow-bundle -infoplist-subpath Info.plist

Touch /Users/runner/work/tsutsuura/tsutsuura/build/DerivedData/Build/Intermediates.noindex/ArchiveIntermediates/tsutsuura/InstallationBuildProductsLocation/Applications/tsutsuura.app (in target 'tsutsuura' from project 'tsutsuura')
    cd /Users/runner/work/tsutsuura/tsutsuura/tsutsuura
    /usr/bin/touch -c /Users/runner/work/tsutsuura/tsutsuura/build/DerivedData/Build/Intermediates.noindex/ArchiveIntermediates/tsutsuura/InstallationBuildProductsLocation/Applications/tsutsuura.app


Result bundle written to path:
	/Users/runner/work/tsutsuura/tsutsuura/build/archive.xcresult

** ARCHIVE SUCCEEDED **

