Command line invocation:
    /Applications/Xcode.app/Contents/Developer/usr/bin/xcodebuild test -project tsutsuura/tsutsuura.xcodeproj -scheme tsutsuura -destination "platform=iOS Simulator,id=43E4DB84-E9A6-419C-B87F-692687A354B7" -derivedDataPath /tmp/tsutsuura-audio-fix-build -resultBundlePath /tmp/tsutsuura-audio-fix-qa/audio-v1.xcresult -parallel-testing-enabled NO -collect-test-diagnostics never "-only-testing:tsutsuuraTests" "-only-testing:tsutsuuraUITests/AudioPlaybackUITests" "-only-testing:tsutsuuraUITests/tsutsuuraUITests/testDeterministicVoiceSuccessReturnsTranscriptAndRecording" "-only-testing:tsutsuuraUITests/tsutsuuraUITests/testDeterministicVoiceDenialOffersRecoveryAndTextFallback"

2026-09-07 19:28:40.532 xcodebuild[14917:10358251] [MT] IDERunDestination: Supported platforms for the buildables in the current scheme is empty.
Writing result bundle at path:
	/tmp/tsutsuura-audio-fix-qa/audio-v1.xcresult

ComputePackagePrebuildTargetDependencyGraph

Prepare packages

CreateBuildRequest

SendProjectDescription

CreateBuildOperation

ComputeTargetDependencyGraph
note: Building targets in dependency order
note: Target dependency graph (3 targets)
    Target 'tsutsuuraUITests' in project 'tsutsuura'
        ➜ Explicit dependency on target 'tsutsuura' in project 'tsutsuura'
    Target 'tsutsuuraTests' in project 'tsutsuura'
        ➜ Explicit dependency on target 'tsutsuura' in project 'tsutsuura'
    Target 'tsutsuura' in project 'tsutsuura' (no dependencies)

GatherProvisioningInputs

CreateBuildDescription

ExecuteExternalTool /Applications/Xcode.app/Contents/Developer/Toolchains/XcodeDefault.xctoolchain/usr/bin/swiftc --version

ExecuteExternalTool /Applications/Xcode.app/Contents/Developer/Toolchains/XcodeDefault.xctoolchain/usr/bin/clang -v -E -dM -isysroot /Applications/Xcode.app/Contents/Developer/Platforms/iPhoneSimulator.platform/Developer/SDKs/iPhoneSimulator26.5.sdk -x c -c /dev/null

ExecuteExternalTool /Applications/Xcode.app/Contents/Developer/usr/bin/actool --print-asset-tag-combinations --output-format xml1 /Users/takamimarsh/Developer/Projects/Toshizo/tsutsuura/tsutsuura/tsutsuura/Assets.xcassets

ExecuteExternalTool /Applications/Xcode.app/Contents/Developer/Toolchains/XcodeDefault.xctoolchain/usr/bin/ld -version_details

ExecuteExternalTool /Applications/Xcode.app/Contents/Developer/usr/bin/actool --version --output-format xml1

Build description signature: 7e687e50600683f26228be43c96e2f7a
Build description path: /tmp/tsutsuura-audio-fix-build/Build/Intermediates.noindex/XCBuildData/7e687e50600683f26228be43c96e2f7a.xcbuilddata
ClangStatCache /Applications/Xcode.app/Contents/Developer/Toolchains/XcodeDefault.xctoolchain/usr/bin/clang-stat-cache /Applications/Xcode.app/Contents/Developer/Platforms/iPhoneSimulator.platform/Developer/SDKs/iPhoneSimulator26.5.sdk /tmp/tsutsuura-audio-fix-build/SDKStatCaches.noindex/iphonesimulator26.5-23F81a-6cfe768891a92b912361537c460fe42b.sdkstatcache
    cd /Users/takamimarsh/Developer/Projects/Toshizo/tsutsuura/tsutsuura/tsutsuura.xcodeproj
    /Applications/Xcode.app/Contents/Developer/Toolchains/XcodeDefault.xctoolchain/usr/bin/clang-stat-cache /Applications/Xcode.app/Contents/Developer/Platforms/iPhoneSimulator.platform/Developer/SDKs/iPhoneSimulator26.5.sdk -o /tmp/tsutsuura-audio-fix-build/SDKStatCaches.noindex/iphonesimulator26.5-23F81a-6cfe768891a92b912361537c460fe42b.sdkstatcache

CreateBuildDirectory /tmp/tsutsuura-audio-fix-build/Build/Products
    cd /Users/takamimarsh/Developer/Projects/Toshizo/tsutsuura/tsutsuura/tsutsuura.xcodeproj
    builtin-create-build-directory /tmp/tsutsuura-audio-fix-build/Build/Products

CreateBuildDirectory /tmp/tsutsuura-audio-fix-build/Build/Intermediates.noindex
    cd /Users/takamimarsh/Developer/Projects/Toshizo/tsutsuura/tsutsuura/tsutsuura.xcodeproj
    builtin-create-build-directory /tmp/tsutsuura-audio-fix-build/Build/Intermediates.noindex

CreateBuildDirectory /tmp/tsutsuura-audio-fix-build/Build/Products/Debug-iphonesimulator
    cd /Users/takamimarsh/Developer/Projects/Toshizo/tsutsuura/tsutsuura/tsutsuura.xcodeproj
    builtin-create-build-directory /tmp/tsutsuura-audio-fix-build/Build/Products/Debug-iphonesimulator

CreateBuildDirectory /tmp/tsutsuura-audio-fix-build/Build/Intermediates.noindex/SwiftExplicitPrecompiledModules
    cd /Users/takamimarsh/Developer/Projects/Toshizo/tsutsuura/tsutsuura/tsutsuura.xcodeproj
    builtin-create-build-directory /tmp/tsutsuura-audio-fix-build/Build/Intermediates.noindex/SwiftExplicitPrecompiledModules

CreateBuildDirectory /tmp/tsutsuura-audio-fix-build/Build/Intermediates.noindex/ExplicitPrecompiledModules
    cd /Users/takamimarsh/Developer/Projects/Toshizo/tsutsuura/tsutsuura/tsutsuura.xcodeproj
    builtin-create-build-directory /tmp/tsutsuura-audio-fix-build/Build/Intermediates.noindex/ExplicitPrecompiledModules

CreateBuildDirectory /tmp/tsutsuura-audio-fix-build/Build/Intermediates.noindex/EagerLinkingTBDs/Debug-iphonesimulator
    cd /Users/takamimarsh/Developer/Projects/Toshizo/tsutsuura/tsutsuura/tsutsuura.xcodeproj
    builtin-create-build-directory /tmp/tsutsuura-audio-fix-build/Build/Intermediates.noindex/EagerLinkingTBDs/Debug-iphonesimulator

WriteAuxiliaryFile /tmp/tsutsuura-audio-fix-build/Build/Intermediates.noindex/tsutsuura.build/Debug-iphonesimulator/tsutsuura-98a0e781f5d0a2b2220a40f1201e0d12-VFS-iphonesimulator/all-product-headers.yaml
    cd /Users/takamimarsh/Developer/Projects/Toshizo/tsutsuura/tsutsuura/tsutsuura.xcodeproj
    write-file /tmp/tsutsuura-audio-fix-build/Build/Intermediates.noindex/tsutsuura.build/Debug-iphonesimulator/tsutsuura-98a0e781f5d0a2b2220a40f1201e0d12-VFS-iphonesimulator/all-product-headers.yaml

WriteAuxiliaryFile /tmp/tsutsuura-audio-fix-build/Build/Intermediates.noindex/tsutsuura.build/Debug-iphonesimulator/tsutsuuraTests.build/tsutsuuraTests-generated-files.hmap (in target 'tsutsuuraTests' from project 'tsutsuura')
    cd /Users/takamimarsh/Developer/Projects/Toshizo/tsutsuura/tsutsuura
    write-file /tmp/tsutsuura-audio-fix-build/Build/Intermediates.noindex/tsutsuura.build/Debug-iphonesimulator/tsutsuuraTests.build/tsutsuuraTests-generated-files.hmap

WriteAuxiliaryFile /tmp/tsutsuura-audio-fix-build/Build/Intermediates.noindex/tsutsuura.build/Debug-iphonesimulator/tsutsuuraTests.build/tsutsuuraTests-own-target-headers.hmap (in target 'tsutsuuraTests' from project 'tsutsuura')
    cd /Users/takamimarsh/Developer/Projects/Toshizo/tsutsuura/tsutsuura
    write-file /tmp/tsutsuura-audio-fix-build/Build/Intermediates.noindex/tsutsuura.build/Debug-iphonesimulator/tsutsuuraTests.build/tsutsuuraTests-own-target-headers.hmap

WriteAuxiliaryFile /tmp/tsutsuura-audio-fix-build/Build/Intermediates.noindex/tsutsuura.build/Debug-iphonesimulator/tsutsuuraTests.build/tsutsuuraTests-all-non-framework-target-headers.hmap (in target 'tsutsuuraTests' from project 'tsutsuura')
    cd /Users/takamimarsh/Developer/Projects/Toshizo/tsutsuura/tsutsuura
    write-file /tmp/tsutsuura-audio-fix-build/Build/Intermediates.noindex/tsutsuura.build/Debug-iphonesimulator/tsutsuuraTests.build/tsutsuuraTests-all-non-framework-target-headers.hmap

WriteAuxiliaryFile /tmp/tsutsuura-audio-fix-build/Build/Intermediates.noindex/tsutsuura.build/Debug-iphonesimulator/tsutsuuraTests.build/tsutsuuraTests-project-headers.hmap (in target 'tsutsuuraTests' from project 'tsutsuura')
    cd /Users/takamimarsh/Developer/Projects/Toshizo/tsutsuura/tsutsuura
    write-file /tmp/tsutsuura-audio-fix-build/Build/Intermediates.noindex/tsutsuura.build/Debug-iphonesimulator/tsutsuuraTests.build/tsutsuuraTests-project-headers.hmap

WriteAuxiliaryFile /tmp/tsutsuura-audio-fix-build/Build/Intermediates.noindex/tsutsuura.build/Debug-iphonesimulator/tsutsuuraTests.build/tsutsuuraTests-all-target-headers.hmap (in target 'tsutsuuraTests' from project 'tsutsuura')
    cd /Users/takamimarsh/Developer/Projects/Toshizo/tsutsuura/tsutsuura
    write-file /tmp/tsutsuura-audio-fix-build/Build/Intermediates.noindex/tsutsuura.build/Debug-iphonesimulator/tsutsuuraTests.build/tsutsuuraTests-all-target-headers.hmap

WriteAuxiliaryFile /tmp/tsutsuura-audio-fix-build/Build/Intermediates.noindex/tsutsuura.build/Debug-iphonesimulator/tsutsuuraTests.build/empty-tsutsuuraTests.plist (in target 'tsutsuuraTests' from project 'tsutsuura')
    cd /Users/takamimarsh/Developer/Projects/Toshizo/tsutsuura/tsutsuura
    write-file /tmp/tsutsuura-audio-fix-build/Build/Intermediates.noindex/tsutsuura.build/Debug-iphonesimulator/tsutsuuraTests.build/empty-tsutsuuraTests.plist

WriteAuxiliaryFile /tmp/tsutsuura-audio-fix-build/Build/Intermediates.noindex/tsutsuura.build/Debug-iphonesimulator/tsutsuuraTests.build/tsutsuuraTests.DependencyStaticMetadataFileList (in target 'tsutsuuraTests' from project 'tsutsuura')
    cd /Users/takamimarsh/Developer/Projects/Toshizo/tsutsuura/tsutsuura
    write-file /tmp/tsutsuura-audio-fix-build/Build/Intermediates.noindex/tsutsuura.build/Debug-iphonesimulator/tsutsuuraTests.build/tsutsuuraTests.DependencyStaticMetadataFileList

WriteAuxiliaryFile /tmp/tsutsuura-audio-fix-build/Build/Intermediates.noindex/tsutsuura.build/Debug-iphonesimulator/tsutsuuraTests.build/tsutsuuraTests.hmap (in target 'tsutsuuraTests' from project 'tsutsuura')
    cd /Users/takamimarsh/Developer/Projects/Toshizo/tsutsuura/tsutsuura
    write-file /tmp/tsutsuura-audio-fix-build/Build/Intermediates.noindex/tsutsuura.build/Debug-iphonesimulator/tsutsuuraTests.build/tsutsuuraTests.hmap

WriteAuxiliaryFile /tmp/tsutsuura-audio-fix-build/Build/Intermediates.noindex/tsutsuura.build/Debug-iphonesimulator/tsutsuuraTests.build/Objects-normal/arm64/tsutsuuraTests_const_extract_protocols.json (in target 'tsutsuuraTests' from project 'tsutsuura')
    cd /Users/takamimarsh/Developer/Projects/Toshizo/tsutsuura/tsutsuura
    write-file /tmp/tsutsuura-audio-fix-build/Build/Intermediates.noindex/tsutsuura.build/Debug-iphonesimulator/tsutsuuraTests.build/Objects-normal/arm64/tsutsuuraTests_const_extract_protocols.json

WriteAuxiliaryFile /tmp/tsutsuura-audio-fix-build/Build/Intermediates.noindex/tsutsuura.build/Debug-iphonesimulator/tsutsuuraTests.build/Objects-normal/arm64/tsutsuuraTests.SwiftConstValuesFileList (in target 'tsutsuuraTests' from project 'tsutsuura')
    cd /Users/takamimarsh/Developer/Projects/Toshizo/tsutsuura/tsutsuura
    write-file /tmp/tsutsuura-audio-fix-build/Build/Intermediates.noindex/tsutsuura.build/Debug-iphonesimulator/tsutsuuraTests.build/Objects-normal/arm64/tsutsuuraTests.SwiftConstValuesFileList

WriteAuxiliaryFile /tmp/tsutsuura-audio-fix-build/Build/Intermediates.noindex/tsutsuura.build/Debug-iphonesimulator/tsutsuuraTests.build/Objects-normal/arm64/tsutsuuraTests.LinkFileList (in target 'tsutsuuraTests' from project 'tsutsuura')
    cd /Users/takamimarsh/Developer/Projects/Toshizo/tsutsuura/tsutsuura
    write-file /tmp/tsutsuura-audio-fix-build/Build/Intermediates.noindex/tsutsuura.build/Debug-iphonesimulator/tsutsuuraTests.build/Objects-normal/arm64/tsutsuuraTests.LinkFileList

WriteAuxiliaryFile /tmp/tsutsuura-audio-fix-build/Build/Intermediates.noindex/tsutsuura.build/Debug-iphonesimulator/tsutsuuraUITests.build/tsutsuuraUITests.hmap (in target 'tsutsuuraUITests' from project 'tsutsuura')
    cd /Users/takamimarsh/Developer/Projects/Toshizo/tsutsuura/tsutsuura
    write-file /tmp/tsutsuura-audio-fix-build/Build/Intermediates.noindex/tsutsuura.build/Debug-iphonesimulator/tsutsuuraUITests.build/tsutsuuraUITests.hmap

WriteAuxiliaryFile /tmp/tsutsuura-audio-fix-build/Build/Intermediates.noindex/tsutsuura.build/Debug-iphonesimulator/tsutsuuraUITests.build/tsutsuuraUITests.DependencyStaticMetadataFileList (in target 'tsutsuuraUITests' from project 'tsutsuura')
    cd /Users/takamimarsh/Developer/Projects/Toshizo/tsutsuura/tsutsuura
    write-file /tmp/tsutsuura-audio-fix-build/Build/Intermediates.noindex/tsutsuura.build/Debug-iphonesimulator/tsutsuuraUITests.build/tsutsuuraUITests.DependencyStaticMetadataFileList

WriteAuxiliaryFile /tmp/tsutsuura-audio-fix-build/Build/Intermediates.noindex/tsutsuura.build/Debug-iphonesimulator/tsutsuuraUITests.build/tsutsuuraUITests.DependencyMetadataFileList (in target 'tsutsuuraUITests' from project 'tsutsuura')
    cd /Users/takamimarsh/Developer/Projects/Toshizo/tsutsuura/tsutsuura
    write-file /tmp/tsutsuura-audio-fix-build/Build/Intermediates.noindex/tsutsuura.build/Debug-iphonesimulator/tsutsuuraUITests.build/tsutsuuraUITests.DependencyMetadataFileList

WriteAuxiliaryFile /tmp/tsutsuura-audio-fix-build/Build/Intermediates.noindex/tsutsuura.build/Debug-iphonesimulator/tsutsuuraUITests.build/tsutsuuraUITests-project-headers.hmap (in target 'tsutsuuraUITests' from project 'tsutsuura')
    cd /Users/takamimarsh/Developer/Projects/Toshizo/tsutsuura/tsutsuura
    write-file /tmp/tsutsuura-audio-fix-build/Build/Intermediates.noindex/tsutsuura.build/Debug-iphonesimulator/tsutsuuraUITests.build/tsutsuuraUITests-project-headers.hmap

WriteAuxiliaryFile /tmp/tsutsuura-audio-fix-build/Build/Intermediates.noindex/tsutsuura.build/Debug-iphonesimulator/tsutsuuraUITests.build/tsutsuuraUITests-own-target-headers.hmap (in target 'tsutsuuraUITests' from project 'tsutsuura')
    cd /Users/takamimarsh/Developer/Projects/Toshizo/tsutsuura/tsutsuura
    write-file /tmp/tsutsuura-audio-fix-build/Build/Intermediates.noindex/tsutsuura.build/Debug-iphonesimulator/tsutsuuraUITests.build/tsutsuuraUITests-own-target-headers.hmap

WriteAuxiliaryFile /tmp/tsutsuura-audio-fix-build/Build/Intermediates.noindex/tsutsuura.build/Debug-iphonesimulator/tsutsuuraUITests.build/tsutsuuraUITests-generated-files.hmap (in target 'tsutsuuraUITests' from project 'tsutsuura')
    cd /Users/takamimarsh/Developer/Projects/Toshizo/tsutsuura/tsutsuura
    write-file /tmp/tsutsuura-audio-fix-build/Build/Intermediates.noindex/tsutsuura.build/Debug-iphonesimulator/tsutsuuraUITests.build/tsutsuuraUITests-generated-files.hmap

WriteAuxiliaryFile /tmp/tsutsuura-audio-fix-build/Build/Intermediates.noindex/tsutsuura.build/Debug-iphonesimulator/tsutsuuraUITests.build/tsutsuuraUITests-all-target-headers.hmap (in target 'tsutsuuraUITests' from project 'tsutsuura')
    cd /Users/takamimarsh/Developer/Projects/Toshizo/tsutsuura/tsutsuura
    write-file /tmp/tsutsuura-audio-fix-build/Build/Intermediates.noindex/tsutsuura.build/Debug-iphonesimulator/tsutsuuraUITests.build/tsutsuuraUITests-all-target-headers.hmap

WriteAuxiliaryFile /tmp/tsutsuura-audio-fix-build/Build/Intermediates.noindex/tsutsuura.build/Debug-iphonesimulator/tsutsuuraUITests.build/tsutsuuraUITests-all-non-framework-target-headers.hmap (in target 'tsutsuuraUITests' from project 'tsutsuura')
    cd /Users/takamimarsh/Developer/Projects/Toshizo/tsutsuura/tsutsuura
    write-file /tmp/tsutsuura-audio-fix-build/Build/Intermediates.noindex/tsutsuura.build/Debug-iphonesimulator/tsutsuuraUITests.build/tsutsuuraUITests-all-non-framework-target-headers.hmap

WriteAuxiliaryFile /tmp/tsutsuura-audio-fix-build/Build/Intermediates.noindex/tsutsuura.build/Debug-iphonesimulator/tsutsuuraUITests.build/empty-tsutsuuraUITests.plist (in target 'tsutsuuraUITests' from project 'tsutsuura')
    cd /Users/takamimarsh/Developer/Projects/Toshizo/tsutsuura/tsutsuura
    write-file /tmp/tsutsuura-audio-fix-build/Build/Intermediates.noindex/tsutsuura.build/Debug-iphonesimulator/tsutsuuraUITests.build/empty-tsutsuuraUITests.plist

WriteAuxiliaryFile /tmp/tsutsuura-audio-fix-build/Build/Intermediates.noindex/tsutsuura.build/Debug-iphonesimulator/tsutsuuraUITests.build/ProductTypeInfoPlistAdditions.plist (in target 'tsutsuuraUITests' from project 'tsutsuura')
    cd /Users/takamimarsh/Developer/Projects/Toshizo/tsutsuura/tsutsuura
    write-file /tmp/tsutsuura-audio-fix-build/Build/Intermediates.noindex/tsutsuura.build/Debug-iphonesimulator/tsutsuuraUITests.build/ProductTypeInfoPlistAdditions.plist

WriteAuxiliaryFile /tmp/tsutsuura-audio-fix-build/Build/Intermediates.noindex/tsutsuura.build/Debug-iphonesimulator/tsutsuuraUITests.build/Objects-normal/arm64/tsutsuuraUITests.SwiftConstValuesFileList (in target 'tsutsuuraUITests' from project 'tsutsuura')
    cd /Users/takamimarsh/Developer/Projects/Toshizo/tsutsuura/tsutsuura
    write-file /tmp/tsutsuura-audio-fix-build/Build/Intermediates.noindex/tsutsuura.build/Debug-iphonesimulator/tsutsuuraUITests.build/Objects-normal/arm64/tsutsuuraUITests.SwiftConstValuesFileList

WriteAuxiliaryFile /tmp/tsutsuura-audio-fix-build/Build/Intermediates.noindex/tsutsuura.build/Debug-iphonesimulator/tsutsuuraUITests.build/Objects-normal/arm64/tsutsuuraUITests.LinkFileList (in target 'tsutsuuraUITests' from project 'tsutsuura')
    cd /Users/takamimarsh/Developer/Projects/Toshizo/tsutsuura/tsutsuura
    write-file /tmp/tsutsuura-audio-fix-build/Build/Intermediates.noindex/tsutsuura.build/Debug-iphonesimulator/tsutsuuraUITests.build/Objects-normal/arm64/tsutsuuraUITests.LinkFileList

WriteAuxiliaryFile /tmp/tsutsuura-audio-fix-build/Build/Intermediates.noindex/tsutsuura.build/Debug-iphonesimulator/tsutsuuraUITests.build/Objects-normal/arm64/tsutsuuraUITests-OutputFileMap.json (in target 'tsutsuuraUITests' from project 'tsutsuura')
    cd /Users/takamimarsh/Developer/Projects/Toshizo/tsutsuura/tsutsuura
    write-file /tmp/tsutsuura-audio-fix-build/Build/Intermediates.noindex/tsutsuura.build/Debug-iphonesimulator/tsutsuuraUITests.build/Objects-normal/arm64/tsutsuuraUITests-OutputFileMap.json

WriteAuxiliaryFile /tmp/tsutsuura-audio-fix-build/Build/Intermediates.noindex/tsutsuura.build/Debug-iphonesimulator/tsutsuuraUITests.build/Objects-normal/arm64/tsutsuuraUITests.SwiftFileList (in target 'tsutsuuraUITests' from project 'tsutsuura')
    cd /Users/takamimarsh/Developer/Projects/Toshizo/tsutsuura/tsutsuura
    write-file /tmp/tsutsuura-audio-fix-build/Build/Intermediates.noindex/tsutsuura.build/Debug-iphonesimulator/tsutsuuraUITests.build/Objects-normal/arm64/tsutsuuraUITests.SwiftFileList

WriteAuxiliaryFile /tmp/tsutsuura-audio-fix-build/Build/Intermediates.noindex/tsutsuura.build/Debug-iphonesimulator/tsutsuuraUITests.build/Objects-normal/arm64/tsutsuuraUITests_const_extract_protocols.json (in target 'tsutsuuraUITests' from project 'tsutsuura')
    cd /Users/takamimarsh/Developer/Projects/Toshizo/tsutsuura/tsutsuura
    write-file /tmp/tsutsuura-audio-fix-build/Build/Intermediates.noindex/tsutsuura.build/Debug-iphonesimulator/tsutsuuraUITests.build/Objects-normal/arm64/tsutsuuraUITests_const_extract_protocols.json

WriteAuxiliaryFile /tmp/tsutsuura-audio-fix-build/Build/Intermediates.noindex/tsutsuura.build/Debug-iphonesimulator/tsutsuuraUITests.build/DerivedSources/Entitlements-Simulated.plist (in target 'tsutsuuraUITests' from project 'tsutsuura')
    cd /Users/takamimarsh/Developer/Projects/Toshizo/tsutsuura/tsutsuura
    write-file /tmp/tsutsuura-audio-fix-build/Build/Intermediates.noindex/tsutsuura.build/Debug-iphonesimulator/tsutsuuraUITests.build/DerivedSources/Entitlements-Simulated.plist

WriteAuxiliaryFile /tmp/tsutsuura-audio-fix-build/Build/Intermediates.noindex/tsutsuura.build/Debug-iphonesimulator/tsutsuuraTests.build/tsutsuuraTests.DependencyMetadataFileList (in target 'tsutsuuraTests' from project 'tsutsuura')
    cd /Users/takamimarsh/Developer/Projects/Toshizo/tsutsuura/tsutsuura
    write-file /tmp/tsutsuura-audio-fix-build/Build/Intermediates.noindex/tsutsuura.build/Debug-iphonesimulator/tsutsuuraTests.build/tsutsuuraTests.DependencyMetadataFileList

WriteAuxiliaryFile /tmp/tsutsuura-audio-fix-build/Build/Intermediates.noindex/tsutsuura.build/Debug-iphonesimulator/tsutsuuraTests.build/Objects-normal/arm64/tsutsuuraTests.SwiftFileList (in target 'tsutsuuraTests' from project 'tsutsuura')
    cd /Users/takamimarsh/Developer/Projects/Toshizo/tsutsuura/tsutsuura
    write-file /tmp/tsutsuura-audio-fix-build/Build/Intermediates.noindex/tsutsuura.build/Debug-iphonesimulator/tsutsuuraTests.build/Objects-normal/arm64/tsutsuuraTests.SwiftFileList

WriteAuxiliaryFile /tmp/tsutsuura-audio-fix-build/Build/Intermediates.noindex/tsutsuura.build/Debug-iphonesimulator/tsutsuuraTests.build/Objects-normal/arm64/tsutsuuraTests-OutputFileMap.json (in target 'tsutsuuraTests' from project 'tsutsuura')
    cd /Users/takamimarsh/Developer/Projects/Toshizo/tsutsuura/tsutsuura
    write-file /tmp/tsutsuura-audio-fix-build/Build/Intermediates.noindex/tsutsuura.build/Debug-iphonesimulator/tsutsuuraTests.build/Objects-normal/arm64/tsutsuuraTests-OutputFileMap.json

WriteAuxiliaryFile /tmp/tsutsuura-audio-fix-build/Build/Intermediates.noindex/tsutsuura.build/Debug-iphonesimulator/tsutsuura.build/tsutsuura.DependencyStaticMetadataFileList (in target 'tsutsuura' from project 'tsutsuura')
    cd /Users/takamimarsh/Developer/Projects/Toshizo/tsutsuura/tsutsuura
    write-file /tmp/tsutsuura-audio-fix-build/Build/Intermediates.noindex/tsutsuura.build/Debug-iphonesimulator/tsutsuura.build/tsutsuura.DependencyStaticMetadataFileList

WriteAuxiliaryFile /tmp/tsutsuura-audio-fix-build/Build/Intermediates.noindex/tsutsuura.build/Debug-iphonesimulator/tsutsuura.build/tsutsuura.DependencyMetadataFileList (in target 'tsutsuura' from project 'tsutsuura')
    cd /Users/takamimarsh/Developer/Projects/Toshizo/tsutsuura/tsutsuura
    write-file /tmp/tsutsuura-audio-fix-build/Build/Intermediates.noindex/tsutsuura.build/Debug-iphonesimulator/tsutsuura.build/tsutsuura.DependencyMetadataFileList

WriteAuxiliaryFile /tmp/tsutsuura-audio-fix-build/Build/Intermediates.noindex/tsutsuura.build/Debug-iphonesimulator/tsutsuura.build/tsutsuura.hmap (in target 'tsutsuura' from project 'tsutsuura')
    cd /Users/takamimarsh/Developer/Projects/Toshizo/tsutsuura/tsutsuura
    write-file /tmp/tsutsuura-audio-fix-build/Build/Intermediates.noindex/tsutsuura.build/Debug-iphonesimulator/tsutsuura.build/tsutsuura.hmap

WriteAuxiliaryFile /tmp/tsutsuura-audio-fix-build/Build/Intermediates.noindex/tsutsuura.build/Debug-iphonesimulator/tsutsuura.build/tsutsuura-project-headers.hmap (in target 'tsutsuura' from project 'tsutsuura')
    cd /Users/takamimarsh/Developer/Projects/Toshizo/tsutsuura/tsutsuura
    write-file /tmp/tsutsuura-audio-fix-build/Build/Intermediates.noindex/tsutsuura.build/Debug-iphonesimulator/tsutsuura.build/tsutsuura-project-headers.hmap

WriteAuxiliaryFile /tmp/tsutsuura-audio-fix-build/Build/Intermediates.noindex/tsutsuura.build/Debug-iphonesimulator/tsutsuura.build/tsutsuura-own-target-headers.hmap (in target 'tsutsuura' from project 'tsutsuura')
    cd /Users/takamimarsh/Developer/Projects/Toshizo/tsutsuura/tsutsuura
    write-file /tmp/tsutsuura-audio-fix-build/Build/Intermediates.noindex/tsutsuura.build/Debug-iphonesimulator/tsutsuura.build/tsutsuura-own-target-headers.hmap

WriteAuxiliaryFile /tmp/tsutsuura-audio-fix-build/Build/Intermediates.noindex/tsutsuura.build/Debug-iphonesimulator/tsutsuura.build/tsutsuura-generated-files.hmap (in target 'tsutsuura' from project 'tsutsuura')
    cd /Users/takamimarsh/Developer/Projects/Toshizo/tsutsuura/tsutsuura
    write-file /tmp/tsutsuura-audio-fix-build/Build/Intermediates.noindex/tsutsuura.build/Debug-iphonesimulator/tsutsuura.build/tsutsuura-generated-files.hmap

WriteAuxiliaryFile /tmp/tsutsuura-audio-fix-build/Build/Intermediates.noindex/tsutsuura.build/Debug-iphonesimulator/tsutsuura.build/tsutsuura-all-target-headers.hmap (in target 'tsutsuura' from project 'tsutsuura')
    cd /Users/takamimarsh/Developer/Projects/Toshizo/tsutsuura/tsutsuura
    write-file /tmp/tsutsuura-audio-fix-build/Build/Intermediates.noindex/tsutsuura.build/Debug-iphonesimulator/tsutsuura.build/tsutsuura-all-target-headers.hmap

WriteAuxiliaryFile /tmp/tsutsuura-audio-fix-build/Build/Intermediates.noindex/tsutsuura.build/Debug-iphonesimulator/tsutsuura.build/tsutsuura-all-non-framework-target-headers.hmap (in target 'tsutsuura' from project 'tsutsuura')
    cd /Users/takamimarsh/Developer/Projects/Toshizo/tsutsuura/tsutsuura
    write-file /tmp/tsutsuura-audio-fix-build/Build/Intermediates.noindex/tsutsuura.build/Debug-iphonesimulator/tsutsuura.build/tsutsuura-all-non-framework-target-headers.hmap

WriteAuxiliaryFile /tmp/tsutsuura-audio-fix-build/Build/Intermediates.noindex/tsutsuura.build/Debug-iphonesimulator/tsutsuura.build/tsutsuura-DebugDylibPath-normal-arm64.txt (in target 'tsutsuura' from project 'tsutsuura')
    cd /Users/takamimarsh/Developer/Projects/Toshizo/tsutsuura/tsutsuura
    write-file /tmp/tsutsuura-audio-fix-build/Build/Intermediates.noindex/tsutsuura.build/Debug-iphonesimulator/tsutsuura.build/tsutsuura-DebugDylibPath-normal-arm64.txt

WriteAuxiliaryFile /tmp/tsutsuura-audio-fix-build/Build/Intermediates.noindex/tsutsuura.build/Debug-iphonesimulator/tsutsuura.build/tsutsuura-DebugDylibInstallName-normal-arm64.txt (in target 'tsutsuura' from project 'tsutsuura')
    cd /Users/takamimarsh/Developer/Projects/Toshizo/tsutsuura/tsutsuura
    write-file /tmp/tsutsuura-audio-fix-build/Build/Intermediates.noindex/tsutsuura.build/Debug-iphonesimulator/tsutsuura.build/tsutsuura-DebugDylibInstallName-normal-arm64.txt

WriteAuxiliaryFile /tmp/tsutsuura-audio-fix-build/Build/Intermediates.noindex/tsutsuura.build/Debug-iphonesimulator/tsutsuura.build/Objects-normal/arm64/tsutsuura_const_extract_protocols.json (in target 'tsutsuura' from project 'tsutsuura')
    cd /Users/takamimarsh/Developer/Projects/Toshizo/tsutsuura/tsutsuura
    write-file /tmp/tsutsuura-audio-fix-build/Build/Intermediates.noindex/tsutsuura.build/Debug-iphonesimulator/tsutsuura.build/Objects-normal/arm64/tsutsuura_const_extract_protocols.json

WriteAuxiliaryFile /tmp/tsutsuura-audio-fix-build/Build/Intermediates.noindex/tsutsuura.build/Debug-iphonesimulator/tsutsuura.build/Objects-normal/arm64/tsutsuura.SwiftFileList (in target 'tsutsuura' from project 'tsutsuura')
    cd /Users/takamimarsh/Developer/Projects/Toshizo/tsutsuura/tsutsuura
    write-file /tmp/tsutsuura-audio-fix-build/Build/Intermediates.noindex/tsutsuura.build/Debug-iphonesimulator/tsutsuura.build/Objects-normal/arm64/tsutsuura.SwiftFileList

WriteAuxiliaryFile /tmp/tsutsuura-audio-fix-build/Build/Intermediates.noindex/tsutsuura.build/Debug-iphonesimulator/tsutsuura.build/Objects-normal/arm64/tsutsuura.SwiftConstValuesFileList (in target 'tsutsuura' from project 'tsutsuura')
    cd /Users/takamimarsh/Developer/Projects/Toshizo/tsutsuura/tsutsuura
    write-file /tmp/tsutsuura-audio-fix-build/Build/Intermediates.noindex/tsutsuura.build/Debug-iphonesimulator/tsutsuura.build/Objects-normal/arm64/tsutsuura.SwiftConstValuesFileList

WriteAuxiliaryFile /tmp/tsutsuura-audio-fix-build/Build/Intermediates.noindex/tsutsuura.build/Debug-iphonesimulator/tsutsuura.build/Objects-normal/arm64/tsutsuura.LinkFileList (in target 'tsutsuura' from project 'tsutsuura')
    cd /Users/takamimarsh/Developer/Projects/Toshizo/tsutsuura/tsutsuura
    write-file /tmp/tsutsuura-audio-fix-build/Build/Intermediates.noindex/tsutsuura.build/Debug-iphonesimulator/tsutsuura.build/Objects-normal/arm64/tsutsuura.LinkFileList

WriteAuxiliaryFile /tmp/tsutsuura-audio-fix-build/Build/Intermediates.noindex/tsutsuura.build/Debug-iphonesimulator/tsutsuura.build/Objects-normal/arm64/tsutsuura-OutputFileMap.json (in target 'tsutsuura' from project 'tsutsuura')
    cd /Users/takamimarsh/Developer/Projects/Toshizo/tsutsuura/tsutsuura
    write-file /tmp/tsutsuura-audio-fix-build/Build/Intermediates.noindex/tsutsuura.build/Debug-iphonesimulator/tsutsuura.build/Objects-normal/arm64/tsutsuura-OutputFileMap.json

WriteAuxiliaryFile /tmp/tsutsuura-audio-fix-build/Build/Intermediates.noindex/tsutsuura.build/Debug-iphonesimulator/tsutsuura.build/DerivedSources/Entitlements-Simulated.plist (in target 'tsutsuura' from project 'tsutsuura')
    cd /Users/takamimarsh/Developer/Projects/Toshizo/tsutsuura/tsutsuura
    write-file /tmp/tsutsuura-audio-fix-build/Build/Intermediates.noindex/tsutsuura.build/Debug-iphonesimulator/tsutsuura.build/DerivedSources/Entitlements-Simulated.plist

MkDir /tmp/tsutsuura-audio-fix-build/Build/Products/Debug-iphonesimulator/tsutsuura.app/PlugIns (in target 'tsutsuura' from project 'tsutsuura')
    cd /Users/takamimarsh/Developer/Projects/Toshizo/tsutsuura/tsutsuura
    /bin/mkdir -p /tmp/tsutsuura-audio-fix-build/Build/Products/Debug-iphonesimulator/tsutsuura.app/PlugIns

MkDir /tmp/tsutsuura-audio-fix-build/Build/Products/Debug-iphonesimulator/tsutsuura.app/Frameworks (in target 'tsutsuura' from project 'tsutsuura')
    cd /Users/takamimarsh/Developer/Projects/Toshizo/tsutsuura/tsutsuura
    /bin/mkdir -p /tmp/tsutsuura-audio-fix-build/Build/Products/Debug-iphonesimulator/tsutsuura.app/Frameworks

MkDir /tmp/tsutsuura-audio-fix-build/Build/Products/Debug-iphonesimulator/tsutsuura.app/PlugIns/tsutsuuraTests.xctest (in target 'tsutsuuraTests' from project 'tsutsuura')
    cd /Users/takamimarsh/Developer/Projects/Toshizo/tsutsuura/tsutsuura
    /bin/mkdir -p /tmp/tsutsuura-audio-fix-build/Build/Products/Debug-iphonesimulator/tsutsuura.app/PlugIns/tsutsuuraTests.xctest

MkDir /tmp/tsutsuura-audio-fix-build/Build/Products/Debug-iphonesimulator/tsutsuura.app (in target 'tsutsuura' from project 'tsutsuura')
    cd /Users/takamimarsh/Developer/Projects/Toshizo/tsutsuura/tsutsuura
    /bin/mkdir -p /tmp/tsutsuura-audio-fix-build/Build/Products/Debug-iphonesimulator/tsutsuura.app

MkDir /tmp/tsutsuura-audio-fix-build/Build/Products/Debug-iphonesimulator/tsutsuuraUITests-Runner.app/PlugIns/tsutsuuraUITests.xctest (in target 'tsutsuuraUITests' from project 'tsutsuura')
    cd /Users/takamimarsh/Developer/Projects/Toshizo/tsutsuura/tsutsuura
    /bin/mkdir -p /tmp/tsutsuura-audio-fix-build/Build/Products/Debug-iphonesimulator/tsutsuuraUITests-Runner.app/PlugIns/tsutsuuraUITests.xctest

ProcessProductPackaging /Users/takamimarsh/Developer/Projects/Toshizo/tsutsuura/tsutsuura/tsutsuura/tsutsuura.entitlements /tmp/tsutsuura-audio-fix-build/Build/Intermediates.noindex/tsutsuura.build/Debug-iphonesimulator/tsutsuura.build/tsutsuura.app.xcent (in target 'tsutsuura' from project 'tsutsuura')
    cd /Users/takamimarsh/Developer/Projects/Toshizo/tsutsuura/tsutsuura
    
    Entitlements:
    
    {
}
    
    builtin-productPackagingUtility /Users/takamimarsh/Developer/Projects/Toshizo/tsutsuura/tsutsuura/tsutsuura/tsutsuura.entitlements -entitlements -format xml -o /tmp/tsutsuura-audio-fix-build/Build/Intermediates.noindex/tsutsuura.build/Debug-iphonesimulator/tsutsuura.build/tsutsuura.app.xcent

ProcessProductPackaging /Users/takamimarsh/Developer/Projects/Toshizo/tsutsuura/tsutsuura/tsutsuura/tsutsuura.entitlements /tmp/tsutsuura-audio-fix-build/Build/Intermediates.noindex/tsutsuura.build/Debug-iphonesimulator/tsutsuura.build/tsutsuura.app-Simulated.xcent (in target 'tsutsuura' from project 'tsutsuura')
    cd /Users/takamimarsh/Developer/Projects/Toshizo/tsutsuura/tsutsuura
    
    Entitlements:
    
    {
    "application-identifier" = "34NS8XN5F9.toshizo.link.tsutsuura";
    "aps-environment" = development;
    "com.apple.developer.associated-domains" =     (
        "applinks:toshizo.link"
    );
}
    
    builtin-productPackagingUtility /Users/takamimarsh/Developer/Projects/Toshizo/tsutsuura/tsutsuura/tsutsuura/tsutsuura.entitlements -entitlements -format xml -o /tmp/tsutsuura-audio-fix-build/Build/Intermediates.noindex/tsutsuura.build/Debug-iphonesimulator/tsutsuura.build/tsutsuura.app-Simulated.xcent

ProcessProductPackagingDER /tmp/tsutsuura-audio-fix-build/Build/Intermediates.noindex/tsutsuura.build/Debug-iphonesimulator/tsutsuura.build/tsutsuura.app.xcent /tmp/tsutsuura-audio-fix-build/Build/Intermediates.noindex/tsutsuura.build/Debug-iphonesimulator/tsutsuura.build/tsutsuura.app.xcent.der (in target 'tsutsuura' from project 'tsutsuura')
    cd /Users/takamimarsh/Developer/Projects/Toshizo/tsutsuura/tsutsuura
    /usr/bin/derq query -f xml -i /tmp/tsutsuura-audio-fix-build/Build/Intermediates.noindex/tsutsuura.build/Debug-iphonesimulator/tsutsuura.build/tsutsuura.app.xcent -o /tmp/tsutsuura-audio-fix-build/Build/Intermediates.noindex/tsutsuura.build/Debug-iphonesimulator/tsutsuura.build/tsutsuura.app.xcent.der --raw

ProcessProductPackagingDER /tmp/tsutsuura-audio-fix-build/Build/Intermediates.noindex/tsutsuura.build/Debug-iphonesimulator/tsutsuura.build/tsutsuura.app-Simulated.xcent /tmp/tsutsuura-audio-fix-build/Build/Intermediates.noindex/tsutsuura.build/Debug-iphonesimulator/tsutsuura.build/tsutsuura.app-Simulated.xcent.der (in target 'tsutsuura' from project 'tsutsuura')
    cd /Users/takamimarsh/Developer/Projects/Toshizo/tsutsuura/tsutsuura
    /usr/bin/derq query -f xml -i /tmp/tsutsuura-audio-fix-build/Build/Intermediates.noindex/tsutsuura.build/Debug-iphonesimulator/tsutsuura.build/tsutsuura.app-Simulated.xcent -o /tmp/tsutsuura-audio-fix-build/Build/Intermediates.noindex/tsutsuura.build/Debug-iphonesimulator/tsutsuura.build/tsutsuura.app-Simulated.xcent.der --raw

Ld /tmp/tsutsuura-audio-fix-build/Build/Products/Debug-iphonesimulator/tsutsuura.app/__preview.dylib normal (in target 'tsutsuura' from project 'tsutsuura')
    cd /Users/takamimarsh/Developer/Projects/Toshizo/tsutsuura/tsutsuura
    /Applications/Xcode.app/Contents/Developer/Toolchains/XcodeDefault.xctoolchain/usr/bin/clang -Xlinker -reproducible -target arm64-apple-ios26.2-simulator -dynamiclib -isysroot /Applications/Xcode.app/Contents/Developer/Platforms/iPhoneSimulator.platform/Developer/SDKs/iPhoneSimulator26.5.sdk -O0 -L/tmp/tsutsuura-audio-fix-build/Build/Products/Debug-iphonesimulator -F/tmp/tsutsuura-audio-fix-build/Build/Products/Debug-iphonesimulator -install_name @rpath/tsutsuura.debug.dylib -Xlinker -dead_strip -rdynamic -Xlinker -no_deduplicate -Xlinker -objc_abi_version -Xlinker 2 -Xlinker -debug_variant -Xlinker -dependency_info -Xlinker /tmp/tsutsuura-audio-fix-build/Build/Intermediates.noindex/tsutsuura.build/Debug-iphonesimulator/tsutsuura.build/Objects-normal/arm64/tsutsuura_dependency_info.dat -Xlinker -sectcreate -Xlinker __TEXT -Xlinker __entitlements -Xlinker /tmp/tsutsuura-audio-fix-build/Build/Intermediates.noindex/tsutsuura.build/Debug-iphonesimulator/tsutsuura.build/tsutsuura.app-Simulated.xcent -Xlinker -sectcreate -Xlinker __TEXT -Xlinker __ents_der -Xlinker /tmp/tsutsuura-audio-fix-build/Build/Intermediates.noindex/tsutsuura.build/Debug-iphonesimulator/tsutsuura.build/tsutsuura.app-Simulated.xcent.der -Xlinker -no_adhoc_codesign -o /tmp/tsutsuura-audio-fix-build/Build/Products/Debug-iphonesimulator/tsutsuura.app/__preview.dylib

MkDir /tmp/tsutsuura-audio-fix-build/Build/Intermediates.noindex/tsutsuura.build/Debug-iphonesimulator/tsutsuura.build/assetcatalog_output/thinned (in target 'tsutsuura' from project 'tsutsuura')
    cd /Users/takamimarsh/Developer/Projects/Toshizo/tsutsuura/tsutsuura
    /bin/mkdir -p /tmp/tsutsuura-audio-fix-build/Build/Intermediates.noindex/tsutsuura.build/Debug-iphonesimulator/tsutsuura.build/assetcatalog_output/thinned

MkDir /tmp/tsutsuura-audio-fix-build/Build/Intermediates.noindex/tsutsuura.build/Debug-iphonesimulator/tsutsuura.build/assetcatalog_output/unthinned (in target 'tsutsuura' from project 'tsutsuura')
    cd /Users/takamimarsh/Developer/Projects/Toshizo/tsutsuura/tsutsuura
    /bin/mkdir -p /tmp/tsutsuura-audio-fix-build/Build/Intermediates.noindex/tsutsuura.build/Debug-iphonesimulator/tsutsuura.build/assetcatalog_output/unthinned

GenerateAssetSymbols /Users/takamimarsh/Developer/Projects/Toshizo/tsutsuura/tsutsuura/tsutsuura/Assets.xcassets (in target 'tsutsuura' from project 'tsutsuura')
    cd /Users/takamimarsh/Developer/Projects/Toshizo/tsutsuura/tsutsuura
    /Applications/Xcode.app/Contents/Developer/usr/bin/actool /Users/takamimarsh/Developer/Projects/Toshizo/tsutsuura/tsutsuura/tsutsuura/Assets.xcassets --compile /tmp/tsutsuura-audio-fix-build/Build/Products/Debug-iphonesimulator/tsutsuura.app --output-format human-readable-text --notices --warnings --export-dependency-info /tmp/tsutsuura-audio-fix-build/Build/Intermediates.noindex/tsutsuura.build/Debug-iphonesimulator/tsutsuura.build/assetcatalog_dependencies --output-partial-info-plist /tmp/tsutsuura-audio-fix-build/Build/Intermediates.noindex/tsutsuura.build/Debug-iphonesimulator/tsutsuura.build/assetcatalog_generated_info.plist --app-icon AppIcon --accent-color AccentColor --compress-pngs --enable-on-demand-resources YES --development-region en --target-device iphone --minimum-deployment-target 26.2 --platform iphonesimulator --bundle-identifier toshizo.link.tsutsuura --generate-swift-asset-symbols /tmp/tsutsuura-audio-fix-build/Build/Intermediates.noindex/tsutsuura.build/Debug-iphonesimulator/tsutsuura.build/DerivedSources/GeneratedAssetSymbols.swift --generate-objc-asset-symbols /tmp/tsutsuura-audio-fix-build/Build/Intermediates.noindex/tsutsuura.build/Debug-iphonesimulator/tsutsuura.build/DerivedSources/GeneratedAssetSymbols.h --generate-asset-symbol-index /tmp/tsutsuura-audio-fix-build/Build/Intermediates.noindex/tsutsuura.build/Debug-iphonesimulator/tsutsuura.build/DerivedSources/GeneratedAssetSymbols-Index.plist
/* com.apple.actool.compilation-results */
/tmp/tsutsuura-audio-fix-build/Build/Intermediates.noindex/tsutsuura.build/Debug-iphonesimulator/tsutsuura.build/DerivedSources/GeneratedAssetSymbols-Index.plist
/tmp/tsutsuura-audio-fix-build/Build/Intermediates.noindex/tsutsuura.build/Debug-iphonesimulator/tsutsuura.build/DerivedSources/GeneratedAssetSymbols.h
/tmp/tsutsuura-audio-fix-build/Build/Intermediates.noindex/tsutsuura.build/Debug-iphonesimulator/tsutsuura.build/DerivedSources/GeneratedAssetSymbols.swift


CpResource /tmp/tsutsuura-audio-fix-build/Build/Products/Debug-iphonesimulator/tsutsuura.app/ThirdPartyNotices.txt /Users/takamimarsh/Developer/Projects/Toshizo/tsutsuura/tsutsuura/tsutsuura/ThirdPartyNotices/ThirdPartyNotices.txt (in target 'tsutsuura' from project 'tsutsuura')
    cd /Users/takamimarsh/Developer/Projects/Toshizo/tsutsuura/tsutsuura
    builtin-copy -exclude .DS_Store -exclude CVS -exclude .svn -exclude .git -exclude .hg -resolve-src-symlinks /Users/takamimarsh/Developer/Projects/Toshizo/tsutsuura/tsutsuura/tsutsuura/ThirdPartyNotices/ThirdPartyNotices.txt /tmp/tsutsuura-audio-fix-build/Build/Products/Debug-iphonesimulator/tsutsuura.app

CpResource /tmp/tsutsuura-audio-fix-build/Build/Products/Debug-iphonesimulator/tsutsuura.app/PrivacyInfo.xcprivacy /Users/takamimarsh/Developer/Projects/Toshizo/tsutsuura/tsutsuura/tsutsuura/PrivacyInfo.xcprivacy (in target 'tsutsuura' from project 'tsutsuura')
    cd /Users/takamimarsh/Developer/Projects/Toshizo/tsutsuura/tsutsuura
    builtin-copy -exclude .DS_Store -exclude CVS -exclude .svn -exclude .git -exclude .hg -resolve-src-symlinks /Users/takamimarsh/Developer/Projects/Toshizo/tsutsuura/tsutsuura/tsutsuura/PrivacyInfo.xcprivacy /tmp/tsutsuura-audio-fix-build/Build/Products/Debug-iphonesimulator/tsutsuura.app

CpResource /tmp/tsutsuura-audio-fix-build/Build/Products/Debug-iphonesimulator/tsutsuura.app/MaterialDesignIconsLicense.txt /Users/takamimarsh/Developer/Projects/Toshizo/tsutsuura/tsutsuura/tsutsuura/ThirdPartyNotices/MaterialDesignIconsLicense.txt (in target 'tsutsuura' from project 'tsutsuura')
    cd /Users/takamimarsh/Developer/Projects/Toshizo/tsutsuura/tsutsuura
    builtin-copy -exclude .DS_Store -exclude CVS -exclude .svn -exclude .git -exclude .hg -resolve-src-symlinks /Users/takamimarsh/Developer/Projects/Toshizo/tsutsuura/tsutsuura/tsutsuura/ThirdPartyNotices/MaterialDesignIconsLicense.txt /tmp/tsutsuura-audio-fix-build/Build/Products/Debug-iphonesimulator/tsutsuura.app

CpResource /tmp/tsutsuura-audio-fix-build/Build/Products/Debug-iphonesimulator/tsutsuura.app/KaisotaiNotice.txt /Users/takamimarsh/Developer/Projects/Toshizo/tsutsuura/tsutsuura/tsutsuura/ThirdPartyNotices/KaisotaiNotice.txt (in target 'tsutsuura' from project 'tsutsuura')
    cd /Users/takamimarsh/Developer/Projects/Toshizo/tsutsuura/tsutsuura
    builtin-copy -exclude .DS_Store -exclude CVS -exclude .svn -exclude .git -exclude .hg -resolve-src-symlinks /Users/takamimarsh/Developer/Projects/Toshizo/tsutsuura/tsutsuura/tsutsuura/ThirdPartyNotices/KaisotaiNotice.txt /tmp/tsutsuura-audio-fix-build/Build/Products/Debug-iphonesimulator/tsutsuura.app

CpResource /tmp/tsutsuura-audio-fix-build/Build/Products/Debug-iphonesimulator/tsutsuura.app/Kaisotai-Next-UP-B.otf /Users/takamimarsh/Developer/Projects/Toshizo/tsutsuura/tsutsuura/tsutsuura/Fonts/Kaisotai-Next-UP-B.otf (in target 'tsutsuura' from project 'tsutsuura')
    cd /Users/takamimarsh/Developer/Projects/Toshizo/tsutsuura/tsutsuura
    builtin-copy -exclude .DS_Store -exclude CVS -exclude .svn -exclude .git -exclude .hg -resolve-src-symlinks /Users/takamimarsh/Developer/Projects/Toshizo/tsutsuura/tsutsuura/tsutsuura/Fonts/Kaisotai-Next-UP-B.otf /tmp/tsutsuura-audio-fix-build/Build/Products/Debug-iphonesimulator/tsutsuura.app

Copy /tmp/tsutsuura-audio-fix-build/Build/Products/Debug-iphonesimulator/tsutsuura.app/Frameworks/libXCTestSwiftSupport.dylib /Applications/Xcode.app/Contents/Developer/Platforms/iPhoneSimulator.platform/Developer/usr/lib/libXCTestSwiftSupport.dylib (in target 'tsutsuura' from project 'tsutsuura')
    cd /Users/takamimarsh/Developer/Projects/Toshizo/tsutsuura/tsutsuura
    builtin-copy -exclude .DS_Store -exclude CVS -exclude .svn -exclude .git -exclude .hg -exclude Headers -exclude PrivateHeaders -exclude Modules -exclude \*.tbd -resolve-src-symlinks /Applications/Xcode.app/Contents/Developer/Platforms/iPhoneSimulator.platform/Developer/usr/lib/libXCTestSwiftSupport.dylib /tmp/tsutsuura-audio-fix-build/Build/Products/Debug-iphonesimulator/tsutsuura.app/Frameworks

Copy /tmp/tsutsuura-audio-fix-build/Build/Products/Debug-iphonesimulator/tsutsuura.app/Frameworks/libXCTestBundleInject.dylib /Applications/Xcode.app/Contents/Developer/Platforms/iPhoneSimulator.platform/Developer/usr/lib/libXCTestBundleInject.dylib (in target 'tsutsuura' from project 'tsutsuura')
    cd /Users/takamimarsh/Developer/Projects/Toshizo/tsutsuura/tsutsuura
    builtin-copy -exclude .DS_Store -exclude CVS -exclude .svn -exclude .git -exclude .hg -exclude Headers -exclude PrivateHeaders -exclude Modules -exclude \*.tbd -resolve-src-symlinks /Applications/Xcode.app/Contents/Developer/Platforms/iPhoneSimulator.platform/Developer/usr/lib/libXCTestBundleInject.dylib /tmp/tsutsuura-audio-fix-build/Build/Products/Debug-iphonesimulator/tsutsuura.app/Frameworks

Copy /tmp/tsutsuura-audio-fix-build/Build/Products/Debug-iphonesimulator/tsutsuura.app/Frameworks/XCUnit.framework /Applications/Xcode.app/Contents/Developer/Platforms/iPhoneSimulator.platform/Developer/Library/PrivateFrameworks/XCUnit.framework (in target 'tsutsuura' from project 'tsutsuura')
    cd /Users/takamimarsh/Developer/Projects/Toshizo/tsutsuura/tsutsuura
    builtin-copy -exclude .DS_Store -exclude CVS -exclude .svn -exclude .git -exclude .hg -exclude Headers -exclude PrivateHeaders -exclude Modules -exclude \*.tbd -resolve-src-symlinks /Applications/Xcode.app/Contents/Developer/Platforms/iPhoneSimulator.platform/Developer/Library/PrivateFrameworks/XCUnit.framework /tmp/tsutsuura-audio-fix-build/Build/Products/Debug-iphonesimulator/tsutsuura.app/Frameworks

Copy /tmp/tsutsuura-audio-fix-build/Build/Products/Debug-iphonesimulator/tsutsuura.app/Frameworks/XCUIAutomation.framework /Applications/Xcode.app/Contents/Developer/Platforms/iPhoneSimulator.platform/Developer/Library/Frameworks/XCUIAutomation.framework (in target 'tsutsuura' from project 'tsutsuura')
    cd /Users/takamimarsh/Developer/Projects/Toshizo/tsutsuura/tsutsuura
    builtin-copy -exclude .DS_Store -exclude CVS -exclude .svn -exclude .git -exclude .hg -exclude Headers -exclude PrivateHeaders -exclude Modules -exclude \*.tbd -resolve-src-symlinks /Applications/Xcode.app/Contents/Developer/Platforms/iPhoneSimulator.platform/Developer/Library/Frameworks/XCUIAutomation.framework /tmp/tsutsuura-audio-fix-build/Build/Products/Debug-iphonesimulator/tsutsuura.app/Frameworks

Copy /tmp/tsutsuura-audio-fix-build/Build/Products/Debug-iphonesimulator/tsutsuura.app/Frameworks/XCTestSupport.framework /Applications/Xcode.app/Contents/Developer/Platforms/iPhoneSimulator.platform/Developer/Library/PrivateFrameworks/XCTestSupport.framework (in target 'tsutsuura' from project 'tsutsuura')
    cd /Users/takamimarsh/Developer/Projects/Toshizo/tsutsuura/tsutsuura
    builtin-copy -exclude .DS_Store -exclude CVS -exclude .svn -exclude .git -exclude .hg -exclude Headers -exclude PrivateHeaders -exclude Modules -exclude \*.tbd -resolve-src-symlinks /Applications/Xcode.app/Contents/Developer/Platforms/iPhoneSimulator.platform/Developer/Library/PrivateFrameworks/XCTestSupport.framework /tmp/tsutsuura-audio-fix-build/Build/Products/Debug-iphonesimulator/tsutsuura.app/Frameworks

Copy /tmp/tsutsuura-audio-fix-build/Build/Products/Debug-iphonesimulator/tsutsuura.app/Frameworks/XCTestCore.framework /Applications/Xcode.app/Contents/Developer/Platforms/iPhoneSimulator.platform/Developer/Library/PrivateFrameworks/XCTestCore.framework (in target 'tsutsuura' from project 'tsutsuura')
    cd /Users/takamimarsh/Developer/Projects/Toshizo/tsutsuura/tsutsuura
    builtin-copy -exclude .DS_Store -exclude CVS -exclude .svn -exclude .git -exclude .hg -exclude Headers -exclude PrivateHeaders -exclude Modules -exclude \*.tbd -resolve-src-symlinks /Applications/Xcode.app/Contents/Developer/Platforms/iPhoneSimulator.platform/Developer/Library/PrivateFrameworks/XCTestCore.framework /tmp/tsutsuura-audio-fix-build/Build/Products/Debug-iphonesimulator/tsutsuura.app/Frameworks

Copy /tmp/tsutsuura-audio-fix-build/Build/Products/Debug-iphonesimulator/tsutsuura.app/Frameworks/XCTest.framework /Applications/Xcode.app/Contents/Developer/Platforms/iPhoneSimulator.platform/Developer/Library/Frameworks/XCTest.framework (in target 'tsutsuura' from project 'tsutsuura')
    cd /Users/takamimarsh/Developer/Projects/Toshizo/tsutsuura/tsutsuura
    builtin-copy -exclude .DS_Store -exclude CVS -exclude .svn -exclude .git -exclude .hg -exclude Headers -exclude PrivateHeaders -exclude Modules -exclude \*.tbd -resolve-src-symlinks /Applications/Xcode.app/Contents/Developer/Platforms/iPhoneSimulator.platform/Developer/Library/Frameworks/XCTest.framework /tmp/tsutsuura-audio-fix-build/Build/Products/Debug-iphonesimulator/tsutsuura.app/Frameworks

Copy /tmp/tsutsuura-audio-fix-build/Build/Products/Debug-iphonesimulator/tsutsuura.app/Frameworks/XCTAutomationSupport.framework /Applications/Xcode.app/Contents/Developer/Platforms/iPhoneSimulator.platform/Developer/Library/PrivateFrameworks/XCTAutomationSupport.framework (in target 'tsutsuura' from project 'tsutsuura')
    cd /Users/takamimarsh/Developer/Projects/Toshizo/tsutsuura/tsutsuura
    builtin-copy -exclude .DS_Store -exclude CVS -exclude .svn -exclude .git -exclude .hg -exclude Headers -exclude PrivateHeaders -exclude Modules -exclude \*.tbd -resolve-src-symlinks /Applications/Xcode.app/Contents/Developer/Platforms/iPhoneSimulator.platform/Developer/Library/PrivateFrameworks/XCTAutomationSupport.framework /tmp/tsutsuura-audio-fix-build/Build/Products/Debug-iphonesimulator/tsutsuura.app/Frameworks

Copy /tmp/tsutsuura-audio-fix-build/Build/Products/Debug-iphonesimulator/tsutsuura.app/Frameworks/Testing.framework /Applications/Xcode.app/Contents/Developer/Platforms/iPhoneSimulator.platform/Developer/Library/Frameworks/Testing.framework (in target 'tsutsuura' from project 'tsutsuura')
    cd /Users/takamimarsh/Developer/Projects/Toshizo/tsutsuura/tsutsuura
    builtin-copy -exclude .DS_Store -exclude CVS -exclude .svn -exclude .git -exclude .hg -exclude Headers -exclude PrivateHeaders -exclude Modules -exclude \*.tbd -resolve-src-symlinks /Applications/Xcode.app/Contents/Developer/Platforms/iPhoneSimulator.platform/Developer/Library/Frameworks/Testing.framework /tmp/tsutsuura-audio-fix-build/Build/Products/Debug-iphonesimulator/tsutsuura.app/Frameworks

CompileAssetCatalogVariant thinned /tmp/tsutsuura-audio-fix-build/Build/Products/Debug-iphonesimulator/tsutsuura.app /Users/takamimarsh/Developer/Projects/Toshizo/tsutsuura/tsutsuura/tsutsuura/Assets.xcassets (in target 'tsutsuura' from project 'tsutsuura')
    cd /Users/takamimarsh/Developer/Projects/Toshizo/tsutsuura/tsutsuura
    /Applications/Xcode.app/Contents/Developer/usr/bin/actool /Users/takamimarsh/Developer/Projects/Toshizo/tsutsuura/tsutsuura/tsutsuura/Assets.xcassets --compile /tmp/tsutsuura-audio-fix-build/Build/Intermediates.noindex/tsutsuura.build/Debug-iphonesimulator/tsutsuura.build/assetcatalog_output/thinned --output-format human-readable-text --notices --warnings --export-dependency-info /tmp/tsutsuura-audio-fix-build/Build/Intermediates.noindex/tsutsuura.build/Debug-iphonesimulator/tsutsuura.build/assetcatalog_dependencies_thinned --output-partial-info-plist /tmp/tsutsuura-audio-fix-build/Build/Intermediates.noindex/tsutsuura.build/Debug-iphonesimulator/tsutsuura.build/assetcatalog_generated_info.plist_thinned --app-icon AppIcon --accent-color AccentColor --compress-pngs --enable-on-demand-resources YES --filter-for-thinning-device-configuration iPhone14,6 --filter-for-device-os-version 26.5 --development-region en --target-device iphone --minimum-deployment-target 26.2 --platform iphonesimulator
/* com.apple.actool.compilation-results */
/tmp/tsutsuura-audio-fix-build/Build/Intermediates.noindex/tsutsuura.build/Debug-iphonesimulator/tsutsuura.build/assetcatalog_generated_info.plist_thinned
/tmp/tsutsuura-audio-fix-build/Build/Intermediates.noindex/tsutsuura.build/Debug-iphonesimulator/tsutsuura.build/assetcatalog_output/thinned/AppIcon60x60@2x.png
/tmp/tsutsuura-audio-fix-build/Build/Intermediates.noindex/tsutsuura.build/Debug-iphonesimulator/tsutsuura.build/assetcatalog_output/thinned/AppIcon76x76@2x~ipad.png
/tmp/tsutsuura-audio-fix-build/Build/Intermediates.noindex/tsutsuura.build/Debug-iphonesimulator/tsutsuura.build/assetcatalog_output/thinned/Assets.car


SwiftDriver tsutsuura normal arm64 com.apple.xcode.tools.swift.compiler (in target 'tsutsuura' from project 'tsutsuura')
    cd /Users/takamimarsh/Developer/Projects/Toshizo/tsutsuura/tsutsuura
    builtin-SwiftDriver -- /Applications/Xcode.app/Contents/Developer/Toolchains/XcodeDefault.xctoolchain/usr/bin/swiftc -module-name tsutsuura -Onone @/tmp/tsutsuura-audio-fix-build/Build/Intermediates.noindex/tsutsuura.build/Debug-iphonesimulator/tsutsuura.build/Objects-normal/arm64/tsutsuura.SwiftFileList -DDEBUG -enable-bare-slash-regex -enable-upcoming-feature DisableOutwardActorInference -enable-upcoming-feature InferSendableFromCaptures -enable-upcoming-feature GlobalActorIsolatedTypesUsability -enable-upcoming-feature MemberImportVisibility -enable-upcoming-feature InferIsolatedConformances -enable-upcoming-feature NonisolatedNonsendingByDefault -enable-experimental-feature DebugDescriptionMacro -sdk /Applications/Xcode.app/Contents/Developer/Platforms/iPhoneSimulator.platform/Developer/SDKs/iPhoneSimulator26.5.sdk -target arm64-apple-ios26.2-simulator -g -module-cache-path /tmp/tsutsuura-audio-fix-build/ModuleCache.noindex -Xfrontend -serialize-debugging-options -profile-coverage-mapping -profile-generate -enable-testing -index-store-path /tmp/tsutsuura-audio-fix-build/Index.noindex/DataStore -Xcc -D_LIBCPP_HARDENING_MODE\=_LIBCPP_HARDENING_MODE_DEBUG -swift-version 5 -I /tmp/tsutsuura-audio-fix-build/Build/Products/Debug-iphonesimulator -F /tmp/tsutsuura-audio-fix-build/Build/Products/Debug-iphonesimulator -emit-localized-strings -emit-localized-strings-path /tmp/tsutsuura-audio-fix-build/Build/Intermediates.noindex/tsutsuura.build/Debug-iphonesimulator/tsutsuura.build/Objects-normal/arm64 -c -j12 -enable-batch-mode -incremental -Xcc -ivfsstatcache -Xcc /tmp/tsutsuura-audio-fix-build/SDKStatCaches.noindex/iphonesimulator26.5-23F81a-6cfe768891a92b912361537c460fe42b.sdkstatcache -output-file-map /tmp/tsutsuura-audio-fix-build/Build/Intermediates.noindex/tsutsuura.build/Debug-iphonesimulator/tsutsuura.build/Objects-normal/arm64/tsutsuura-OutputFileMap.json -use-frontend-parseable-output -save-temps -no-color-diagnostics -explicit-module-build -module-cache-path /tmp/tsutsuura-audio-fix-build/Build/Intermediates.noindex/SwiftExplicitPrecompiledModules -clang-scanner-module-cache-path /tmp/tsutsuura-audio-fix-build/ModuleCache.noindex -sdk-module-cache-path /tmp/tsutsuura-audio-fix-build/ModuleCache.noindex -serialize-diagnostics -emit-dependencies -emit-module -emit-module-path /tmp/tsutsuura-audio-fix-build/Build/Intermediates.noindex/tsutsuura.build/Debug-iphonesimulator/tsutsuura.build/Objects-normal/arm64/tsutsuura.swiftmodule -validate-clang-modules-once -clang-build-session-file /tmp/tsutsuura-audio-fix-build/ModuleCache.noindex/Session.modulevalidation -Xcc -I/tmp/tsutsuura-audio-fix-build/Build/Intermediates.noindex/tsutsuura.build/Debug-iphonesimulator/tsutsuura.build/swift-overrides.hmap -emit-const-values -Xfrontend -const-gather-protocols-file -Xfrontend /tmp/tsutsuura-audio-fix-build/Build/Intermediates.noindex/tsutsuura.build/Debug-iphonesimulator/tsutsuura.build/Objects-normal/arm64/tsutsuura_const_extract_protocols.json -Xcc -iquote -Xcc /tmp/tsutsuura-audio-fix-build/Build/Intermediates.noindex/tsutsuura.build/Debug-iphonesimulator/tsutsuura.build/tsutsuura-generated-files.hmap -Xcc -I/tmp/tsutsuura-audio-fix-build/Build/Intermediates.noindex/tsutsuura.build/Debug-iphonesimulator/tsutsuura.build/tsutsuura-own-target-headers.hmap -Xcc -I/tmp/tsutsuura-audio-fix-build/Build/Intermediates.noindex/tsutsuura.build/Debug-iphonesimulator/tsutsuura.build/tsutsuura-all-target-headers.hmap -Xcc -iquote -Xcc /tmp/tsutsuura-audio-fix-build/Build/Intermediates.noindex/tsutsuura.build/Debug-iphonesimulator/tsutsuura.build/tsutsuura-project-headers.hmap -Xcc -I/tmp/tsutsuura-audio-fix-build/Build/Products/Debug-iphonesimulator/include -Xcc -I/tmp/tsutsuura-audio-fix-build/Build/Intermediates.noindex/tsutsuura.build/Debug-iphonesimulator/tsutsuura.build/DerivedSources-normal/arm64 -Xcc -I/tmp/tsutsuura-audio-fix-build/Build/Intermediates.noindex/tsutsuura.build/Debug-iphonesimulator/tsutsuura.build/DerivedSources/arm64 -Xcc -I/tmp/tsutsuura-audio-fix-build/Build/Intermediates.noindex/tsutsuura.build/Debug-iphonesimulator/tsutsuura.build/DerivedSources -Xcc -DDEBUG\=1 -emit-objc-header -emit-objc-header-path /tmp/tsutsuura-audio-fix-build/Build/Intermediates.noindex/tsutsuura.build/Debug-iphonesimulator/tsutsuura.build/Objects-normal/arm64/tsutsuura-Swift.h -working-directory /Users/takamimarsh/Developer/Projects/Toshizo/tsutsuura/tsutsuura -experimental-emit-module-separately -disable-cmo

SwiftExplicitDependencyGeneratePcm arm64 /tmp/tsutsuura-audio-fix-build/ModuleCache.noindex/ptrcheck-6Z4770WXAUCZWW5O1F5V8A3S8.pcm

SwiftExplicitDependencyGeneratePcm arm64 /tmp/tsutsuura-audio-fix-build/ModuleCache.noindex/_Builtin_float-BC3Q43NX838CT6LI3BIEPDNL2.pcm

SwiftExplicitDependencyGeneratePcm arm64 /tmp/tsutsuura-audio-fix-build/ModuleCache.noindex/_SwiftConcurrencyShims-9BHS6JZ2JZPVVKQPV531S9PG7.pcm

SwiftExplicitDependencyGeneratePcm arm64 /tmp/tsutsuura-audio-fix-build/ModuleCache.noindex/_Builtin_stdarg-9G9ODS5KYGZE71QDQAWRI6VQW.pcm

SwiftExplicitDependencyGeneratePcm arm64 /tmp/tsutsuura-audio-fix-build/ModuleCache.noindex/_AvailabilityInternal-7VH644AXOOZEQ45DBAC74XPRM.pcm

SwiftExplicitDependencyGeneratePcm arm64 /tmp/tsutsuura-audio-fix-build/ModuleCache.noindex/DeveloperToolsSupport-3UHMQORM2DEVAB49XFX0LA0BV.pcm

SwiftExplicitDependencyGeneratePcm arm64 /tmp/tsutsuura-audio-fix-build/ModuleCache.noindex/_Builtin_stddef-4Y0TEDR6D8H0KRR3TRGEDKRKM.pcm

SwiftExplicitDependencyGeneratePcm arm64 /tmp/tsutsuura-audio-fix-build/ModuleCache.noindex/ptrauth-SQ43G1AOJBQ5SO0NIK7B9FWC.pcm

SwiftExplicitDependencyGeneratePcm arm64 /tmp/tsutsuura-audio-fix-build/ModuleCache.noindex/_Builtin_stdbool-EFYVSLKK8BRU2LGT7P44R4QZ9.pcm

SwiftExplicitDependencyGeneratePcm arm64 /tmp/tsutsuura-audio-fix-build/ModuleCache.noindex/SwiftShims-85GAQ7LZX0BEPFZ4M10J510CW.pcm

SwiftExplicitDependencyGeneratePcm arm64 /tmp/tsutsuura-audio-fix-build/ModuleCache.noindex/_DarwinFoundation1-1LK3J1GOLCA9AP9NZWVCCDFX7.pcm

SwiftExplicitDependencyGeneratePcm arm64 /tmp/tsutsuura-audio-fix-build/ModuleCache.noindex/ExtensionFoundation-F4WM6S3LK4FET427CEBIV5OMB.pcm

SwiftExplicitDependencyGeneratePcm arm64 /tmp/tsutsuura-audio-fix-build/ModuleCache.noindex/_DarwinFoundation2-2QNGZS43TQ0SB4379W92BTK9H.pcm

SwiftExplicitDependencyGeneratePcm arm64 /tmp/tsutsuura-audio-fix-build/ModuleCache.noindex/_Builtin_limits-BP0ZSGONWOXM97I3PQOOSC2C8.pcm

SwiftExplicitDependencyGeneratePcm arm64 /tmp/tsutsuura-audio-fix-build/ModuleCache.noindex/sys_types-EAZD19AQ32EYHCXQ27310UZ3Y.pcm

SwiftExplicitDependencyGeneratePcm arm64 /tmp/tsutsuura-audio-fix-build/ModuleCache.noindex/_Builtin_tgmath-F33W67G8795586RQ0PE9W14MS.pcm

SwiftExplicitDependencyGeneratePcm arm64 /tmp/tsutsuura-audio-fix-build/ModuleCache.noindex/_Builtin_stdint-6ZTRMJQ2HW870IC1ALD57YT41.pcm

SwiftExplicitDependencyGeneratePcm arm64 /tmp/tsutsuura-audio-fix-build/ModuleCache.noindex/_DarwinFoundation3-9C6SMXLWK5QYWDWGZ828KB3X8.pcm

SwiftExplicitDependencyGeneratePcm arm64 /tmp/tsutsuura-audio-fix-build/ModuleCache.noindex/_Builtin_intrinsics-XOWDKHB0G9KHT9VMQ8DX6FBI.pcm

SwiftExplicitDependencyGeneratePcm arm64 /tmp/tsutsuura-audio-fix-build/ModuleCache.noindex/_Builtin_stdatomic-BRGJ2OH7W0HUX2UHRGTK6C3LU.pcm

SwiftExplicitDependencyGeneratePcm arm64 /tmp/tsutsuura-audio-fix-build/ModuleCache.noindex/_Builtin_inttypes-1MR9MXDE1DGSY2WSNYNX2FWU6.pcm

SwiftExplicitDependencyGeneratePcm arm64 /tmp/tsutsuura-audio-fix-build/ModuleCache.noindex/Darwin-23HJQ4II2MV6OC4ZWT50WH5LX.pcm

SwiftExplicitDependencyGeneratePcm arm64 /tmp/tsutsuura-audio-fix-build/ModuleCache.noindex/simd-7EZ3X6SX9XJGSTVL3IMCK6IBG.pcm

SwiftExplicitDependencyGeneratePcm arm64 /tmp/tsutsuura-audio-fix-build/ModuleCache.noindex/ObjectiveC-11KUIJC2QVOKNSKQ9H8I8M283.pcm

SwiftExplicitDependencyGeneratePcm arm64 /tmp/tsutsuura-audio-fix-build/ModuleCache.noindex/MachO-8LWEFTEZIN7HZMT8LSI06O7I4.pcm

SwiftExplicitDependencyGeneratePcm arm64 /tmp/tsutsuura-audio-fix-build/ModuleCache.noindex/Spatial-3LMT9DQSKL03Z63SOEASNYOM2.pcm

SwiftExplicitDependencyGeneratePcm arm64 /tmp/tsutsuura-audio-fix-build/ModuleCache.noindex/os_object-E92ZJNGUFXQGWD8EK1EUSG2NV.pcm

SwiftExplicitDependencyGeneratePcm arm64 /tmp/tsutsuura-audio-fix-build/ModuleCache.noindex/os_workgroup-5E952L3RRB1U1T1Q4VLORZQ42.pcm

SwiftExplicitDependencyGeneratePcm arm64 /tmp/tsutsuura-audio-fix-build/ModuleCache.noindex/Dispatch-82KRG8WHS2YFFOSZ3O59TWER.pcm

SwiftExplicitDependencyGeneratePcm arm64 /tmp/tsutsuura-audio-fix-build/ModuleCache.noindex/XPC-9CEJ0HL8QATK8XK6QV5LXS1JW.pcm

SwiftExplicitDependencyGeneratePcm arm64 /tmp/tsutsuura-audio-fix-build/ModuleCache.noindex/CoreFoundation-F3PZH07AYPPS0EI6MVQ89FGSS.pcm

SwiftExplicitDependencyGeneratePcm arm64 /tmp/tsutsuura-audio-fix-build/ModuleCache.noindex/dnssd-QNW7KLAASV4DIV7B0CNJEQWZ.pcm

SwiftExplicitDependencyGeneratePcm arm64 /tmp/tsutsuura-audio-fix-build/ModuleCache.noindex/os-SI8D074W950B99182QGZ1G8X.pcm

SwiftExplicitDependencyGeneratePcm arm64 /tmp/tsutsuura-audio-fix-build/ModuleCache.noindex/Security-4947Y9XU6BE3OPLJAMHMW369P.pcm

SwiftExplicitDependencyGeneratePcm arm64 /tmp/tsutsuura-audio-fix-build/ModuleCache.noindex/CoreAudioTypes-CJYSJBZG4IFRMSPVBDSGMYZ6X.pcm

SwiftExplicitDependencyGeneratePcm arm64 /tmp/tsutsuura-audio-fix-build/ModuleCache.noindex/CFNetwork-6GBO71R9GDPOXYH8SUWP3UGWH.pcm

SwiftExplicitDependencyGeneratePcm arm64 /tmp/tsutsuura-audio-fix-build/ModuleCache.noindex/CoreGraphics-885HCAW8Y8NVW9IKKOAPP86Q6.pcm

SwiftExplicitDependencyGeneratePcm arm64 /tmp/tsutsuura-audio-fix-build/ModuleCache.noindex/CoreAudio-JUNYS0JSM52YI5T8M5MQE0GO.pcm

SwiftExplicitDependencyGeneratePcm arm64 /tmp/tsutsuura-audio-fix-build/ModuleCache.noindex/Foundation-2DZK270U9U8C6UALFU3UN2F6R.pcm

SwiftExplicitDependencyGeneratePcm arm64 /tmp/tsutsuura-audio-fix-build/ModuleCache.noindex/ImageIO-310HT4MI306TA7FXLA9Z7Y9B.pcm

SwiftExplicitDependencyGeneratePcm arm64 /tmp/tsutsuura-audio-fix-build/ModuleCache.noindex/CoreText-8S36Y896JT3L1N35ORX6M8AHS.pcm

SwiftExplicitDependencyGeneratePcm arm64 /tmp/tsutsuura-audio-fix-build/ModuleCache.noindex/OpenGLES-369MT1ZP53QN8B264ASXPY9E8.pcm

SwiftExplicitDependencyGeneratePcm arm64 /tmp/tsutsuura-audio-fix-build/ModuleCache.noindex/CoreData-F3ZQL3BG1WRHBHQK0LAE03943.pcm

SwiftExplicitDependencyGeneratePcm arm64 /tmp/tsutsuura-audio-fix-build/ModuleCache.noindex/_LocationEssentials-4Z7CGRS0SN7ODWBEEMSFOPHSR.pcm

SwiftExplicitDependencyGeneratePcm arm64 /tmp/tsutsuura-audio-fix-build/ModuleCache.noindex/UniformTypeIdentifiers-3F7C7BB68D5HUHISBHOJVMPZ3.pcm

SwiftExplicitDependencyGeneratePcm arm64 /tmp/tsutsuura-audio-fix-build/ModuleCache.noindex/UserNotifications-Z2TNFQ8G07GZGC0T9VY1TTZH.pcm

SwiftExplicitDependencyGeneratePcm arm64 /tmp/tsutsuura-audio-fix-build/ModuleCache.noindex/UIUtilities-F4IV3NXC32EDS6XCZSTHWZJ2.pcm

SwiftExplicitDependencyGeneratePcm arm64 /tmp/tsutsuura-audio-fix-build/ModuleCache.noindex/Network-34L7U924SGG2KQC7WFOROSVK6.pcm

SwiftExplicitDependencyGeneratePcm arm64 /tmp/tsutsuura-audio-fix-build/ModuleCache.noindex/CoreHaptics-421ZER2KMLQ15OPZZJS0X3HP.pcm

SwiftExplicitDependencyGeneratePcm arm64 /tmp/tsutsuura-audio-fix-build/ModuleCache.noindex/CoreMIDI-6HOJXWI8PTT0JCTV1086O0BED.pcm

SwiftExplicitDependencyGeneratePcm arm64 /tmp/tsutsuura-audio-fix-build/ModuleCache.noindex/DataDetection-EFN8KWFN4XDJ930KL32D430LJ.pcm

SwiftExplicitDependencyGeneratePcm arm64 /tmp/tsutsuura-audio-fix-build/ModuleCache.noindex/OSLog-72WK43PFAJMOSYZVT1LE30TF2.pcm

SwiftExplicitDependencyGeneratePcm arm64 /tmp/tsutsuura-audio-fix-build/ModuleCache.noindex/CoreTransferable-8OV76ACWRT1DR12C8AVXNLJCA.pcm

SwiftExplicitDependencyGeneratePcm arm64 /tmp/tsutsuura-audio-fix-build/ModuleCache.noindex/Symbols-90LINOFD3P74RKSEAHJ0361LV.pcm

SwiftExplicitDependencyGeneratePcm arm64 /tmp/tsutsuura-audio-fix-build/ModuleCache.noindex/Accessibility-9TG1N9GVOEYYBAHBS55I6NFS6.pcm

SwiftExplicitDependencyGeneratePcm arm64 /tmp/tsutsuura-audio-fix-build/ModuleCache.noindex/IOSurface-AO62VOTSN5BYLDXIB500SPTGY.pcm

SwiftExplicitDependencyGeneratePcm arm64 /tmp/tsutsuura-audio-fix-build/ModuleCache.noindex/CoreLocation-9X1S79X78V9G38Q707Q5RN0O1.pcm

SwiftExplicitDependencyGeneratePcm arm64 /tmp/tsutsuura-audio-fix-build/ModuleCache.noindex/LocalAuthentication-BUTVE8K7KJ72IPGFNGHVS65TM.pcm

SwiftExplicitDependencyGeneratePcm arm64 /tmp/tsutsuura-audio-fix-build/ModuleCache.noindex/FileProvider-96LAWAK96JO9SDWK5LYYQ8R9M.pcm

SwiftExplicitDependencyGeneratePcm arm64 /tmp/tsutsuura-audio-fix-build/ModuleCache.noindex/AVRouting-F3Y0WITJA3QEH90YB336JGJE4.pcm

SwiftExplicitDependencyGeneratePcm arm64 /tmp/tsutsuura-audio-fix-build/ModuleCache.noindex/AudioToolbox-DSISK37XLJ0IEJJSL1Y3L27BP.pcm

SwiftExplicitDependencyGeneratePcm arm64 /tmp/tsutsuura-audio-fix-build/ModuleCache.noindex/Metal-4VWQF0S2J8V418ER1J2GV9BQ8.pcm

SwiftExplicitDependencyGeneratePcm arm64 /tmp/tsutsuura-audio-fix-build/ModuleCache.noindex/CoreVideo-AVB2P8JAAG4TF01FYAY1E9Z0V.pcm

SwiftExplicitDependencyGeneratePcm arm64 /tmp/tsutsuura-audio-fix-build/ModuleCache.noindex/CoreImage-AJ6A3BLJFREN56R4GCMLSJR18.pcm

SwiftExplicitDependencyGeneratePcm arm64 /tmp/tsutsuura-audio-fix-build/ModuleCache.noindex/CoreMedia-32PTHFLNHPQZUWSAMIIDFFQXF.pcm

SwiftExplicitDependencyGeneratePcm arm64 /tmp/tsutsuura-audio-fix-build/ModuleCache.noindex/QuartzCore-OO70MZ1ZSM6TWY3DQY21XK8O.pcm

SwiftExplicitDependencyGeneratePcm arm64 /tmp/tsutsuura-audio-fix-build/ModuleCache.noindex/SwiftUICore-CUEYHFWBN0K7WCB7PT1BG5RXR.pcm

SwiftExplicitDependencyGeneratePcm arm64 /tmp/tsutsuura-audio-fix-build/ModuleCache.noindex/MediaToolbox-56WQ0BHT0WKDH6OKAMRU2BW6I.pcm

SwiftExplicitDependencyGeneratePcm arm64 /tmp/tsutsuura-audio-fix-build/ModuleCache.noindex/AVFAudio-AY7P0BDNB7VIWCR9ZYTFU5R95.pcm

SwiftExplicitDependencyGeneratePcm arm64 /tmp/tsutsuura-audio-fix-build/ModuleCache.noindex/UIKit-9YKPK2G4SH3TY2LFX1XKX2SIX.pcm

SwiftExplicitDependencyGeneratePcm arm64 /tmp/tsutsuura-audio-fix-build/ModuleCache.noindex/AVFoundation-9JI13BK9IUU9XIM69IXDPKCII.pcm

SwiftExplicitDependencyGeneratePcm arm64 /tmp/tsutsuura-audio-fix-build/ModuleCache.noindex/Speech-BSAY8DFKAAAXBJWMXEVSTRX3T.pcm

SwiftExplicitDependencyGeneratePcm arm64 /tmp/tsutsuura-audio-fix-build/ModuleCache.noindex/Photos-2H4VFWPH2RC2O2DV54SBWA33W.pcm

SwiftExplicitDependencyGeneratePcm arm64 /tmp/tsutsuura-audio-fix-build/ModuleCache.noindex/SwiftUI-8ZM42PAPU74YQNF5EN1ILIOY5.pcm

SwiftExplicitDependencyGeneratePcm arm64 /tmp/tsutsuura-audio-fix-build/ModuleCache.noindex/PhotosUI-9O4K23FCLHA6PXGJ9QMCN6KMB.pcm

SwiftCompile normal arm64 Compiling\ TsutsuuraDesignSystem.swift,\ TsutsuuraScreens.swift /Users/takamimarsh/Developer/Projects/Toshizo/tsutsuura/tsutsuura/tsutsuura/TsutsuuraDesignSystem.swift /Users/takamimarsh/Developer/Projects/Toshizo/tsutsuura/tsutsuura/tsutsuura/TsutsuuraScreens.swift (in target 'tsutsuura' from project 'tsutsuura')
SwiftCompile normal arm64 /Users/takamimarsh/Developer/Projects/Toshizo/tsutsuura/tsutsuura/tsutsuura/TsutsuuraDesignSystem.swift (in target 'tsutsuura' from project 'tsutsuura')
    cd /Users/takamimarsh/Developer/Projects/Toshizo/tsutsuura/tsutsuura
    

SwiftCompile normal arm64 /Users/takamimarsh/Developer/Projects/Toshizo/tsutsuura/tsutsuura/tsutsuura/TsutsuuraScreens.swift (in target 'tsutsuura' from project 'tsutsuura')
    cd /Users/takamimarsh/Developer/Projects/Toshizo/tsutsuura/tsutsuura
    

SwiftEmitModule normal arm64 Emitting\ module\ for\ tsutsuura (in target 'tsutsuura' from project 'tsutsuura')

EmitSwiftModule normal arm64 (in target 'tsutsuura' from project 'tsutsuura')
    cd /Users/takamimarsh/Developer/Projects/Toshizo/tsutsuura/tsutsuura
    

SwiftCompile normal arm64 Compiling\ QuestionSchedulePresentation.swift,\ SpeechTranscriber.swift /Users/takamimarsh/Developer/Projects/Toshizo/tsutsuura/tsutsuura/tsutsuura/QuestionSchedulePresentation.swift /Users/takamimarsh/Developer/Projects/Toshizo/tsutsuura/tsutsuura/tsutsuura/SpeechTranscriber.swift (in target 'tsutsuura' from project 'tsutsuura')

SwiftCompile normal arm64 /Users/takamimarsh/Developer/Projects/Toshizo/tsutsuura/tsutsuura/tsutsuura/QuestionSchedulePresentation.swift (in target 'tsutsuura' from project 'tsutsuura')
    cd /Users/takamimarsh/Developer/Projects/Toshizo/tsutsuura/tsutsuura
    

SwiftCompile normal arm64 /Users/takamimarsh/Developer/Projects/Toshizo/tsutsuura/tsutsuura/tsutsuura/SpeechTranscriber.swift (in target 'tsutsuura' from project 'tsutsuura')
    cd /Users/takamimarsh/Developer/Projects/Toshizo/tsutsuura/tsutsuura
    

SwiftCompile normal arm64 Compiling\ PersonalMarkEditor.swift,\ PersonalMarkRequirement.swift,\ PhotoDismissGestureState.swift /Users/takamimarsh/Developer/Projects/Toshizo/tsutsuura/tsutsuura/tsutsuura/PersonalMarkEditor.swift /Users/takamimarsh/Developer/Projects/Toshizo/tsutsuura/tsutsuura/tsutsuura/PersonalMarkRequirement.swift /Users/takamimarsh/Developer/Projects/Toshizo/tsutsuura/tsutsuura/tsutsuura/PhotoDismissGestureState.swift (in target 'tsutsuura' from project 'tsutsuura')

SwiftCompile normal arm64 /Users/takamimarsh/Developer/Projects/Toshizo/tsutsuura/tsutsuura/tsutsuura/PersonalMarkEditor.swift (in target 'tsutsuura' from project 'tsutsuura')
    cd /Users/takamimarsh/Developer/Projects/Toshizo/tsutsuura/tsutsuura
    

SwiftCompile normal arm64 /Users/takamimarsh/Developer/Projects/Toshizo/tsutsuura/tsutsuura/tsutsuura/PersonalMarkRequirement.swift (in target 'tsutsuura' from project 'tsutsuura')
    cd /Users/takamimarsh/Developer/Projects/Toshizo/tsutsuura/tsutsuura
    

SwiftCompile normal arm64 /Users/takamimarsh/Developer/Projects/Toshizo/tsutsuura/tsutsuura/tsutsuura/PhotoDismissGestureState.swift (in target 'tsutsuura' from project 'tsutsuura')
    cd /Users/takamimarsh/Developer/Projects/Toshizo/tsutsuura/tsutsuura
    

SwiftCompile normal arm64 Compiling\ AnswerAudioPlayer.swift,\ AnswerMediaViews.swift,\ APIClient.swift /Users/takamimarsh/Developer/Projects/Toshizo/tsutsuura/tsutsuura/tsutsuura/AnswerAudioPlayer.swift /Users/takamimarsh/Developer/Projects/Toshizo/tsutsuura/tsutsuura/tsutsuura/AnswerMediaViews.swift /Users/takamimarsh/Developer/Projects/Toshizo/tsutsuura/tsutsuura/tsutsuura/APIClient.swift (in target 'tsutsuura' from project 'tsutsuura')

SwiftCompile normal arm64 /Users/takamimarsh/Developer/Projects/Toshizo/tsutsuura/tsutsuura/tsutsuura/AnswerAudioPlayer.swift (in target 'tsutsuura' from project 'tsutsuura')
    cd /Users/takamimarsh/Developer/Projects/Toshizo/tsutsuura/tsutsuura
    

SwiftCompile normal arm64 /Users/takamimarsh/Developer/Projects/Toshizo/tsutsuura/tsutsuura/tsutsuura/AnswerMediaViews.swift (in target 'tsutsuura' from project 'tsutsuura')
    cd /Users/takamimarsh/Developer/Projects/Toshizo/tsutsuura/tsutsuura
    

SwiftCompile normal arm64 /Users/takamimarsh/Developer/Projects/Toshizo/tsutsuura/tsutsuura/tsutsuura/APIClient.swift (in target 'tsutsuura' from project 'tsutsuura')
    cd /Users/takamimarsh/Developer/Projects/Toshizo/tsutsuura/tsutsuura
    

SwiftCompile normal arm64 Compiling\ ContentSafety.swift,\ ContentView.swift,\ DemoAppAPI.swift /Users/takamimarsh/Developer/Projects/Toshizo/tsutsuura/tsutsuura/tsutsuura/ContentSafety.swift /Users/takamimarsh/Developer/Projects/Toshizo/tsutsuura/tsutsuura/tsutsuura/ContentView.swift /Users/takamimarsh/Developer/Projects/Toshizo/tsutsuura/tsutsuura/tsutsuura/DemoAppAPI.swift (in target 'tsutsuura' from project 'tsutsuura')
SwiftCompile normal arm64 /Users/takamimarsh/Developer/Projects/Toshizo/tsutsuura/tsutsuura/tsutsuura/ContentSafety.swift (in target 'tsutsuura' from project 'tsutsuura')
    cd /Users/takamimarsh/Developer/Projects/Toshizo/tsutsuura/tsutsuura
    

SwiftCompile normal arm64 /Users/takamimarsh/Developer/Projects/Toshizo/tsutsuura/tsutsuura/tsutsuura/ContentView.swift (in target 'tsutsuura' from project 'tsutsuura')
    cd /Users/takamimarsh/Developer/Projects/Toshizo/tsutsuura/tsutsuura
    

SwiftCompile normal arm64 /Users/takamimarsh/Developer/Projects/Toshizo/tsutsuura/tsutsuura/tsutsuura/DemoAppAPI.swift (in target 'tsutsuura' from project 'tsutsuura')
    cd /Users/takamimarsh/Developer/Projects/Toshizo/tsutsuura/tsutsuura
    

SwiftCompile normal arm64 Compiling\ AppModels.swift,\ AppStore.swift,\ BackSwipeNavigation.swift /Users/takamimarsh/Developer/Projects/Toshizo/tsutsuura/tsutsuura/tsutsuura/AppModels.swift /Users/takamimarsh/Developer/Projects/Toshizo/tsutsuura/tsutsuura/tsutsuura/AppStore.swift /Users/takamimarsh/Developer/Projects/Toshizo/tsutsuura/tsutsuura/tsutsuura/BackSwipeNavigation.swift (in target 'tsutsuura' from project 'tsutsuura')

SwiftCompile normal arm64 /Users/takamimarsh/Developer/Projects/Toshizo/tsutsuura/tsutsuura/tsutsuura/AppModels.swift (in target 'tsutsuura' from project 'tsutsuura')
    cd /Users/takamimarsh/Developer/Projects/Toshizo/tsutsuura/tsutsuura
    

SwiftCompile normal arm64 /Users/takamimarsh/Developer/Projects/Toshizo/tsutsuura/tsutsuura/tsutsuura/AppStore.swift (in target 'tsutsuura' from project 'tsutsuura')
    cd /Users/takamimarsh/Developer/Projects/Toshizo/tsutsuura/tsutsuura
    

SwiftCompile normal arm64 /Users/takamimarsh/Developer/Projects/Toshizo/tsutsuura/tsutsuura/tsutsuura/BackSwipeNavigation.swift (in target 'tsutsuura' from project 'tsutsuura')
    cd /Users/takamimarsh/Developer/Projects/Toshizo/tsutsuura/tsutsuura
    

SwiftCompile normal arm64 Compiling\ PushNotifications.swift,\ PushRegistrationCoordinator.swift /Users/takamimarsh/Developer/Projects/Toshizo/tsutsuura/tsutsuura/tsutsuura/PushNotifications.swift /Users/takamimarsh/Developer/Projects/Toshizo/tsutsuura/tsutsuura/tsutsuura/PushRegistrationCoordinator.swift (in target 'tsutsuura' from project 'tsutsuura')

SwiftCompile normal arm64 /Users/takamimarsh/Developer/Projects/Toshizo/tsutsuura/tsutsuura/tsutsuura/PushNotifications.swift (in target 'tsutsuura' from project 'tsutsuura')
    cd /Users/takamimarsh/Developer/Projects/Toshizo/tsutsuura/tsutsuura
    

SwiftCompile normal arm64 /Users/takamimarsh/Developer/Projects/Toshizo/tsutsuura/tsutsuura/tsutsuura/PushRegistrationCoordinator.swift (in target 'tsutsuura' from project 'tsutsuura')
    cd /Users/takamimarsh/Developer/Projects/Toshizo/tsutsuura/tsutsuura
    

SwiftCompile normal arm64 Compiling\ VoiceRecordingFile.swift,\ GeneratedAssetSymbols.swift /Users/takamimarsh/Developer/Projects/Toshizo/tsutsuura/tsutsuura/tsutsuura/VoiceRecordingFile.swift /tmp/tsutsuura-audio-fix-build/Build/Intermediates.noindex/tsutsuura.build/Debug-iphonesimulator/tsutsuura.build/DerivedSources/GeneratedAssetSymbols.swift (in target 'tsutsuura' from project 'tsutsuura')

SwiftCompile normal arm64 /Users/takamimarsh/Developer/Projects/Toshizo/tsutsuura/tsutsuura/tsutsuura/VoiceRecordingFile.swift (in target 'tsutsuura' from project 'tsutsuura')
    cd /Users/takamimarsh/Developer/Projects/Toshizo/tsutsuura/tsutsuura
    

SwiftCompile normal arm64 /tmp/tsutsuura-audio-fix-build/Build/Intermediates.noindex/tsutsuura.build/Debug-iphonesimulator/tsutsuura.build/DerivedSources/GeneratedAssetSymbols.swift (in target 'tsutsuura' from project 'tsutsuura')
    cd /Users/takamimarsh/Developer/Projects/Toshizo/tsutsuura/tsutsuura
    

SwiftCompile normal arm64 Compiling\ TokenStorage.swift,\ tsutsuuraApp.swift /Users/takamimarsh/Developer/Projects/Toshizo/tsutsuura/tsutsuura/tsutsuura/TokenStorage.swift /Users/takamimarsh/Developer/Projects/Toshizo/tsutsuura/tsutsuura/tsutsuura/tsutsuuraApp.swift (in target 'tsutsuura' from project 'tsutsuura')

SwiftCompile normal arm64 /Users/takamimarsh/Developer/Projects/Toshizo/tsutsuura/tsutsuura/tsutsuura/TokenStorage.swift (in target 'tsutsuura' from project 'tsutsuura')
    cd /Users/takamimarsh/Developer/Projects/Toshizo/tsutsuura/tsutsuura
    

SwiftCompile normal arm64 /Users/takamimarsh/Developer/Projects/Toshizo/tsutsuura/tsutsuura/tsutsuura/tsutsuuraApp.swift (in target 'tsutsuura' from project 'tsutsuura')
    cd /Users/takamimarsh/Developer/Projects/Toshizo/tsutsuura/tsutsuura
    

SwiftCompile normal arm64 Compiling\ DeviceTimeZoneSynchronizer.swift,\ EmailAuthenticationScreens.swift,\ FamilySetupScreens.swift /Users/takamimarsh/Developer/Projects/Toshizo/tsutsuura/tsutsuura/tsutsuura/DeviceTimeZoneSynchronizer.swift /Users/takamimarsh/Developer/Projects/Toshizo/tsutsuura/tsutsuura/tsutsuura/EmailAuthenticationScreens.swift /Users/takamimarsh/Developer/Projects/Toshizo/tsutsuura/tsutsuura/tsutsuura/FamilySetupScreens.swift (in target 'tsutsuura' from project 'tsutsuura')

SwiftCompile normal arm64 /Users/takamimarsh/Developer/Projects/Toshizo/tsutsuura/tsutsuura/tsutsuura/DeviceTimeZoneSynchronizer.swift (in target 'tsutsuura' from project 'tsutsuura')
    cd /Users/takamimarsh/Developer/Projects/Toshizo/tsutsuura/tsutsuura
    

SwiftCompile normal arm64 /Users/takamimarsh/Developer/Projects/Toshizo/tsutsuura/tsutsuura/tsutsuura/EmailAuthenticationScreens.swift (in target 'tsutsuura' from project 'tsutsuura')
    cd /Users/takamimarsh/Developer/Projects/Toshizo/tsutsuura/tsutsuura
    

SwiftCompile normal arm64 /Users/takamimarsh/Developer/Projects/Toshizo/tsutsuura/tsutsuura/tsutsuura/FamilySetupScreens.swift (in target 'tsutsuura' from project 'tsutsuura')
    cd /Users/takamimarsh/Developer/Projects/Toshizo/tsutsuura/tsutsuura
    

SwiftCompile normal arm64 Compiling\ APIConfiguration.swift,\ AppHaptics.swift,\ AppInteractionServices.swift /Users/takamimarsh/Developer/Projects/Toshizo/tsutsuura/tsutsuura/tsutsuura/APIConfiguration.swift /Users/takamimarsh/Developer/Projects/Toshizo/tsutsuura/tsutsuura/tsutsuura/AppHaptics.swift /Users/takamimarsh/Developer/Projects/Toshizo/tsutsuura/tsutsuura/tsutsuura/AppInteractionServices.swift (in target 'tsutsuura' from project 'tsutsuura')

SwiftCompile normal arm64 /Users/takamimarsh/Developer/Projects/Toshizo/tsutsuura/tsutsuura/tsutsuura/APIConfiguration.swift (in target 'tsutsuura' from project 'tsutsuura')
    cd /Users/takamimarsh/Developer/Projects/Toshizo/tsutsuura/tsutsuura
    

SwiftCompile normal arm64 /Users/takamimarsh/Developer/Projects/Toshizo/tsutsuura/tsutsuura/tsutsuura/AppHaptics.swift (in target 'tsutsuura' from project 'tsutsuura')
    cd /Users/takamimarsh/Developer/Projects/Toshizo/tsutsuura/tsutsuura
    

SwiftCompile normal arm64 /Users/takamimarsh/Developer/Projects/Toshizo/tsutsuura/tsutsuura/tsutsuura/AppInteractionServices.swift (in target 'tsutsuura' from project 'tsutsuura')
    cd /Users/takamimarsh/Developer/Projects/Toshizo/tsutsuura/tsutsuura
    

LinkAssetCatalog /Users/takamimarsh/Developer/Projects/Toshizo/tsutsuura/tsutsuura/tsutsuura/Assets.xcassets (in target 'tsutsuura' from project 'tsutsuura')
    cd /Users/takamimarsh/Developer/Projects/Toshizo/tsutsuura/tsutsuura
    builtin-linkAssetCatalog --thinned /tmp/tsutsuura-audio-fix-build/Build/Intermediates.noindex/tsutsuura.build/Debug-iphonesimulator/tsutsuura.build/assetcatalog_output/thinned --thinned-dependencies /tmp/tsutsuura-audio-fix-build/Build/Intermediates.noindex/tsutsuura.build/Debug-iphonesimulator/tsutsuura.build/assetcatalog_dependencies_thinned --thinned-info-plist-content /tmp/tsutsuura-audio-fix-build/Build/Intermediates.noindex/tsutsuura.build/Debug-iphonesimulator/tsutsuura.build/assetcatalog_generated_info.plist_thinned --unthinned /tmp/tsutsuura-audio-fix-build/Build/Intermediates.noindex/tsutsuura.build/Debug-iphonesimulator/tsutsuura.build/assetcatalog_output/unthinned --unthinned-dependencies /tmp/tsutsuura-audio-fix-build/Build/Intermediates.noindex/tsutsuura.build/Debug-iphonesimulator/tsutsuura.build/assetcatalog_dependencies_unthinned --unthinned-info-plist-content /tmp/tsutsuura-audio-fix-build/Build/Intermediates.noindex/tsutsuura.build/Debug-iphonesimulator/tsutsuura.build/assetcatalog_generated_info.plist_unthinned --output /tmp/tsutsuura-audio-fix-build/Build/Products/Debug-iphonesimulator/tsutsuura.app --plist-output /tmp/tsutsuura-audio-fix-build/Build/Intermediates.noindex/tsutsuura.build/Debug-iphonesimulator/tsutsuura.build/assetcatalog_generated_info.plist
note: Emplaced /tmp/tsutsuura-audio-fix-build/Build/Products/Debug-iphonesimulator/tsutsuura.app/Assets.car (in target 'tsutsuura' from project 'tsutsuura')
note: Emplaced /tmp/tsutsuura-audio-fix-build/Build/Products/Debug-iphonesimulator/tsutsuura.app/AppIcon60x60@2x.png (in target 'tsutsuura' from project 'tsutsuura')
note: Emplaced /tmp/tsutsuura-audio-fix-build/Build/Products/Debug-iphonesimulator/tsutsuura.app/AppIcon76x76@2x~ipad.png (in target 'tsutsuura' from project 'tsutsuura')

SwiftDriverJobDiscovery normal arm64 Emitting module for tsutsuura (in target 'tsutsuura' from project 'tsutsuura')

SwiftDriver\ Compilation\ Requirements tsutsuura normal arm64 com.apple.xcode.tools.swift.compiler (in target 'tsutsuura' from project 'tsutsuura')
    cd /Users/takamimarsh/Developer/Projects/Toshizo/tsutsuura/tsutsuura
    builtin-Swift-Compilation-Requirements -- /Applications/Xcode.app/Contents/Developer/Toolchains/XcodeDefault.xctoolchain/usr/bin/swiftc -module-name tsutsuura -Onone @/tmp/tsutsuura-audio-fix-build/Build/Intermediates.noindex/tsutsuura.build/Debug-iphonesimulator/tsutsuura.build/Objects-normal/arm64/tsutsuura.SwiftFileList -DDEBUG -enable-bare-slash-regex -enable-upcoming-feature DisableOutwardActorInference -enable-upcoming-feature InferSendableFromCaptures -enable-upcoming-feature GlobalActorIsolatedTypesUsability -enable-upcoming-feature MemberImportVisibility -enable-upcoming-feature InferIsolatedConformances -enable-upcoming-feature NonisolatedNonsendingByDefault -enable-experimental-feature DebugDescriptionMacro -sdk /Applications/Xcode.app/Contents/Developer/Platforms/iPhoneSimulator.platform/Developer/SDKs/iPhoneSimulator26.5.sdk -target arm64-apple-ios26.2-simulator -g -module-cache-path /tmp/tsutsuura-audio-fix-build/ModuleCache.noindex -Xfrontend -serialize-debugging-options -profile-coverage-mapping -profile-generate -enable-testing -index-store-path /tmp/tsutsuura-audio-fix-build/Index.noindex/DataStore -Xcc -D_LIBCPP_HARDENING_MODE\=_LIBCPP_HARDENING_MODE_DEBUG -swift-version 5 -I /tmp/tsutsuura-audio-fix-build/Build/Products/Debug-iphonesimulator -F /tmp/tsutsuura-audio-fix-build/Build/Products/Debug-iphonesimulator -emit-localized-strings -emit-localized-strings-path /tmp/tsutsuura-audio-fix-build/Build/Intermediates.noindex/tsutsuura.build/Debug-iphonesimulator/tsutsuura.build/Objects-normal/arm64 -c -j12 -enable-batch-mode -incremental -Xcc -ivfsstatcache -Xcc /tmp/tsutsuura-audio-fix-build/SDKStatCaches.noindex/iphonesimulator26.5-23F81a-6cfe768891a92b912361537c460fe42b.sdkstatcache -output-file-map /tmp/tsutsuura-audio-fix-build/Build/Intermediates.noindex/tsutsuura.build/Debug-iphonesimulator/tsutsuura.build/Objects-normal/arm64/tsutsuura-OutputFileMap.json -use-frontend-parseable-output -save-temps -no-color-diagnostics -explicit-module-build -module-cache-path /tmp/tsutsuura-audio-fix-build/Build/Intermediates.noindex/SwiftExplicitPrecompiledModules -clang-scanner-module-cache-path /tmp/tsutsuura-audio-fix-build/ModuleCache.noindex -sdk-module-cache-path /tmp/tsutsuura-audio-fix-build/ModuleCache.noindex -serialize-diagnostics -emit-dependencies -emit-module -emit-module-path /tmp/tsutsuura-audio-fix-build/Build/Intermediates.noindex/tsutsuura.build/Debug-iphonesimulator/tsutsuura.build/Objects-normal/arm64/tsutsuura.swiftmodule -validate-clang-modules-once -clang-build-session-file /tmp/tsutsuura-audio-fix-build/ModuleCache.noindex/Session.modulevalidation -Xcc -I/tmp/tsutsuura-audio-fix-build/Build/Intermediates.noindex/tsutsuura.build/Debug-iphonesimulator/tsutsuura.build/swift-overrides.hmap -emit-const-values -Xfrontend -const-gather-protocols-file -Xfrontend /tmp/tsutsuura-audio-fix-build/Build/Intermediates.noindex/tsutsuura.build/Debug-iphonesimulator/tsutsuura.build/Objects-normal/arm64/tsutsuura_const_extract_protocols.json -Xcc -iquote -Xcc /tmp/tsutsuura-audio-fix-build/Build/Intermediates.noindex/tsutsuura.build/Debug-iphonesimulator/tsutsuura.build/tsutsuura-generated-files.hmap -Xcc -I/tmp/tsutsuura-audio-fix-build/Build/Intermediates.noindex/tsutsuura.build/Debug-iphonesimulator/tsutsuura.build/tsutsuura-own-target-headers.hmap -Xcc -I/tmp/tsutsuura-audio-fix-build/Build/Intermediates.noindex/tsutsuura.build/Debug-iphonesimulator/tsutsuura.build/tsutsuura-all-target-headers.hmap -Xcc -iquote -Xcc /tmp/tsutsuura-audio-fix-build/Build/Intermediates.noindex/tsutsuura.build/Debug-iphonesimulator/tsutsuura.build/tsutsuura-project-headers.hmap -Xcc -I/tmp/tsutsuura-audio-fix-build/Build/Products/Debug-iphonesimulator/include -Xcc -I/tmp/tsutsuura-audio-fix-build/Build/Intermediates.noindex/tsutsuura.build/Debug-iphonesimulator/tsutsuura.build/DerivedSources-normal/arm64 -Xcc -I/tmp/tsutsuura-audio-fix-build/Build/Intermediates.noindex/tsutsuura.build/Debug-iphonesimulator/tsutsuura.build/DerivedSources/arm64 -Xcc -I/tmp/tsutsuura-audio-fix-build/Build/Intermediates.noindex/tsutsuura.build/Debug-iphonesimulator/tsutsuura.build/DerivedSources -Xcc -DDEBUG\=1 -emit-objc-header -emit-objc-header-path /tmp/tsutsuura-audio-fix-build/Build/Intermediates.noindex/tsutsuura.build/Debug-iphonesimulator/tsutsuura.build/Objects-normal/arm64/tsutsuura-Swift.h -working-directory /Users/takamimarsh/Developer/Projects/Toshizo/tsutsuura/tsutsuura -experimental-emit-module-separately -disable-cmo

ProcessInfoPlistFile /tmp/tsutsuura-audio-fix-build/Build/Products/Debug-iphonesimulator/tsutsuura.app/Info.plist /Users/takamimarsh/Developer/Projects/Toshizo/tsutsuura/tsutsuura/tsutsuura/Info.plist (in target 'tsutsuura' from project 'tsutsuura')
    cd /Users/takamimarsh/Developer/Projects/Toshizo/tsutsuura/tsutsuura
    builtin-infoPlistUtility /Users/takamimarsh/Developer/Projects/Toshizo/tsutsuura/tsutsuura/tsutsuura/Info.plist -producttype com.apple.product-type.application -genpkginfo /tmp/tsutsuura-audio-fix-build/Build/Products/Debug-iphonesimulator/tsutsuura.app/PkgInfo -expandbuildsettings -format binary -platform iphonesimulator -additionalcontentfile /tmp/tsutsuura-audio-fix-build/Build/Intermediates.noindex/tsutsuura.build/Debug-iphonesimulator/tsutsuura.build/assetcatalog_generated_info.plist -o /tmp/tsutsuura-audio-fix-build/Build/Products/Debug-iphonesimulator/tsutsuura.app/Info.plist

SwiftMergeGeneratedHeaders /tmp/tsutsuura-audio-fix-build/Build/Intermediates.noindex/tsutsuura.build/Debug-iphonesimulator/tsutsuura.build/DerivedSources/tsutsuura-Swift.h /tmp/tsutsuura-audio-fix-build/Build/Intermediates.noindex/tsutsuura.build/Debug-iphonesimulator/tsutsuura.build/Objects-normal/arm64/tsutsuura-Swift.h (in target 'tsutsuura' from project 'tsutsuura')
    cd /Users/takamimarsh/Developer/Projects/Toshizo/tsutsuura/tsutsuura
    builtin-swiftHeaderTool -arch arm64 /tmp/tsutsuura-audio-fix-build/Build/Intermediates.noindex/tsutsuura.build/Debug-iphonesimulator/tsutsuura.build/Objects-normal/arm64/tsutsuura-Swift.h -o /tmp/tsutsuura-audio-fix-build/Build/Intermediates.noindex/tsutsuura.build/Debug-iphonesimulator/tsutsuura.build/DerivedSources/tsutsuura-Swift.h

Copy /tmp/tsutsuura-audio-fix-build/Build/Products/Debug-iphonesimulator/tsutsuura.swiftmodule/arm64-apple-ios-simulator.swiftmodule /tmp/tsutsuura-audio-fix-build/Build/Intermediates.noindex/tsutsuura.build/Debug-iphonesimulator/tsutsuura.build/Objects-normal/arm64/tsutsuura.swiftmodule (in target 'tsutsuura' from project 'tsutsuura')
    cd /Users/takamimarsh/Developer/Projects/Toshizo/tsutsuura/tsutsuura
    builtin-copy -exclude .DS_Store -exclude CVS -exclude .svn -exclude .git -exclude .hg -resolve-src-symlinks -rename /tmp/tsutsuura-audio-fix-build/Build/Intermediates.noindex/tsutsuura.build/Debug-iphonesimulator/tsutsuura.build/Objects-normal/arm64/tsutsuura.swiftmodule /tmp/tsutsuura-audio-fix-build/Build/Products/Debug-iphonesimulator/tsutsuura.swiftmodule/arm64-apple-ios-simulator.swiftmodule

Copy /tmp/tsutsuura-audio-fix-build/Build/Products/Debug-iphonesimulator/tsutsuura.swiftmodule/arm64-apple-ios-simulator.swiftdoc /tmp/tsutsuura-audio-fix-build/Build/Intermediates.noindex/tsutsuura.build/Debug-iphonesimulator/tsutsuura.build/Objects-normal/arm64/tsutsuura.swiftdoc (in target 'tsutsuura' from project 'tsutsuura')
    cd /Users/takamimarsh/Developer/Projects/Toshizo/tsutsuura/tsutsuura
    builtin-copy -exclude .DS_Store -exclude CVS -exclude .svn -exclude .git -exclude .hg -resolve-src-symlinks -rename /tmp/tsutsuura-audio-fix-build/Build/Intermediates.noindex/tsutsuura.build/Debug-iphonesimulator/tsutsuura.build/Objects-normal/arm64/tsutsuura.swiftdoc /tmp/tsutsuura-audio-fix-build/Build/Products/Debug-iphonesimulator/tsutsuura.swiftmodule/arm64-apple-ios-simulator.swiftdoc

Copy /tmp/tsutsuura-audio-fix-build/Build/Products/Debug-iphonesimulator/tsutsuura.swiftmodule/arm64-apple-ios-simulator.abi.json /tmp/tsutsuura-audio-fix-build/Build/Intermediates.noindex/tsutsuura.build/Debug-iphonesimulator/tsutsuura.build/Objects-normal/arm64/tsutsuura.abi.json (in target 'tsutsuura' from project 'tsutsuura')
    cd /Users/takamimarsh/Developer/Projects/Toshizo/tsutsuura/tsutsuura
    builtin-copy -exclude .DS_Store -exclude CVS -exclude .svn -exclude .git -exclude .hg -resolve-src-symlinks -rename /tmp/tsutsuura-audio-fix-build/Build/Intermediates.noindex/tsutsuura.build/Debug-iphonesimulator/tsutsuura.build/Objects-normal/arm64/tsutsuura.abi.json /tmp/tsutsuura-audio-fix-build/Build/Products/Debug-iphonesimulator/tsutsuura.swiftmodule/arm64-apple-ios-simulator.abi.json

Copy /tmp/tsutsuura-audio-fix-build/Build/Products/Debug-iphonesimulator/tsutsuura.swiftmodule/Project/arm64-apple-ios-simulator.swiftsourceinfo /tmp/tsutsuura-audio-fix-build/Build/Intermediates.noindex/tsutsuura.build/Debug-iphonesimulator/tsutsuura.build/Objects-normal/arm64/tsutsuura.swiftsourceinfo (in target 'tsutsuura' from project 'tsutsuura')
    cd /Users/takamimarsh/Developer/Projects/Toshizo/tsutsuura/tsutsuura
    builtin-copy -exclude .DS_Store -exclude CVS -exclude .svn -exclude .git -exclude .hg -resolve-src-symlinks -rename /tmp/tsutsuura-audio-fix-build/Build/Intermediates.noindex/tsutsuura.build/Debug-iphonesimulator/tsutsuura.build/Objects-normal/arm64/tsutsuura.swiftsourceinfo /tmp/tsutsuura-audio-fix-build/Build/Products/Debug-iphonesimulator/tsutsuura.swiftmodule/Project/arm64-apple-ios-simulator.swiftsourceinfo

SwiftCompile normal arm64 Compiling\ HomeAutoRefresh.swift,\ HomeBannerPullToReveal.swift,\ LifecycleScreens.swift /Users/takamimarsh/Developer/Projects/Toshizo/tsutsuura/tsutsuura/tsutsuura/HomeAutoRefresh.swift /Users/takamimarsh/Developer/Projects/Toshizo/tsutsuura/tsutsuura/tsutsuura/HomeBannerPullToReveal.swift /Users/takamimarsh/Developer/Projects/Toshizo/tsutsuura/tsutsuura/tsutsuura/LifecycleScreens.swift (in target 'tsutsuura' from project 'tsutsuura')

SwiftCompile normal arm64 /Users/takamimarsh/Developer/Projects/Toshizo/tsutsuura/tsutsuura/tsutsuura/HomeAutoRefresh.swift (in target 'tsutsuura' from project 'tsutsuura')
    cd /Users/takamimarsh/Developer/Projects/Toshizo/tsutsuura/tsutsuura
    

SwiftCompile normal arm64 /Users/takamimarsh/Developer/Projects/Toshizo/tsutsuura/tsutsuura/tsutsuura/HomeBannerPullToReveal.swift (in target 'tsutsuura' from project 'tsutsuura')
    cd /Users/takamimarsh/Developer/Projects/Toshizo/tsutsuura/tsutsuura
    

SwiftCompile normal arm64 /Users/takamimarsh/Developer/Projects/Toshizo/tsutsuura/tsutsuura/tsutsuura/LifecycleScreens.swift (in target 'tsutsuura' from project 'tsutsuura')
    cd /Users/takamimarsh/Developer/Projects/Toshizo/tsutsuura/tsutsuura
    

SwiftDriverJobDiscovery normal arm64 Compiling APIConfiguration.swift, AppHaptics.swift, AppInteractionServices.swift (in target 'tsutsuura' from project 'tsutsuura')

ProcessProductPackaging "" /tmp/tsutsuura-audio-fix-build/Build/Intermediates.noindex/tsutsuura.build/Debug-iphonesimulator/tsutsuuraUITests.build/tsutsuuraUITests.xctest-Simulated.xcent (in target 'tsutsuuraUITests' from project 'tsutsuura')
    cd /Users/takamimarsh/Developer/Projects/Toshizo/tsutsuura/tsutsuura
    
    Entitlements:
    
    {
    "application-identifier" = "34NS8XN5F9.toshizo.link.tsutsuuraUITests.xctrunner";
    "keychain-access-groups" =     (
        "34NS8XN5F9.toshizo.link.tsutsuuraUITests.xctrunner"
    );
}
    
    builtin-productPackagingUtility -entitlements -format xml -o /tmp/tsutsuura-audio-fix-build/Build/Intermediates.noindex/tsutsuura.build/Debug-iphonesimulator/tsutsuuraUITests.build/tsutsuuraUITests.xctest-Simulated.xcent

ProcessProductPackagingDER /tmp/tsutsuura-audio-fix-build/Build/Intermediates.noindex/tsutsuura.build/Debug-iphonesimulator/tsutsuuraUITests.build/tsutsuuraUITests.xctest-Simulated.xcent /tmp/tsutsuura-audio-fix-build/Build/Intermediates.noindex/tsutsuura.build/Debug-iphonesimulator/tsutsuuraUITests.build/tsutsuuraUITests.xctest-Simulated.xcent.der (in target 'tsutsuuraUITests' from project 'tsutsuura')
    cd /Users/takamimarsh/Developer/Projects/Toshizo/tsutsuura/tsutsuura
    /usr/bin/derq query -f xml -i /tmp/tsutsuura-audio-fix-build/Build/Intermediates.noindex/tsutsuura.build/Debug-iphonesimulator/tsutsuuraUITests.build/tsutsuuraUITests.xctest-Simulated.xcent -o /tmp/tsutsuura-audio-fix-build/Build/Intermediates.noindex/tsutsuura.build/Debug-iphonesimulator/tsutsuuraUITests.build/tsutsuuraUITests.xctest-Simulated.xcent.der --raw

SwiftDriver tsutsuuraUITests normal arm64 com.apple.xcode.tools.swift.compiler (in target 'tsutsuuraUITests' from project 'tsutsuura')
    cd /Users/takamimarsh/Developer/Projects/Toshizo/tsutsuura/tsutsuura
    builtin-SwiftDriver -- /Applications/Xcode.app/Contents/Developer/Toolchains/XcodeDefault.xctoolchain/usr/bin/swiftc -module-name tsutsuuraUITests -Onone @/tmp/tsutsuura-audio-fix-build/Build/Intermediates.noindex/tsutsuura.build/Debug-iphonesimulator/tsutsuuraUITests.build/Objects-normal/arm64/tsutsuuraUITests.SwiftFileList -DDEBUG -module-alias Testing\=_Testing_Unavailable -plugin-path /Applications/Xcode.app/Contents/Developer/Toolchains/XcodeDefault.xctoolchain/usr/lib/swift/host/plugins/testing -enable-bare-slash-regex -enable-upcoming-feature DisableOutwardActorInference -enable-upcoming-feature InferSendableFromCaptures -enable-upcoming-feature GlobalActorIsolatedTypesUsability -enable-upcoming-feature MemberImportVisibility -enable-upcoming-feature InferIsolatedConformances -enable-upcoming-feature NonisolatedNonsendingByDefault -enable-experimental-feature DebugDescriptionMacro -sdk /Applications/Xcode.app/Contents/Developer/Platforms/iPhoneSimulator.platform/Developer/SDKs/iPhoneSimulator26.5.sdk -target arm64-apple-ios26.2-simulator -g -module-cache-path /tmp/tsutsuura-audio-fix-build/ModuleCache.noindex -Xfrontend -serialize-debugging-options -profile-coverage-mapping -profile-generate -enable-testing -index-store-path /tmp/tsutsuura-audio-fix-build/Index.noindex/DataStore -Xcc -D_LIBCPP_HARDENING_MODE\=_LIBCPP_HARDENING_MODE_DEBUG -swift-version 5 -I /tmp/tsutsuura-audio-fix-build/Build/Products/Debug-iphonesimulator -Isystem /Applications/Xcode.app/Contents/Developer/Platforms/iPhoneSimulator.platform/Developer/usr/lib -F /tmp/tsutsuura-audio-fix-build/Build/Products/Debug-iphonesimulator -F /Applications/Xcode.app/Contents/Developer/Platforms/iPhoneSimulator.platform/Developer/Library/Frameworks -F /Applications/Xcode.app/Contents/Developer/Platforms/iPhoneSimulator.platform/Developer/SDKs/iPhoneSimulator26.5.sdk/Developer/Library/Frameworks -c -j12 -enable-batch-mode -incremental -Xcc -ivfsstatcache -Xcc /tmp/tsutsuura-audio-fix-build/SDKStatCaches.noindex/iphonesimulator26.5-23F81a-6cfe768891a92b912361537c460fe42b.sdkstatcache -output-file-map /tmp/tsutsuura-audio-fix-build/Build/Intermediates.noindex/tsutsuura.build/Debug-iphonesimulator/tsutsuuraUITests.build/Objects-normal/arm64/tsutsuuraUITests-OutputFileMap.json -use-frontend-parseable-output -save-temps -no-color-diagnostics -explicit-module-build -module-cache-path /tmp/tsutsuura-audio-fix-build/Build/Intermediates.noindex/SwiftExplicitPrecompiledModules -clang-scanner-module-cache-path /tmp/tsutsuura-audio-fix-build/ModuleCache.noindex -sdk-module-cache-path /tmp/tsutsuura-audio-fix-build/ModuleCache.noindex -serialize-diagnostics -emit-dependencies -emit-module -emit-module-path /tmp/tsutsuura-audio-fix-build/Build/Intermediates.noindex/tsutsuura.build/Debug-iphonesimulator/tsutsuuraUITests.build/Objects-normal/arm64/tsutsuuraUITests.swiftmodule -validate-clang-modules-once -clang-build-session-file /tmp/tsutsuura-audio-fix-build/ModuleCache.noindex/Session.modulevalidation -Xcc -I/tmp/tsutsuura-audio-fix-build/Build/Intermediates.noindex/tsutsuura.build/Debug-iphonesimulator/tsutsuuraUITests.build/swift-overrides.hmap -emit-const-values -Xfrontend -const-gather-protocols-file -Xfrontend /tmp/tsutsuura-audio-fix-build/Build/Intermediates.noindex/tsutsuura.build/Debug-iphonesimulator/tsutsuuraUITests.build/Objects-normal/arm64/tsutsuuraUITests_const_extract_protocols.json -Xcc -iquote -Xcc /tmp/tsutsuura-audio-fix-build/Build/Intermediates.noindex/tsutsuura.build/Debug-iphonesimulator/tsutsuuraUITests.build/tsutsuuraUITests-generated-files.hmap -Xcc -I/tmp/tsutsuura-audio-fix-build/Build/Intermediates.noindex/tsutsuura.build/Debug-iphonesimulator/tsutsuuraUITests.build/tsutsuuraUITests-own-target-headers.hmap -Xcc -I/tmp/tsutsuura-audio-fix-build/Build/Intermediates.noindex/tsutsuura.build/Debug-iphonesimulator/tsutsuuraUITests.build/tsutsuuraUITests-all-target-headers.hmap -Xcc -iquote -Xcc /tmp/tsutsuura-audio-fix-build/Build/Intermediates.noindex/tsutsuura.build/Debug-iphonesimulator/tsutsuuraUITests.build/tsutsuuraUITests-project-headers.hmap -Xcc -I/tmp/tsutsuura-audio-fix-build/Build/Products/Debug-iphonesimulator/include -Xcc -I/tmp/tsutsuura-audio-fix-build/Build/Intermediates.noindex/tsutsuura.build/Debug-iphonesimulator/tsutsuuraUITests.build/DerivedSources-normal/arm64 -Xcc -I/tmp/tsutsuura-audio-fix-build/Build/Intermediates.noindex/tsutsuura.build/Debug-iphonesimulator/tsutsuuraUITests.build/DerivedSources/arm64 -Xcc -I/tmp/tsutsuura-audio-fix-build/Build/Intermediates.noindex/tsutsuura.build/Debug-iphonesimulator/tsutsuuraUITests.build/DerivedSources -Xcc -DDEBUG\=1 -emit-objc-header -emit-objc-header-path /tmp/tsutsuura-audio-fix-build/Build/Intermediates.noindex/tsutsuura.build/Debug-iphonesimulator/tsutsuuraUITests.build/Objects-normal/arm64/tsutsuuraUITests-Swift.h -working-directory /Users/takamimarsh/Developer/Projects/Toshizo/tsutsuura/tsutsuura -experimental-emit-module-separately -disable-cmo

SwiftDriver tsutsuuraTests normal arm64 com.apple.xcode.tools.swift.compiler (in target 'tsutsuuraTests' from project 'tsutsuura')
    cd /Users/takamimarsh/Developer/Projects/Toshizo/tsutsuura/tsutsuura
    builtin-SwiftDriver -- /Applications/Xcode.app/Contents/Developer/Toolchains/XcodeDefault.xctoolchain/usr/bin/swiftc -module-name tsutsuuraTests -Onone @/tmp/tsutsuura-audio-fix-build/Build/Intermediates.noindex/tsutsuura.build/Debug-iphonesimulator/tsutsuuraTests.build/Objects-normal/arm64/tsutsuuraTests.SwiftFileList -DDEBUG -plugin-path /Applications/Xcode.app/Contents/Developer/Toolchains/XcodeDefault.xctoolchain/usr/lib/swift/host/plugins/testing -enable-bare-slash-regex -enable-upcoming-feature DisableOutwardActorInference -enable-upcoming-feature InferSendableFromCaptures -enable-upcoming-feature GlobalActorIsolatedTypesUsability -enable-upcoming-feature MemberImportVisibility -enable-upcoming-feature InferIsolatedConformances -enable-upcoming-feature NonisolatedNonsendingByDefault -enable-experimental-feature DebugDescriptionMacro -sdk /Applications/Xcode.app/Contents/Developer/Platforms/iPhoneSimulator.platform/Developer/SDKs/iPhoneSimulator26.5.sdk -target arm64-apple-ios26.2-simulator -g -module-cache-path /tmp/tsutsuura-audio-fix-build/ModuleCache.noindex -Xfrontend -serialize-debugging-options -profile-coverage-mapping -profile-generate -enable-testing -index-store-path /tmp/tsutsuura-audio-fix-build/Index.noindex/DataStore -Xcc -D_LIBCPP_HARDENING_MODE\=_LIBCPP_HARDENING_MODE_DEBUG -swift-version 5 -I /tmp/tsutsuura-audio-fix-build/Build/Products/Debug-iphonesimulator -Isystem /Applications/Xcode.app/Contents/Developer/Platforms/iPhoneSimulator.platform/Developer/usr/lib -F /tmp/tsutsuura-audio-fix-build/Build/Products/Debug-iphonesimulator -F /Applications/Xcode.app/Contents/Developer/Platforms/iPhoneSimulator.platform/Developer/Library/Frameworks -F /Applications/Xcode.app/Contents/Developer/Platforms/iPhoneSimulator.platform/Developer/SDKs/iPhoneSimulator26.5.sdk/Developer/Library/Frameworks -c -j12 -enable-batch-mode -incremental -Xcc -ivfsstatcache -Xcc /tmp/tsutsuura-audio-fix-build/SDKStatCaches.noindex/iphonesimulator26.5-23F81a-6cfe768891a92b912361537c460fe42b.sdkstatcache -output-file-map /tmp/tsutsuura-audio-fix-build/Build/Intermediates.noindex/tsutsuura.build/Debug-iphonesimulator/tsutsuuraTests.build/Objects-normal/arm64/tsutsuuraTests-OutputFileMap.json -use-frontend-parseable-output -save-temps -no-color-diagnostics -explicit-module-build -module-cache-path /tmp/tsutsuura-audio-fix-build/Build/Intermediates.noindex/SwiftExplicitPrecompiledModules -clang-scanner-module-cache-path /tmp/tsutsuura-audio-fix-build/ModuleCache.noindex -sdk-module-cache-path /tmp/tsutsuura-audio-fix-build/ModuleCache.noindex -serialize-diagnostics -emit-dependencies -emit-module -emit-module-path /tmp/tsutsuura-audio-fix-build/Build/Intermediates.noindex/tsutsuura.build/Debug-iphonesimulator/tsutsuuraTests.build/Objects-normal/arm64/tsutsuuraTests.swiftmodule -validate-clang-modules-once -clang-build-session-file /tmp/tsutsuura-audio-fix-build/ModuleCache.noindex/Session.modulevalidation -Xcc -I/tmp/tsutsuura-audio-fix-build/Build/Intermediates.noindex/tsutsuura.build/Debug-iphonesimulator/tsutsuuraTests.build/swift-overrides.hmap -emit-const-values -Xfrontend -const-gather-protocols-file -Xfrontend /tmp/tsutsuura-audio-fix-build/Build/Intermediates.noindex/tsutsuura.build/Debug-iphonesimulator/tsutsuuraTests.build/Objects-normal/arm64/tsutsuuraTests_const_extract_protocols.json -Xcc -iquote -Xcc /tmp/tsutsuura-audio-fix-build/Build/Intermediates.noindex/tsutsuura.build/Debug-iphonesimulator/tsutsuuraTests.build/tsutsuuraTests-generated-files.hmap -Xcc -I/tmp/tsutsuura-audio-fix-build/Build/Intermediates.noindex/tsutsuura.build/Debug-iphonesimulator/tsutsuuraTests.build/tsutsuuraTests-own-target-headers.hmap -Xcc -I/tmp/tsutsuura-audio-fix-build/Build/Intermediates.noindex/tsutsuura.build/Debug-iphonesimulator/tsutsuuraTests.build/tsutsuuraTests-all-target-headers.hmap -Xcc -iquote -Xcc /tmp/tsutsuura-audio-fix-build/Build/Intermediates.noindex/tsutsuura.build/Debug-iphonesimulator/tsutsuuraTests.build/tsutsuuraTests-project-headers.hmap -Xcc -I/tmp/tsutsuura-audio-fix-build/Build/Products/Debug-iphonesimulator/include -Xcc -I/tmp/tsutsuura-audio-fix-build/Build/Intermediates.noindex/tsutsuura.build/Debug-iphonesimulator/tsutsuuraTests.build/DerivedSources-normal/arm64 -Xcc -I/tmp/tsutsuura-audio-fix-build/Build/Intermediates.noindex/tsutsuura.build/Debug-iphonesimulator/tsutsuuraTests.build/DerivedSources/arm64 -Xcc -I/tmp/tsutsuura-audio-fix-build/Build/Intermediates.noindex/tsutsuura.build/Debug-iphonesimulator/tsutsuuraTests.build/DerivedSources -Xcc -DDEBUG\=1 -emit-objc-header -emit-objc-header-path /tmp/tsutsuura-audio-fix-build/Build/Intermediates.noindex/tsutsuura.build/Debug-iphonesimulator/tsutsuuraTests.build/Objects-normal/arm64/tsutsuuraTests-Swift.h -working-directory /Users/takamimarsh/Developer/Projects/Toshizo/tsutsuura/tsutsuura -experimental-emit-module-separately -disable-cmo

SwiftDriverJobDiscovery normal arm64 Compiling VoiceRecordingFile.swift, GeneratedAssetSymbols.swift (in target 'tsutsuura' from project 'tsutsuura')

SwiftDriverJobDiscovery normal arm64 Compiling PushNotifications.swift, PushRegistrationCoordinator.swift (in target 'tsutsuura' from project 'tsutsuura')

SwiftDriverJobDiscovery normal arm64 Compiling TokenStorage.swift, tsutsuuraApp.swift (in target 'tsutsuura' from project 'tsutsuura')

SwiftDriverJobDiscovery normal arm64 Compiling QuestionSchedulePresentation.swift, SpeechTranscriber.swift (in target 'tsutsuura' from project 'tsutsuura')

SwiftDriverJobDiscovery normal arm64 Compiling PersonalMarkEditor.swift, PersonalMarkRequirement.swift, PhotoDismissGestureState.swift (in target 'tsutsuura' from project 'tsutsuura')

SwiftDriverJobDiscovery normal arm64 Compiling DeviceTimeZoneSynchronizer.swift, EmailAuthenticationScreens.swift, FamilySetupScreens.swift (in target 'tsutsuura' from project 'tsutsuura')

SwiftExplicitDependencyGeneratePcm arm64 /tmp/tsutsuura-audio-fix-build/Build/Intermediates.noindex/SwiftExplicitPrecompiledModules/XCUIAutomation-D0WGUBAF1ZJZHR5SUUJFTAN6J.pcm

SwiftExplicitDependencyCompileModuleFromInterface arm64 /tmp/tsutsuura-audio-fix-build/Build/Intermediates.noindex/SwiftExplicitPrecompiledModules/XCUIAutomation-V42TP6YAOCS8.swiftmodule

SwiftExplicitDependencyGeneratePcm arm64 /tmp/tsutsuura-audio-fix-build/Build/Intermediates.noindex/SwiftExplicitPrecompiledModules/XCTest-DRLW9QBS9KI06GZWE1FJZFXTT.pcm

SwiftExplicitDependencyCompileModuleFromInterface arm64 /tmp/tsutsuura-audio-fix-build/Build/Intermediates.noindex/SwiftExplicitPrecompiledModules/XCTest-14XHY6D4I9MXF.swiftmodule

SwiftEmitModule normal arm64 Emitting\ module\ for\ tsutsuuraTests (in target 'tsutsuuraTests' from project 'tsutsuura')

EmitSwiftModule normal arm64 (in target 'tsutsuuraTests' from project 'tsutsuura')
    cd /Users/takamimarsh/Developer/Projects/Toshizo/tsutsuura/tsutsuura
    

SwiftEmitModule normal arm64 Emitting\ module\ for\ tsutsuuraUITests (in target 'tsutsuuraUITests' from project 'tsutsuura')

EmitSwiftModule normal arm64 (in target 'tsutsuuraUITests' from project 'tsutsuura')
    cd /Users/takamimarsh/Developer/Projects/Toshizo/tsutsuura/tsutsuura
    

SwiftCompile normal arm64 Compiling\ tsutsuuraTests.swift /Users/takamimarsh/Developer/Projects/Toshizo/tsutsuura/tsutsuura/tsutsuuraTests/tsutsuuraTests.swift (in target 'tsutsuuraTests' from project 'tsutsuura')
SwiftCompile normal arm64 /Users/takamimarsh/Developer/Projects/Toshizo/tsutsuura/tsutsuura/tsutsuuraTests/tsutsuuraTests.swift (in target 'tsutsuuraTests' from project 'tsutsuura')
    cd /Users/takamimarsh/Developer/Projects/Toshizo/tsutsuura/tsutsuura
    
/Users/takamimarsh/Developer/Projects/Toshizo/tsutsuura/tsutsuura/tsutsuuraTests/tsutsuuraTests.swift:1357:29: warning: no calls to throwing functions occur within 'try' expression
        let retainedToken = try await tokenStore.readToken()
                            ^
/Users/takamimarsh/Developer/Projects/Toshizo/tsutsuura/tsutsuura/tsutsuuraTests/tsutsuuraTests.swift:1373:28: warning: no calls to throwing functions occur within 'try' expression
        let successToken = try await successStore.readToken()
                           ^
/Users/takamimarsh/Developer/Projects/Toshizo/tsutsuura/tsutsuura/tsutsuuraTests/tsutsuuraTests.swift:1390:28: warning: no calls to throwing functions occur within 'try' expression
        let expiredToken = try await expiredStore.readToken()
                           ^
/Users/takamimarsh/Developer/Projects/Toshizo/tsutsuura/tsutsuura/tsutsuuraTests/tsutsuuraTests.swift:5132:26: warning: no calls to throwing functions occur within 'try' expression
        let hasSession = try await api.hasStoredSession()
                         ^

SwiftCompile normal arm64 Compiling\ SaveNavigationTests.swift /Users/takamimarsh/Developer/Projects/Toshizo/tsutsuura/tsutsuura/tsutsuuraTests/SaveNavigationTests.swift (in target 'tsutsuuraTests' from project 'tsutsuura')

SwiftCompile normal arm64 /Users/takamimarsh/Developer/Projects/Toshizo/tsutsuura/tsutsuura/tsutsuuraTests/SaveNavigationTests.swift (in target 'tsutsuuraTests' from project 'tsutsuura')
    cd /Users/takamimarsh/Developer/Projects/Toshizo/tsutsuura/tsutsuura
    

SwiftCompile normal arm64 Compiling\ HomeRefinementsUITests.swift /Users/takamimarsh/Developer/Projects/Toshizo/tsutsuura/tsutsuura/tsutsuuraUITests/HomeRefinementsUITests.swift (in target 'tsutsuuraUITests' from project 'tsutsuura')

SwiftCompile normal arm64 /Users/takamimarsh/Developer/Projects/Toshizo/tsutsuura/tsutsuura/tsutsuuraUITests/HomeRefinementsUITests.swift (in target 'tsutsuuraUITests' from project 'tsutsuura')
    cd /Users/takamimarsh/Developer/Projects/Toshizo/tsutsuura/tsutsuura
    

SwiftCompile normal arm64 Compiling\ tsutsuuraUITests.swift /Users/takamimarsh/Developer/Projects/Toshizo/tsutsuura/tsutsuura/tsutsuuraUITests/tsutsuuraUITests.swift (in target 'tsutsuuraUITests' from project 'tsutsuura')

SwiftCompile normal arm64 /Users/takamimarsh/Developer/Projects/Toshizo/tsutsuura/tsutsuura/tsutsuuraUITests/tsutsuuraUITests.swift (in target 'tsutsuuraUITests' from project 'tsutsuura')
    cd /Users/takamimarsh/Developer/Projects/Toshizo/tsutsuura/tsutsuura
    

SwiftCompile normal arm64 Compiling\ PersonalMarkDrawingUITests.swift /Users/takamimarsh/Developer/Projects/Toshizo/tsutsuura/tsutsuura/tsutsuuraUITests/PersonalMarkDrawingUITests.swift (in target 'tsutsuuraUITests' from project 'tsutsuura')

SwiftCompile normal arm64 /Users/takamimarsh/Developer/Projects/Toshizo/tsutsuura/tsutsuura/tsutsuuraUITests/PersonalMarkDrawingUITests.swift (in target 'tsutsuuraUITests' from project 'tsutsuura')
    cd /Users/takamimarsh/Developer/Projects/Toshizo/tsutsuura/tsutsuura
    

SwiftCompile normal arm64 Compiling\ tsutsuuraUITestsLaunchTests.swift /Users/takamimarsh/Developer/Projects/Toshizo/tsutsuura/tsutsuura/tsutsuuraUITests/tsutsuuraUITestsLaunchTests.swift (in target 'tsutsuuraUITests' from project 'tsutsuura')

SwiftCompile normal arm64 /Users/takamimarsh/Developer/Projects/Toshizo/tsutsuura/tsutsuura/tsutsuuraUITests/tsutsuuraUITestsLaunchTests.swift (in target 'tsutsuuraUITests' from project 'tsutsuura')
    cd /Users/takamimarsh/Developer/Projects/Toshizo/tsutsuura/tsutsuura
    

SwiftDriverJobDiscovery normal arm64 Compiling HomeAutoRefresh.swift, HomeBannerPullToReveal.swift, LifecycleScreens.swift (in target 'tsutsuura' from project 'tsutsuura')

SwiftCompile normal arm64 Compiling\ ContentSafetyUITests.swift /Users/takamimarsh/Developer/Projects/Toshizo/tsutsuura/tsutsuura/tsutsuuraUITests/ContentSafetyUITests.swift (in target 'tsutsuuraUITests' from project 'tsutsuura')

SwiftCompile normal arm64 /Users/takamimarsh/Developer/Projects/Toshizo/tsutsuura/tsutsuura/tsutsuuraUITests/ContentSafetyUITests.swift (in target 'tsutsuuraUITests' from project 'tsutsuura')
    cd /Users/takamimarsh/Developer/Projects/Toshizo/tsutsuura/tsutsuura
    

SwiftDriverJobDiscovery normal arm64 Emitting module for tsutsuuraUITests (in target 'tsutsuuraUITests' from project 'tsutsuura')

SwiftDriver\ Compilation\ Requirements tsutsuuraUITests normal arm64 com.apple.xcode.tools.swift.compiler (in target 'tsutsuuraUITests' from project 'tsutsuura')
    cd /Users/takamimarsh/Developer/Projects/Toshizo/tsutsuura/tsutsuura
    builtin-Swift-Compilation-Requirements -- /Applications/Xcode.app/Contents/Developer/Toolchains/XcodeDefault.xctoolchain/usr/bin/swiftc -module-name tsutsuuraUITests -Onone @/tmp/tsutsuura-audio-fix-build/Build/Intermediates.noindex/tsutsuura.build/Debug-iphonesimulator/tsutsuuraUITests.build/Objects-normal/arm64/tsutsuuraUITests.SwiftFileList -DDEBUG -module-alias Testing\=_Testing_Unavailable -plugin-path /Applications/Xcode.app/Contents/Developer/Toolchains/XcodeDefault.xctoolchain/usr/lib/swift/host/plugins/testing -enable-bare-slash-regex -enable-upcoming-feature DisableOutwardActorInference -enable-upcoming-feature InferSendableFromCaptures -enable-upcoming-feature GlobalActorIsolatedTypesUsability -enable-upcoming-feature MemberImportVisibility -enable-upcoming-feature InferIsolatedConformances -enable-upcoming-feature NonisolatedNonsendingByDefault -enable-experimental-feature DebugDescriptionMacro -sdk /Applications/Xcode.app/Contents/Developer/Platforms/iPhoneSimulator.platform/Developer/SDKs/iPhoneSimulator26.5.sdk -target arm64-apple-ios26.2-simulator -g -module-cache-path /tmp/tsutsuura-audio-fix-build/ModuleCache.noindex -Xfrontend -serialize-debugging-options -profile-coverage-mapping -profile-generate -enable-testing -index-store-path /tmp/tsutsuura-audio-fix-build/Index.noindex/DataStore -Xcc -D_LIBCPP_HARDENING_MODE\=_LIBCPP_HARDENING_MODE_DEBUG -swift-version 5 -I /tmp/tsutsuura-audio-fix-build/Build/Products/Debug-iphonesimulator -Isystem /Applications/Xcode.app/Contents/Developer/Platforms/iPhoneSimulator.platform/Developer/usr/lib -F /tmp/tsutsuura-audio-fix-build/Build/Products/Debug-iphonesimulator -F /Applications/Xcode.app/Contents/Developer/Platforms/iPhoneSimulator.platform/Developer/Library/Frameworks -F /Applications/Xcode.app/Contents/Developer/Platforms/iPhoneSimulator.platform/Developer/SDKs/iPhoneSimulator26.5.sdk/Developer/Library/Frameworks -c -j12 -enable-batch-mode -incremental -Xcc -ivfsstatcache -Xcc /tmp/tsutsuura-audio-fix-build/SDKStatCaches.noindex/iphonesimulator26.5-23F81a-6cfe768891a92b912361537c460fe42b.sdkstatcache -output-file-map /tmp/tsutsuura-audio-fix-build/Build/Intermediates.noindex/tsutsuura.build/Debug-iphonesimulator/tsutsuuraUITests.build/Objects-normal/arm64/tsutsuuraUITests-OutputFileMap.json -use-frontend-parseable-output -save-temps -no-color-diagnostics -explicit-module-build -module-cache-path /tmp/tsutsuura-audio-fix-build/Build/Intermediates.noindex/SwiftExplicitPrecompiledModules -clang-scanner-module-cache-path /tmp/tsutsuura-audio-fix-build/ModuleCache.noindex -sdk-module-cache-path /tmp/tsutsuura-audio-fix-build/ModuleCache.noindex -serialize-diagnostics -emit-dependencies -emit-module -emit-module-path /tmp/tsutsuura-audio-fix-build/Build/Intermediates.noindex/tsutsuura.build/Debug-iphonesimulator/tsutsuuraUITests.build/Objects-normal/arm64/tsutsuuraUITests.swiftmodule -validate-clang-modules-once -clang-build-session-file /tmp/tsutsuura-audio-fix-build/ModuleCache.noindex/Session.modulevalidation -Xcc -I/tmp/tsutsuura-audio-fix-build/Build/Intermediates.noindex/tsutsuura.build/Debug-iphonesimulator/tsutsuuraUITests.build/swift-overrides.hmap -emit-const-values -Xfrontend -const-gather-protocols-file -Xfrontend /tmp/tsutsuura-audio-fix-build/Build/Intermediates.noindex/tsutsuura.build/Debug-iphonesimulator/tsutsuuraUITests.build/Objects-normal/arm64/tsutsuuraUITests_const_extract_protocols.json -Xcc -iquote -Xcc /tmp/tsutsuura-audio-fix-build/Build/Intermediates.noindex/tsutsuura.build/Debug-iphonesimulator/tsutsuuraUITests.build/tsutsuuraUITests-generated-files.hmap -Xcc -I/tmp/tsutsuura-audio-fix-build/Build/Intermediates.noindex/tsutsuura.build/Debug-iphonesimulator/tsutsuuraUITests.build/tsutsuuraUITests-own-target-headers.hmap -Xcc -I/tmp/tsutsuura-audio-fix-build/Build/Intermediates.noindex/tsutsuura.build/Debug-iphonesimulator/tsutsuuraUITests.build/tsutsuuraUITests-all-target-headers.hmap -Xcc -iquote -Xcc /tmp/tsutsuura-audio-fix-build/Build/Intermediates.noindex/tsutsuura.build/Debug-iphonesimulator/tsutsuuraUITests.build/tsutsuuraUITests-project-headers.hmap -Xcc -I/tmp/tsutsuura-audio-fix-build/Build/Products/Debug-iphonesimulator/include -Xcc -I/tmp/tsutsuura-audio-fix-build/Build/Intermediates.noindex/tsutsuura.build/Debug-iphonesimulator/tsutsuuraUITests.build/DerivedSources-normal/arm64 -Xcc -I/tmp/tsutsuura-audio-fix-build/Build/Intermediates.noindex/tsutsuura.build/Debug-iphonesimulator/tsutsuuraUITests.build/DerivedSources/arm64 -Xcc -I/tmp/tsutsuura-audio-fix-build/Build/Intermediates.noindex/tsutsuura.build/Debug-iphonesimulator/tsutsuuraUITests.build/DerivedSources -Xcc -DDEBUG\=1 -emit-objc-header -emit-objc-header-path /tmp/tsutsuura-audio-fix-build/Build/Intermediates.noindex/tsutsuura.build/Debug-iphonesimulator/tsutsuuraUITests.build/Objects-normal/arm64/tsutsuuraUITests-Swift.h -working-directory /Users/takamimarsh/Developer/Projects/Toshizo/tsutsuura/tsutsuura -experimental-emit-module-separately -disable-cmo

SwiftDriverJobDiscovery normal arm64 Emitting module for tsutsuuraTests (in target 'tsutsuuraTests' from project 'tsutsuura')

SwiftDriver\ Compilation\ Requirements tsutsuuraTests normal arm64 com.apple.xcode.tools.swift.compiler (in target 'tsutsuuraTests' from project 'tsutsuura')
    cd /Users/takamimarsh/Developer/Projects/Toshizo/tsutsuura/tsutsuura
    builtin-Swift-Compilation-Requirements -- /Applications/Xcode.app/Contents/Developer/Toolchains/XcodeDefault.xctoolchain/usr/bin/swiftc -module-name tsutsuuraTests -Onone @/tmp/tsutsuura-audio-fix-build/Build/Intermediates.noindex/tsutsuura.build/Debug-iphonesimulator/tsutsuuraTests.build/Objects-normal/arm64/tsutsuuraTests.SwiftFileList -DDEBUG -plugin-path /Applications/Xcode.app/Contents/Developer/Toolchains/XcodeDefault.xctoolchain/usr/lib/swift/host/plugins/testing -enable-bare-slash-regex -enable-upcoming-feature DisableOutwardActorInference -enable-upcoming-feature InferSendableFromCaptures -enable-upcoming-feature GlobalActorIsolatedTypesUsability -enable-upcoming-feature MemberImportVisibility -enable-upcoming-feature InferIsolatedConformances -enable-upcoming-feature NonisolatedNonsendingByDefault -enable-experimental-feature DebugDescriptionMacro -sdk /Applications/Xcode.app/Contents/Developer/Platforms/iPhoneSimulator.platform/Developer/SDKs/iPhoneSimulator26.5.sdk -target arm64-apple-ios26.2-simulator -g -module-cache-path /tmp/tsutsuura-audio-fix-build/ModuleCache.noindex -Xfrontend -serialize-debugging-options -profile-coverage-mapping -profile-generate -enable-testing -index-store-path /tmp/tsutsuura-audio-fix-build/Index.noindex/DataStore -Xcc -D_LIBCPP_HARDENING_MODE\=_LIBCPP_HARDENING_MODE_DEBUG -swift-version 5 -I /tmp/tsutsuura-audio-fix-build/Build/Products/Debug-iphonesimulator -Isystem /Applications/Xcode.app/Contents/Developer/Platforms/iPhoneSimulator.platform/Developer/usr/lib -F /tmp/tsutsuura-audio-fix-build/Build/Products/Debug-iphonesimulator -F /Applications/Xcode.app/Contents/Developer/Platforms/iPhoneSimulator.platform/Developer/Library/Frameworks -F /Applications/Xcode.app/Contents/Developer/Platforms/iPhoneSimulator.platform/Developer/SDKs/iPhoneSimulator26.5.sdk/Developer/Library/Frameworks -c -j12 -enable-batch-mode -incremental -Xcc -ivfsstatcache -Xcc /tmp/tsutsuura-audio-fix-build/SDKStatCaches.noindex/iphonesimulator26.5-23F81a-6cfe768891a92b912361537c460fe42b.sdkstatcache -output-file-map /tmp/tsutsuura-audio-fix-build/Build/Intermediates.noindex/tsutsuura.build/Debug-iphonesimulator/tsutsuuraTests.build/Objects-normal/arm64/tsutsuuraTests-OutputFileMap.json -use-frontend-parseable-output -save-temps -no-color-diagnostics -explicit-module-build -module-cache-path /tmp/tsutsuura-audio-fix-build/Build/Intermediates.noindex/SwiftExplicitPrecompiledModules -clang-scanner-module-cache-path /tmp/tsutsuura-audio-fix-build/ModuleCache.noindex -sdk-module-cache-path /tmp/tsutsuura-audio-fix-build/ModuleCache.noindex -serialize-diagnostics -emit-dependencies -emit-module -emit-module-path /tmp/tsutsuura-audio-fix-build/Build/Intermediates.noindex/tsutsuura.build/Debug-iphonesimulator/tsutsuuraTests.build/Objects-normal/arm64/tsutsuuraTests.swiftmodule -validate-clang-modules-once -clang-build-session-file /tmp/tsutsuura-audio-fix-build/ModuleCache.noindex/Session.modulevalidation -Xcc -I/tmp/tsutsuura-audio-fix-build/Build/Intermediates.noindex/tsutsuura.build/Debug-iphonesimulator/tsutsuuraTests.build/swift-overrides.hmap -emit-const-values -Xfrontend -const-gather-protocols-file -Xfrontend /tmp/tsutsuura-audio-fix-build/Build/Intermediates.noindex/tsutsuura.build/Debug-iphonesimulator/tsutsuuraTests.build/Objects-normal/arm64/tsutsuuraTests_const_extract_protocols.json -Xcc -iquote -Xcc /tmp/tsutsuura-audio-fix-build/Build/Intermediates.noindex/tsutsuura.build/Debug-iphonesimulator/tsutsuuraTests.build/tsutsuuraTests-generated-files.hmap -Xcc -I/tmp/tsutsuura-audio-fix-build/Build/Intermediates.noindex/tsutsuura.build/Debug-iphonesimulator/tsutsuuraTests.build/tsutsuuraTests-own-target-headers.hmap -Xcc -I/tmp/tsutsuura-audio-fix-build/Build/Intermediates.noindex/tsutsuura.build/Debug-iphonesimulator/tsutsuuraTests.build/tsutsuuraTests-all-target-headers.hmap -Xcc -iquote -Xcc /tmp/tsutsuura-audio-fix-build/Build/Intermediates.noindex/tsutsuura.build/Debug-iphonesimulator/tsutsuuraTests.build/tsutsuuraTests-project-headers.hmap -Xcc -I/tmp/tsutsuura-audio-fix-build/Build/Products/Debug-iphonesimulator/include -Xcc -I/tmp/tsutsuura-audio-fix-build/Build/Intermediates.noindex/tsutsuura.build/Debug-iphonesimulator/tsutsuuraTests.build/DerivedSources-normal/arm64 -Xcc -I/tmp/tsutsuura-audio-fix-build/Build/Intermediates.noindex/tsutsuura.build/Debug-iphonesimulator/tsutsuuraTests.build/DerivedSources/arm64 -Xcc -I/tmp/tsutsuura-audio-fix-build/Build/Intermediates.noindex/tsutsuura.build/Debug-iphonesimulator/tsutsuuraTests.build/DerivedSources -Xcc -DDEBUG\=1 -emit-objc-header -emit-objc-header-path /tmp/tsutsuura-audio-fix-build/Build/Intermediates.noindex/tsutsuura.build/Debug-iphonesimulator/tsutsuuraTests.build/Objects-normal/arm64/tsutsuuraTests-Swift.h -working-directory /Users/takamimarsh/Developer/Projects/Toshizo/tsutsuura/tsutsuura -experimental-emit-module-separately -disable-cmo

SwiftMergeGeneratedHeaders /tmp/tsutsuura-audio-fix-build/Build/Intermediates.noindex/tsutsuura.build/Debug-iphonesimulator/tsutsuuraUITests.build/DerivedSources/tsutsuuraUITests-Swift.h /tmp/tsutsuura-audio-fix-build/Build/Intermediates.noindex/tsutsuura.build/Debug-iphonesimulator/tsutsuuraUITests.build/Objects-normal/arm64/tsutsuuraUITests-Swift.h (in target 'tsutsuuraUITests' from project 'tsutsuura')
    cd /Users/takamimarsh/Developer/Projects/Toshizo/tsutsuura/tsutsuura
    builtin-swiftHeaderTool -arch arm64 /tmp/tsutsuura-audio-fix-build/Build/Intermediates.noindex/tsutsuura.build/Debug-iphonesimulator/tsutsuuraUITests.build/Objects-normal/arm64/tsutsuuraUITests-Swift.h -o /tmp/tsutsuura-audio-fix-build/Build/Intermediates.noindex/tsutsuura.build/Debug-iphonesimulator/tsutsuuraUITests.build/DerivedSources/tsutsuuraUITests-Swift.h

Copy /tmp/tsutsuura-audio-fix-build/Build/Products/Debug-iphonesimulator/tsutsuuraUITests.swiftmodule/arm64-apple-ios-simulator.swiftmodule /tmp/tsutsuura-audio-fix-build/Build/Intermediates.noindex/tsutsuura.build/Debug-iphonesimulator/tsutsuuraUITests.build/Objects-normal/arm64/tsutsuuraUITests.swiftmodule (in target 'tsutsuuraUITests' from project 'tsutsuura')
    cd /Users/takamimarsh/Developer/Projects/Toshizo/tsutsuura/tsutsuura
    builtin-copy -exclude .DS_Store -exclude CVS -exclude .svn -exclude .git -exclude .hg -resolve-src-symlinks -rename /tmp/tsutsuura-audio-fix-build/Build/Intermediates.noindex/tsutsuura.build/Debug-iphonesimulator/tsutsuuraUITests.build/Objects-normal/arm64/tsutsuuraUITests.swiftmodule /tmp/tsutsuura-audio-fix-build/Build/Products/Debug-iphonesimulator/tsutsuuraUITests.swiftmodule/arm64-apple-ios-simulator.swiftmodule

Copy /tmp/tsutsuura-audio-fix-build/Build/Products/Debug-iphonesimulator/tsutsuuraUITests.swiftmodule/arm64-apple-ios-simulator.swiftdoc /tmp/tsutsuura-audio-fix-build/Build/Intermediates.noindex/tsutsuura.build/Debug-iphonesimulator/tsutsuuraUITests.build/Objects-normal/arm64/tsutsuuraUITests.swiftdoc (in target 'tsutsuuraUITests' from project 'tsutsuura')
    cd /Users/takamimarsh/Developer/Projects/Toshizo/tsutsuura/tsutsuura
    builtin-copy -exclude .DS_Store -exclude CVS -exclude .svn -exclude .git -exclude .hg -resolve-src-symlinks -rename /tmp/tsutsuura-audio-fix-build/Build/Intermediates.noindex/tsutsuura.build/Debug-iphonesimulator/tsutsuuraUITests.build/Objects-normal/arm64/tsutsuuraUITests.swiftdoc /tmp/tsutsuura-audio-fix-build/Build/Products/Debug-iphonesimulator/tsutsuuraUITests.swiftmodule/arm64-apple-ios-simulator.swiftdoc

Copy /tmp/tsutsuura-audio-fix-build/Build/Products/Debug-iphonesimulator/tsutsuuraUITests.swiftmodule/arm64-apple-ios-simulator.abi.json /tmp/tsutsuura-audio-fix-build/Build/Intermediates.noindex/tsutsuura.build/Debug-iphonesimulator/tsutsuuraUITests.build/Objects-normal/arm64/tsutsuuraUITests.abi.json (in target 'tsutsuuraUITests' from project 'tsutsuura')
    cd /Users/takamimarsh/Developer/Projects/Toshizo/tsutsuura/tsutsuura
    builtin-copy -exclude .DS_Store -exclude CVS -exclude .svn -exclude .git -exclude .hg -resolve-src-symlinks -rename /tmp/tsutsuura-audio-fix-build/Build/Intermediates.noindex/tsutsuura.build/Debug-iphonesimulator/tsutsuuraUITests.build/Objects-normal/arm64/tsutsuuraUITests.abi.json /tmp/tsutsuura-audio-fix-build/Build/Products/Debug-iphonesimulator/tsutsuuraUITests.swiftmodule/arm64-apple-ios-simulator.abi.json

Copy /tmp/tsutsuura-audio-fix-build/Build/Products/Debug-iphonesimulator/tsutsuuraUITests.swiftmodule/Project/arm64-apple-ios-simulator.swiftsourceinfo /tmp/tsutsuura-audio-fix-build/Build/Intermediates.noindex/tsutsuura.build/Debug-iphonesimulator/tsutsuuraUITests.build/Objects-normal/arm64/tsutsuuraUITests.swiftsourceinfo (in target 'tsutsuuraUITests' from project 'tsutsuura')
    cd /Users/takamimarsh/Developer/Projects/Toshizo/tsutsuura/tsutsuura
    builtin-copy -exclude .DS_Store -exclude CVS -exclude .svn -exclude .git -exclude .hg -resolve-src-symlinks -rename /tmp/tsutsuura-audio-fix-build/Build/Intermediates.noindex/tsutsuura.build/Debug-iphonesimulator/tsutsuuraUITests.build/Objects-normal/arm64/tsutsuuraUITests.swiftsourceinfo /tmp/tsutsuura-audio-fix-build/Build/Products/Debug-iphonesimulator/tsutsuuraUITests.swiftmodule/Project/arm64-apple-ios-simulator.swiftsourceinfo

SwiftMergeGeneratedHeaders /tmp/tsutsuura-audio-fix-build/Build/Intermediates.noindex/tsutsuura.build/Debug-iphonesimulator/tsutsuuraTests.build/DerivedSources/tsutsuuraTests-Swift.h /tmp/tsutsuura-audio-fix-build/Build/Intermediates.noindex/tsutsuura.build/Debug-iphonesimulator/tsutsuuraTests.build/Objects-normal/arm64/tsutsuuraTests-Swift.h (in target 'tsutsuuraTests' from project 'tsutsuura')
    cd /Users/takamimarsh/Developer/Projects/Toshizo/tsutsuura/tsutsuura
    builtin-swiftHeaderTool -arch arm64 /tmp/tsutsuura-audio-fix-build/Build/Intermediates.noindex/tsutsuura.build/Debug-iphonesimulator/tsutsuuraTests.build/Objects-normal/arm64/tsutsuuraTests-Swift.h -o /tmp/tsutsuura-audio-fix-build/Build/Intermediates.noindex/tsutsuura.build/Debug-iphonesimulator/tsutsuuraTests.build/DerivedSources/tsutsuuraTests-Swift.h

Copy /tmp/tsutsuura-audio-fix-build/Build/Products/Debug-iphonesimulator/tsutsuuraTests.swiftmodule/arm64-apple-ios-simulator.swiftmodule /tmp/tsutsuura-audio-fix-build/Build/Intermediates.noindex/tsutsuura.build/Debug-iphonesimulator/tsutsuuraTests.build/Objects-normal/arm64/tsutsuuraTests.swiftmodule (in target 'tsutsuuraTests' from project 'tsutsuura')
    cd /Users/takamimarsh/Developer/Projects/Toshizo/tsutsuura/tsutsuura
    builtin-copy -exclude .DS_Store -exclude CVS -exclude .svn -exclude .git -exclude .hg -resolve-src-symlinks -rename /tmp/tsutsuura-audio-fix-build/Build/Intermediates.noindex/tsutsuura.build/Debug-iphonesimulator/tsutsuuraTests.build/Objects-normal/arm64/tsutsuuraTests.swiftmodule /tmp/tsutsuura-audio-fix-build/Build/Products/Debug-iphonesimulator/tsutsuuraTests.swiftmodule/arm64-apple-ios-simulator.swiftmodule

Copy /tmp/tsutsuura-audio-fix-build/Build/Products/Debug-iphonesimulator/tsutsuuraTests.swiftmodule/arm64-apple-ios-simulator.swiftdoc /tmp/tsutsuura-audio-fix-build/Build/Intermediates.noindex/tsutsuura.build/Debug-iphonesimulator/tsutsuuraTests.build/Objects-normal/arm64/tsutsuuraTests.swiftdoc (in target 'tsutsuuraTests' from project 'tsutsuura')
    cd /Users/takamimarsh/Developer/Projects/Toshizo/tsutsuura/tsutsuura
    builtin-copy -exclude .DS_Store -exclude CVS -exclude .svn -exclude .git -exclude .hg -resolve-src-symlinks -rename /tmp/tsutsuura-audio-fix-build/Build/Intermediates.noindex/tsutsuura.build/Debug-iphonesimulator/tsutsuuraTests.build/Objects-normal/arm64/tsutsuuraTests.swiftdoc /tmp/tsutsuura-audio-fix-build/Build/Products/Debug-iphonesimulator/tsutsuuraTests.swiftmodule/arm64-apple-ios-simulator.swiftdoc

Copy /tmp/tsutsuura-audio-fix-build/Build/Products/Debug-iphonesimulator/tsutsuuraTests.swiftmodule/arm64-apple-ios-simulator.abi.json /tmp/tsutsuura-audio-fix-build/Build/Intermediates.noindex/tsutsuura.build/Debug-iphonesimulator/tsutsuuraTests.build/Objects-normal/arm64/tsutsuuraTests.abi.json (in target 'tsutsuuraTests' from project 'tsutsuura')
    cd /Users/takamimarsh/Developer/Projects/Toshizo/tsutsuura/tsutsuura
    builtin-copy -exclude .DS_Store -exclude CVS -exclude .svn -exclude .git -exclude .hg -resolve-src-symlinks -rename /tmp/tsutsuura-audio-fix-build/Build/Intermediates.noindex/tsutsuura.build/Debug-iphonesimulator/tsutsuuraTests.build/Objects-normal/arm64/tsutsuuraTests.abi.json /tmp/tsutsuura-audio-fix-build/Build/Products/Debug-iphonesimulator/tsutsuuraTests.swiftmodule/arm64-apple-ios-simulator.abi.json

Copy /tmp/tsutsuura-audio-fix-build/Build/Products/Debug-iphonesimulator/tsutsuuraTests.swiftmodule/Project/arm64-apple-ios-simulator.swiftsourceinfo /tmp/tsutsuura-audio-fix-build/Build/Intermediates.noindex/tsutsuura.build/Debug-iphonesimulator/tsutsuuraTests.build/Objects-normal/arm64/tsutsuuraTests.swiftsourceinfo (in target 'tsutsuuraTests' from project 'tsutsuura')
    cd /Users/takamimarsh/Developer/Projects/Toshizo/tsutsuura/tsutsuura
    builtin-copy -exclude .DS_Store -exclude CVS -exclude .svn -exclude .git -exclude .hg -resolve-src-symlinks -rename /tmp/tsutsuura-audio-fix-build/Build/Intermediates.noindex/tsutsuura.build/Debug-iphonesimulator/tsutsuuraTests.build/Objects-normal/arm64/tsutsuuraTests.swiftsourceinfo /tmp/tsutsuura-audio-fix-build/Build/Products/Debug-iphonesimulator/tsutsuuraTests.swiftmodule/Project/arm64-apple-ios-simulator.swiftsourceinfo

SwiftDriverJobDiscovery normal arm64 Compiling tsutsuuraUITestsLaunchTests.swift (in target 'tsutsuuraUITests' from project 'tsutsuura')

SwiftCompile normal arm64 Compiling\ AppStoreScreenshotUITests.swift /Users/takamimarsh/Developer/Projects/Toshizo/tsutsuura/tsutsuura/tsutsuuraUITests/AppStoreScreenshotUITests.swift (in target 'tsutsuuraUITests' from project 'tsutsuura')

SwiftCompile normal arm64 /Users/takamimarsh/Developer/Projects/Toshizo/tsutsuura/tsutsuura/tsutsuuraUITests/AppStoreScreenshotUITests.swift (in target 'tsutsuuraUITests' from project 'tsutsuura')
    cd /Users/takamimarsh/Developer/Projects/Toshizo/tsutsuura/tsutsuura
    

SwiftCompile normal arm64 Compiling\ ControlledLiveAccountUITests.swift /Users/takamimarsh/Developer/Projects/Toshizo/tsutsuura/tsutsuura/tsutsuuraUITests/ControlledLiveAccountUITests.swift (in target 'tsutsuuraUITests' from project 'tsutsuura')

SwiftCompile normal arm64 /Users/takamimarsh/Developer/Projects/Toshizo/tsutsuura/tsutsuura/tsutsuuraUITests/ControlledLiveAccountUITests.swift (in target 'tsutsuuraUITests' from project 'tsutsuura')
    cd /Users/takamimarsh/Developer/Projects/Toshizo/tsutsuura/tsutsuura
    

SwiftCompile normal arm64 Compiling\ AudioPlaybackUITests.swift /Users/takamimarsh/Developer/Projects/Toshizo/tsutsuura/tsutsuura/tsutsuuraUITests/AudioPlaybackUITests.swift (in target 'tsutsuuraUITests' from project 'tsutsuura')

SwiftCompile normal arm64 /Users/takamimarsh/Developer/Projects/Toshizo/tsutsuura/tsutsuura/tsutsuuraUITests/AudioPlaybackUITests.swift (in target 'tsutsuuraUITests' from project 'tsutsuura')
    cd /Users/takamimarsh/Developer/Projects/Toshizo/tsutsuura/tsutsuura
    

SwiftDriverJobDiscovery normal arm64 Compiling PersonalMarkDrawingUITests.swift (in target 'tsutsuuraUITests' from project 'tsutsuura')

SwiftCompile normal arm64 Compiling\ AnswerPhotoFullscreenUITests.swift /Users/takamimarsh/Developer/Projects/Toshizo/tsutsuura/tsutsuura/tsutsuuraUITests/AnswerPhotoFullscreenUITests.swift (in target 'tsutsuuraUITests' from project 'tsutsuura')

SwiftCompile normal arm64 /Users/takamimarsh/Developer/Projects/Toshizo/tsutsuura/tsutsuura/tsutsuuraUITests/AnswerPhotoFullscreenUITests.swift (in target 'tsutsuuraUITests' from project 'tsutsuura')
    cd /Users/takamimarsh/Developer/Projects/Toshizo/tsutsuura/tsutsuura
    

SwiftDriverJobDiscovery normal arm64 Compiling HomeRefinementsUITests.swift (in target 'tsutsuuraUITests' from project 'tsutsuura')

SwiftCompile normal arm64 Compiling\ AudioPlaybackTests.swift,\ ContentSafetyTests.swift /Users/takamimarsh/Developer/Projects/Toshizo/tsutsuura/tsutsuura/tsutsuuraTests/AudioPlaybackTests.swift /Users/takamimarsh/Developer/Projects/Toshizo/tsutsuura/tsutsuura/tsutsuuraTests/ContentSafetyTests.swift (in target 'tsutsuuraTests' from project 'tsutsuura')

SwiftCompile normal arm64 /Users/takamimarsh/Developer/Projects/Toshizo/tsutsuura/tsutsuura/tsutsuuraTests/AudioPlaybackTests.swift (in target 'tsutsuuraTests' from project 'tsutsuura')
    cd /Users/takamimarsh/Developer/Projects/Toshizo/tsutsuura/tsutsuura
    

SwiftCompile normal arm64 /Users/takamimarsh/Developer/Projects/Toshizo/tsutsuura/tsutsuura/tsutsuuraTests/ContentSafetyTests.swift (in target 'tsutsuuraTests' from project 'tsutsuura')
    cd /Users/takamimarsh/Developer/Projects/Toshizo/tsutsuura/tsutsuura
    

SwiftDriverJobDiscovery normal arm64 Compiling ContentSafetyUITests.swift (in target 'tsutsuuraUITests' from project 'tsutsuura')

SwiftCompile normal arm64 Compiling\ ProductionConfigurationTests.swift /Users/takamimarsh/Developer/Projects/Toshizo/tsutsuura/tsutsuura/tsutsuuraTests/ProductionConfigurationTests.swift (in target 'tsutsuuraTests' from project 'tsutsuura')

SwiftCompile normal arm64 /Users/takamimarsh/Developer/Projects/Toshizo/tsutsuura/tsutsuura/tsutsuuraTests/ProductionConfigurationTests.swift (in target 'tsutsuuraTests' from project 'tsutsuura')
    cd /Users/takamimarsh/Developer/Projects/Toshizo/tsutsuura/tsutsuura
    

SwiftDriverJobDiscovery normal arm64 Compiling AnswerAudioPlayer.swift, AnswerMediaViews.swift, APIClient.swift (in target 'tsutsuura' from project 'tsutsuura')

SwiftCompile normal arm64 Compiling\ QuestionSchedulePresentationTests.swift /Users/takamimarsh/Developer/Projects/Toshizo/tsutsuura/tsutsuura/tsutsuuraTests/QuestionSchedulePresentationTests.swift (in target 'tsutsuuraTests' from project 'tsutsuura')

SwiftCompile normal arm64 /Users/takamimarsh/Developer/Projects/Toshizo/tsutsuura/tsutsuura/tsutsuuraTests/QuestionSchedulePresentationTests.swift (in target 'tsutsuuraTests' from project 'tsutsuura')
    cd /Users/takamimarsh/Developer/Projects/Toshizo/tsutsuura/tsutsuura
    

SwiftCompile normal arm64 Compiling\ HomeBannerPullStateTests.swift /Users/takamimarsh/Developer/Projects/Toshizo/tsutsuura/tsutsuura/tsutsuuraTests/HomeBannerPullStateTests.swift (in target 'tsutsuuraTests' from project 'tsutsuura')

SwiftCompile normal arm64 /Users/takamimarsh/Developer/Projects/Toshizo/tsutsuura/tsutsuura/tsutsuuraTests/HomeBannerPullStateTests.swift (in target 'tsutsuuraTests' from project 'tsutsuura')
    cd /Users/takamimarsh/Developer/Projects/Toshizo/tsutsuura/tsutsuura
    

SwiftDriverJobDiscovery normal arm64 Compiling SaveNavigationTests.swift (in target 'tsutsuuraTests' from project 'tsutsuura')

SwiftDriverJobDiscovery normal arm64 Compiling AppStoreScreenshotUITests.swift (in target 'tsutsuuraUITests' from project 'tsutsuura')

SwiftCompile normal arm64 Compiling\ PushRegistrationRecoveryTests.swift /Users/takamimarsh/Developer/Projects/Toshizo/tsutsuura/tsutsuura/tsutsuuraTests/PushRegistrationRecoveryTests.swift (in target 'tsutsuuraTests' from project 'tsutsuura')

SwiftCompile normal arm64 /Users/takamimarsh/Developer/Projects/Toshizo/tsutsuura/tsutsuura/tsutsuuraTests/PushRegistrationRecoveryTests.swift (in target 'tsutsuuraTests' from project 'tsutsuura')
    cd /Users/takamimarsh/Developer/Projects/Toshizo/tsutsuura/tsutsuura
    

SwiftDriverJobDiscovery normal arm64 Compiling AudioPlaybackUITests.swift (in target 'tsutsuuraUITests' from project 'tsutsuura')

SwiftCompile normal arm64 Compiling\ VoiceRecordingFileTests.swift /Users/takamimarsh/Developer/Projects/Toshizo/tsutsuura/tsutsuura/tsutsuuraTests/VoiceRecordingFileTests.swift (in target 'tsutsuuraTests' from project 'tsutsuura')

SwiftCompile normal arm64 /Users/takamimarsh/Developer/Projects/Toshizo/tsutsuura/tsutsuura/tsutsuuraTests/VoiceRecordingFileTests.swift (in target 'tsutsuuraTests' from project 'tsutsuura')
    cd /Users/takamimarsh/Developer/Projects/Toshizo/tsutsuura/tsutsuura
    

SwiftDriverJobDiscovery normal arm64 Compiling ControlledLiveAccountUITests.swift (in target 'tsutsuuraUITests' from project 'tsutsuura')

SwiftCompile normal arm64 Compiling\ DeviceTimeZoneSynchronizationTests.swift,\ EmailVerificationTests.swift /Users/takamimarsh/Developer/Projects/Toshizo/tsutsuura/tsutsuura/tsutsuuraTests/DeviceTimeZoneSynchronizationTests.swift /Users/takamimarsh/Developer/Projects/Toshizo/tsutsuura/tsutsuura/tsutsuuraTests/EmailVerificationTests.swift (in target 'tsutsuuraTests' from project 'tsutsuura')

SwiftCompile normal arm64 /Users/takamimarsh/Developer/Projects/Toshizo/tsutsuura/tsutsuura/tsutsuuraTests/DeviceTimeZoneSynchronizationTests.swift (in target 'tsutsuuraTests' from project 'tsutsuura')
    cd /Users/takamimarsh/Developer/Projects/Toshizo/tsutsuura/tsutsuura
    

SwiftCompile normal arm64 /Users/takamimarsh/Developer/Projects/Toshizo/tsutsuura/tsutsuura/tsutsuuraTests/EmailVerificationTests.swift (in target 'tsutsuuraTests' from project 'tsutsuura')
    cd /Users/takamimarsh/Developer/Projects/Toshizo/tsutsuura/tsutsuura
    

SwiftDriverJobDiscovery normal arm64 Compiling AnswerPhotoFullscreenUITests.swift (in target 'tsutsuuraUITests' from project 'tsutsuura')

SwiftCompile normal arm64 Compiling\ PersonalMarkRequirementTests.swift /Users/takamimarsh/Developer/Projects/Toshizo/tsutsuura/tsutsuura/tsutsuuraTests/PersonalMarkRequirementTests.swift (in target 'tsutsuuraTests' from project 'tsutsuura')

SwiftCompile normal arm64 /Users/takamimarsh/Developer/Projects/Toshizo/tsutsuura/tsutsuura/tsutsuuraTests/PersonalMarkRequirementTests.swift (in target 'tsutsuuraTests' from project 'tsutsuura')
    cd /Users/takamimarsh/Developer/Projects/Toshizo/tsutsuura/tsutsuura
    

SwiftDriverJobDiscovery normal arm64 Compiling QuestionSchedulePresentationTests.swift (in target 'tsutsuuraTests' from project 'tsutsuura')

SwiftCompile normal arm64 Compiling\ HTTPMethodOverrideTests.swift /Users/takamimarsh/Developer/Projects/Toshizo/tsutsuura/tsutsuura/tsutsuuraTests/HTTPMethodOverrideTests.swift (in target 'tsutsuuraTests' from project 'tsutsuura')

SwiftCompile normal arm64 /Users/takamimarsh/Developer/Projects/Toshizo/tsutsuura/tsutsuura/tsutsuuraTests/HTTPMethodOverrideTests.swift (in target 'tsutsuuraTests' from project 'tsutsuura')
    cd /Users/takamimarsh/Developer/Projects/Toshizo/tsutsuura/tsutsuura
    

SwiftDriverJobDiscovery normal arm64 Compiling HomeBannerPullStateTests.swift (in target 'tsutsuuraTests' from project 'tsutsuura')

SwiftCompile normal arm64 Compiling\ PhotoDismissGestureStateTests.swift /Users/takamimarsh/Developer/Projects/Toshizo/tsutsuura/tsutsuura/tsutsuuraTests/PhotoDismissGestureStateTests.swift (in target 'tsutsuuraTests' from project 'tsutsuura')

SwiftCompile normal arm64 /Users/takamimarsh/Developer/Projects/Toshizo/tsutsuura/tsutsuura/tsutsuuraTests/PhotoDismissGestureStateTests.swift (in target 'tsutsuuraTests' from project 'tsutsuura')
    cd /Users/takamimarsh/Developer/Projects/Toshizo/tsutsuura/tsutsuura
    

SwiftDriverJobDiscovery normal arm64 Compiling ProductionConfigurationTests.swift (in target 'tsutsuuraTests' from project 'tsutsuura')

SwiftDriverJobDiscovery normal arm64 Compiling PhotoDismissGestureStateTests.swift (in target 'tsutsuuraTests' from project 'tsutsuura')

SwiftDriverJobDiscovery normal arm64 Compiling VoiceRecordingFileTests.swift (in target 'tsutsuuraTests' from project 'tsutsuura')

SwiftDriverJobDiscovery normal arm64 Compiling tsutsuuraUITests.swift (in target 'tsutsuuraUITests' from project 'tsutsuura')

SwiftDriver\ Compilation tsutsuuraUITests normal arm64 com.apple.xcode.tools.swift.compiler (in target 'tsutsuuraUITests' from project 'tsutsuura')
    cd /Users/takamimarsh/Developer/Projects/Toshizo/tsutsuura/tsutsuura
    builtin-Swift-Compilation -- /Applications/Xcode.app/Contents/Developer/Toolchains/XcodeDefault.xctoolchain/usr/bin/swiftc -module-name tsutsuuraUITests -Onone @/tmp/tsutsuura-audio-fix-build/Build/Intermediates.noindex/tsutsuura.build/Debug-iphonesimulator/tsutsuuraUITests.build/Objects-normal/arm64/tsutsuuraUITests.SwiftFileList -DDEBUG -module-alias Testing\=_Testing_Unavailable -plugin-path /Applications/Xcode.app/Contents/Developer/Toolchains/XcodeDefault.xctoolchain/usr/lib/swift/host/plugins/testing -enable-bare-slash-regex -enable-upcoming-feature DisableOutwardActorInference -enable-upcoming-feature InferSendableFromCaptures -enable-upcoming-feature GlobalActorIsolatedTypesUsability -enable-upcoming-feature MemberImportVisibility -enable-upcoming-feature InferIsolatedConformances -enable-upcoming-feature NonisolatedNonsendingByDefault -enable-experimental-feature DebugDescriptionMacro -sdk /Applications/Xcode.app/Contents/Developer/Platforms/iPhoneSimulator.platform/Developer/SDKs/iPhoneSimulator26.5.sdk -target arm64-apple-ios26.2-simulator -g -module-cache-path /tmp/tsutsuura-audio-fix-build/ModuleCache.noindex -Xfrontend -serialize-debugging-options -profile-coverage-mapping -profile-generate -enable-testing -index-store-path /tmp/tsutsuura-audio-fix-build/Index.noindex/DataStore -Xcc -D_LIBCPP_HARDENING_MODE\=_LIBCPP_HARDENING_MODE_DEBUG -swift-version 5 -I /tmp/tsutsuura-audio-fix-build/Build/Products/Debug-iphonesimulator -Isystem /Applications/Xcode.app/Contents/Developer/Platforms/iPhoneSimulator.platform/Developer/usr/lib -F /tmp/tsutsuura-audio-fix-build/Build/Products/Debug-iphonesimulator -F /Applications/Xcode.app/Contents/Developer/Platforms/iPhoneSimulator.platform/Developer/Library/Frameworks -F /Applications/Xcode.app/Contents/Developer/Platforms/iPhoneSimulator.platform/Developer/SDKs/iPhoneSimulator26.5.sdk/Developer/Library/Frameworks -c -j12 -enable-batch-mode -incremental -Xcc -ivfsstatcache -Xcc /tmp/tsutsuura-audio-fix-build/SDKStatCaches.noindex/iphonesimulator26.5-23F81a-6cfe768891a92b912361537c460fe42b.sdkstatcache -output-file-map /tmp/tsutsuura-audio-fix-build/Build/Intermediates.noindex/tsutsuura.build/Debug-iphonesimulator/tsutsuuraUITests.build/Objects-normal/arm64/tsutsuuraUITests-OutputFileMap.json -use-frontend-parseable-output -save-temps -no-color-diagnostics -explicit-module-build -module-cache-path /tmp/tsutsuura-audio-fix-build/Build/Intermediates.noindex/SwiftExplicitPrecompiledModules -clang-scanner-module-cache-path /tmp/tsutsuura-audio-fix-build/ModuleCache.noindex -sdk-module-cache-path /tmp/tsutsuura-audio-fix-build/ModuleCache.noindex -serialize-diagnostics -emit-dependencies -emit-module -emit-module-path /tmp/tsutsuura-audio-fix-build/Build/Intermediates.noindex/tsutsuura.build/Debug-iphonesimulator/tsutsuuraUITests.build/Objects-normal/arm64/tsutsuuraUITests.swiftmodule -validate-clang-modules-once -clang-build-session-file /tmp/tsutsuura-audio-fix-build/ModuleCache.noindex/Session.modulevalidation -Xcc -I/tmp/tsutsuura-audio-fix-build/Build/Intermediates.noindex/tsutsuura.build/Debug-iphonesimulator/tsutsuuraUITests.build/swift-overrides.hmap -emit-const-values -Xfrontend -const-gather-protocols-file -Xfrontend /tmp/tsutsuura-audio-fix-build/Build/Intermediates.noindex/tsutsuura.build/Debug-iphonesimulator/tsutsuuraUITests.build/Objects-normal/arm64/tsutsuuraUITests_const_extract_protocols.json -Xcc -iquote -Xcc /tmp/tsutsuura-audio-fix-build/Build/Intermediates.noindex/tsutsuura.build/Debug-iphonesimulator/tsutsuuraUITests.build/tsutsuuraUITests-generated-files.hmap -Xcc -I/tmp/tsutsuura-audio-fix-build/Build/Intermediates.noindex/tsutsuura.build/Debug-iphonesimulator/tsutsuuraUITests.build/tsutsuuraUITests-own-target-headers.hmap -Xcc -I/tmp/tsutsuura-audio-fix-build/Build/Intermediates.noindex/tsutsuura.build/Debug-iphonesimulator/tsutsuuraUITests.build/tsutsuuraUITests-all-target-headers.hmap -Xcc -iquote -Xcc /tmp/tsutsuura-audio-fix-build/Build/Intermediates.noindex/tsutsuura.build/Debug-iphonesimulator/tsutsuuraUITests.build/tsutsuuraUITests-project-headers.hmap -Xcc -I/tmp/tsutsuura-audio-fix-build/Build/Products/Debug-iphonesimulator/include -Xcc -I/tmp/tsutsuura-audio-fix-build/Build/Intermediates.noindex/tsutsuura.build/Debug-iphonesimulator/tsutsuuraUITests.build/DerivedSources-normal/arm64 -Xcc -I/tmp/tsutsuura-audio-fix-build/Build/Intermediates.noindex/tsutsuura.build/Debug-iphonesimulator/tsutsuuraUITests.build/DerivedSources/arm64 -Xcc -I/tmp/tsutsuura-audio-fix-build/Build/Intermediates.noindex/tsutsuura.build/Debug-iphonesimulator/tsutsuuraUITests.build/DerivedSources -Xcc -DDEBUG\=1 -emit-objc-header -emit-objc-header-path /tmp/tsutsuura-audio-fix-build/Build/Intermediates.noindex/tsutsuura.build/Debug-iphonesimulator/tsutsuuraUITests.build/Objects-normal/arm64/tsutsuuraUITests-Swift.h -working-directory /Users/takamimarsh/Developer/Projects/Toshizo/tsutsuura/tsutsuura -experimental-emit-module-separately -disable-cmo

SwiftDriverJobDiscovery normal arm64 Compiling HTTPMethodOverrideTests.swift (in target 'tsutsuuraTests' from project 'tsutsuura')

SwiftDriverJobDiscovery normal arm64 Compiling PersonalMarkRequirementTests.swift (in target 'tsutsuuraTests' from project 'tsutsuura')

SwiftDriverJobDiscovery normal arm64 Compiling AppModels.swift, AppStore.swift, BackSwipeNavigation.swift (in target 'tsutsuura' from project 'tsutsuura')

SwiftDriverJobDiscovery normal arm64 Compiling PushRegistrationRecoveryTests.swift (in target 'tsutsuuraTests' from project 'tsutsuura')

SwiftDriverJobDiscovery normal arm64 Compiling DeviceTimeZoneSynchronizationTests.swift, EmailVerificationTests.swift (in target 'tsutsuuraTests' from project 'tsutsuura')

SwiftDriverJobDiscovery normal arm64 Compiling TsutsuuraDesignSystem.swift, TsutsuuraScreens.swift (in target 'tsutsuura' from project 'tsutsuura')

SwiftDriverJobDiscovery normal arm64 Compiling AudioPlaybackTests.swift, ContentSafetyTests.swift (in target 'tsutsuuraTests' from project 'tsutsuura')

SwiftDriverJobDiscovery normal arm64 Compiling ContentSafety.swift, ContentView.swift, DemoAppAPI.swift (in target 'tsutsuura' from project 'tsutsuura')

SwiftDriver\ Compilation tsutsuura normal arm64 com.apple.xcode.tools.swift.compiler (in target 'tsutsuura' from project 'tsutsuura')
    cd /Users/takamimarsh/Developer/Projects/Toshizo/tsutsuura/tsutsuura
    builtin-Swift-Compilation -- /Applications/Xcode.app/Contents/Developer/Toolchains/XcodeDefault.xctoolchain/usr/bin/swiftc -module-name tsutsuura -Onone @/tmp/tsutsuura-audio-fix-build/Build/Intermediates.noindex/tsutsuura.build/Debug-iphonesimulator/tsutsuura.build/Objects-normal/arm64/tsutsuura.SwiftFileList -DDEBUG -enable-bare-slash-regex -enable-upcoming-feature DisableOutwardActorInference -enable-upcoming-feature InferSendableFromCaptures -enable-upcoming-feature GlobalActorIsolatedTypesUsability -enable-upcoming-feature MemberImportVisibility -enable-upcoming-feature InferIsolatedConformances -enable-upcoming-feature NonisolatedNonsendingByDefault -enable-experimental-feature DebugDescriptionMacro -sdk /Applications/Xcode.app/Contents/Developer/Platforms/iPhoneSimulator.platform/Developer/SDKs/iPhoneSimulator26.5.sdk -target arm64-apple-ios26.2-simulator -g -module-cache-path /tmp/tsutsuura-audio-fix-build/ModuleCache.noindex -Xfrontend -serialize-debugging-options -profile-coverage-mapping -profile-generate -enable-testing -index-store-path /tmp/tsutsuura-audio-fix-build/Index.noindex/DataStore -Xcc -D_LIBCPP_HARDENING_MODE\=_LIBCPP_HARDENING_MODE_DEBUG -swift-version 5 -I /tmp/tsutsuura-audio-fix-build/Build/Products/Debug-iphonesimulator -F /tmp/tsutsuura-audio-fix-build/Build/Products/Debug-iphonesimulator -emit-localized-strings -emit-localized-strings-path /tmp/tsutsuura-audio-fix-build/Build/Intermediates.noindex/tsutsuura.build/Debug-iphonesimulator/tsutsuura.build/Objects-normal/arm64 -c -j12 -enable-batch-mode -incremental -Xcc -ivfsstatcache -Xcc /tmp/tsutsuura-audio-fix-build/SDKStatCaches.noindex/iphonesimulator26.5-23F81a-6cfe768891a92b912361537c460fe42b.sdkstatcache -output-file-map /tmp/tsutsuura-audio-fix-build/Build/Intermediates.noindex/tsutsuura.build/Debug-iphonesimulator/tsutsuura.build/Objects-normal/arm64/tsutsuura-OutputFileMap.json -use-frontend-parseable-output -save-temps -no-color-diagnostics -explicit-module-build -module-cache-path /tmp/tsutsuura-audio-fix-build/Build/Intermediates.noindex/SwiftExplicitPrecompiledModules -clang-scanner-module-cache-path /tmp/tsutsuura-audio-fix-build/ModuleCache.noindex -sdk-module-cache-path /tmp/tsutsuura-audio-fix-build/ModuleCache.noindex -serialize-diagnostics -emit-dependencies -emit-module -emit-module-path /tmp/tsutsuura-audio-fix-build/Build/Intermediates.noindex/tsutsuura.build/Debug-iphonesimulator/tsutsuura.build/Objects-normal/arm64/tsutsuura.swiftmodule -validate-clang-modules-once -clang-build-session-file /tmp/tsutsuura-audio-fix-build/ModuleCache.noindex/Session.modulevalidation -Xcc -I/tmp/tsutsuura-audio-fix-build/Build/Intermediates.noindex/tsutsuura.build/Debug-iphonesimulator/tsutsuura.build/swift-overrides.hmap -emit-const-values -Xfrontend -const-gather-protocols-file -Xfrontend /tmp/tsutsuura-audio-fix-build/Build/Intermediates.noindex/tsutsuura.build/Debug-iphonesimulator/tsutsuura.build/Objects-normal/arm64/tsutsuura_const_extract_protocols.json -Xcc -iquote -Xcc /tmp/tsutsuura-audio-fix-build/Build/Intermediates.noindex/tsutsuura.build/Debug-iphonesimulator/tsutsuura.build/tsutsuura-generated-files.hmap -Xcc -I/tmp/tsutsuura-audio-fix-build/Build/Intermediates.noindex/tsutsuura.build/Debug-iphonesimulator/tsutsuura.build/tsutsuura-own-target-headers.hmap -Xcc -I/tmp/tsutsuura-audio-fix-build/Build/Intermediates.noindex/tsutsuura.build/Debug-iphonesimulator/tsutsuura.build/tsutsuura-all-target-headers.hmap -Xcc -iquote -Xcc /tmp/tsutsuura-audio-fix-build/Build/Intermediates.noindex/tsutsuura.build/Debug-iphonesimulator/tsutsuura.build/tsutsuura-project-headers.hmap -Xcc -I/tmp/tsutsuura-audio-fix-build/Build/Products/Debug-iphonesimulator/include -Xcc -I/tmp/tsutsuura-audio-fix-build/Build/Intermediates.noindex/tsutsuura.build/Debug-iphonesimulator/tsutsuura.build/DerivedSources-normal/arm64 -Xcc -I/tmp/tsutsuura-audio-fix-build/Build/Intermediates.noindex/tsutsuura.build/Debug-iphonesimulator/tsutsuura.build/DerivedSources/arm64 -Xcc -I/tmp/tsutsuura-audio-fix-build/Build/Intermediates.noindex/tsutsuura.build/Debug-iphonesimulator/tsutsuura.build/DerivedSources -Xcc -DDEBUG\=1 -emit-objc-header -emit-objc-header-path /tmp/tsutsuura-audio-fix-build/Build/Intermediates.noindex/tsutsuura.build/Debug-iphonesimulator/tsutsuura.build/Objects-normal/arm64/tsutsuura-Swift.h -working-directory /Users/takamimarsh/Developer/Projects/Toshizo/tsutsuura/tsutsuura -experimental-emit-module-separately -disable-cmo

Ld /tmp/tsutsuura-audio-fix-build/Build/Products/Debug-iphonesimulator/tsutsuura.app/tsutsuura.debug.dylib normal (in target 'tsutsuura' from project 'tsutsuura')
    cd /Users/takamimarsh/Developer/Projects/Toshizo/tsutsuura/tsutsuura
    /Applications/Xcode.app/Contents/Developer/Toolchains/XcodeDefault.xctoolchain/usr/bin/clang -Xlinker -reproducible -target arm64-apple-ios26.2-simulator -dynamiclib -isysroot /Applications/Xcode.app/Contents/Developer/Platforms/iPhoneSimulator.platform/Developer/SDKs/iPhoneSimulator26.5.sdk -O0 -L/tmp/tsutsuura-audio-fix-build/Build/Intermediates.noindex/EagerLinkingTBDs/Debug-iphonesimulator -L/tmp/tsutsuura-audio-fix-build/Build/Products/Debug-iphonesimulator -F/tmp/tsutsuura-audio-fix-build/Build/Intermediates.noindex/EagerLinkingTBDs/Debug-iphonesimulator -F/tmp/tsutsuura-audio-fix-build/Build/Products/Debug-iphonesimulator -filelist /tmp/tsutsuura-audio-fix-build/Build/Intermediates.noindex/tsutsuura.build/Debug-iphonesimulator/tsutsuura.build/Objects-normal/arm64/tsutsuura.LinkFileList -install_name @rpath/tsutsuura.debug.dylib -Xlinker -rpath -Xlinker @executable_path/Frameworks -Xlinker -dead_strip -Xlinker -object_path_lto -Xlinker /tmp/tsutsuura-audio-fix-build/Build/Intermediates.noindex/tsutsuura.build/Debug-iphonesimulator/tsutsuura.build/Objects-normal/arm64/tsutsuura_lto.o -rdynamic -Xlinker -no_deduplicate -Xlinker -objc_abi_version -Xlinker 2 -Xlinker -debug_variant -Xlinker -dependency_info -Xlinker /tmp/tsutsuura-audio-fix-build/Build/Intermediates.noindex/tsutsuura.build/Debug-iphonesimulator/tsutsuura.build/Objects-normal/arm64/tsutsuura_dependency_info.dat -fobjc-link-runtime -fprofile-instr-generate -L/Applications/Xcode.app/Contents/Developer/Toolchains/XcodeDefault.xctoolchain/usr/lib/swift/iphonesimulator -L/usr/lib/swift -Xlinker -add_ast_path -Xlinker /tmp/tsutsuura-audio-fix-build/Build/Intermediates.noindex/tsutsuura.build/Debug-iphonesimulator/tsutsuura.build/Objects-normal/arm64/tsutsuura.swiftmodule @/tmp/tsutsuura-audio-fix-build/Build/Intermediates.noindex/tsutsuura.build/Debug-iphonesimulator/tsutsuura.build/Objects-normal/arm64/tsutsuura-linker-args.resp -Xlinker -alias -Xlinker _main -Xlinker ___debug_main_executable_dylib_entry_point -Xlinker -no_adhoc_codesign -o /tmp/tsutsuura-audio-fix-build/Build/Products/Debug-iphonesimulator/tsutsuura.app/tsutsuura.debug.dylib

ConstructStubExecutorLinkFileList /tmp/tsutsuura-audio-fix-build/Build/Intermediates.noindex/tsutsuura.build/Debug-iphonesimulator/tsutsuura.build/tsutsuura-ExecutorLinkFileList-normal-arm64.txt (in target 'tsutsuura' from project 'tsutsuura')
    cd /Users/takamimarsh/Developer/Projects/Toshizo/tsutsuura/tsutsuura
    construct-stub-executor-link-file-list /tmp/tsutsuura-audio-fix-build/Build/Products/Debug-iphonesimulator/tsutsuura.app/tsutsuura.debug.dylib /Applications/Xcode.app/Contents/Developer/Platforms/iPhoneSimulator.platform/Developer/usr/lib/libPreviewsJITStubExecutor_no_swift_entry_point.a /Applications/Xcode.app/Contents/Developer/Platforms/iPhoneSimulator.platform/Developer/usr/lib/libPreviewsJITStubExecutor.a --output /tmp/tsutsuura-audio-fix-build/Build/Intermediates.noindex/tsutsuura.build/Debug-iphonesimulator/tsutsuura.build/tsutsuura-ExecutorLinkFileList-normal-arm64.txt
note: Using stub executor library with Swift entry point. (in target 'tsutsuura' from project 'tsutsuura')

Ld /tmp/tsutsuura-audio-fix-build/Build/Products/Debug-iphonesimulator/tsutsuura.app/tsutsuura normal (in target 'tsutsuura' from project 'tsutsuura')
    cd /Users/takamimarsh/Developer/Projects/Toshizo/tsutsuura/tsutsuura
    /Applications/Xcode.app/Contents/Developer/Toolchains/XcodeDefault.xctoolchain/usr/bin/clang -Xlinker -reproducible -target arm64-apple-ios26.2-simulator -isysroot /Applications/Xcode.app/Contents/Developer/Platforms/iPhoneSimulator.platform/Developer/SDKs/iPhoneSimulator26.5.sdk -O0 -L/tmp/tsutsuura-audio-fix-build/Build/Products/Debug-iphonesimulator -F/tmp/tsutsuura-audio-fix-build/Build/Products/Debug-iphonesimulator -Xlinker -rpath -Xlinker @executable_path -Xlinker -rpath -Xlinker @executable_path/Frameworks -rdynamic -Xlinker -no_deduplicate -Xlinker -objc_abi_version -Xlinker 2 -Xlinker -debug_variant -e ___debug_blank_executor_main -Xlinker -sectcreate -Xlinker __TEXT -Xlinker __debug_dylib -Xlinker /tmp/tsutsuura-audio-fix-build/Build/Intermediates.noindex/tsutsuura.build/Debug-iphonesimulator/tsutsuura.build/tsutsuura-DebugDylibPath-normal-arm64.txt -Xlinker -sectcreate -Xlinker __TEXT -Xlinker __debug_instlnm -Xlinker /tmp/tsutsuura-audio-fix-build/Build/Intermediates.noindex/tsutsuura.build/Debug-iphonesimulator/tsutsuura.build/tsutsuura-DebugDylibInstallName-normal-arm64.txt -Xlinker -filelist -Xlinker /tmp/tsutsuura-audio-fix-build/Build/Intermediates.noindex/tsutsuura.build/Debug-iphonesimulator/tsutsuura.build/tsutsuura-ExecutorLinkFileList-normal-arm64.txt -Xlinker -sectcreate -Xlinker __TEXT -Xlinker __entitlements -Xlinker /tmp/tsutsuura-audio-fix-build/Build/Intermediates.noindex/tsutsuura.build/Debug-iphonesimulator/tsutsuura.build/tsutsuura.app-Simulated.xcent -Xlinker -sectcreate -Xlinker __TEXT -Xlinker __ents_der -Xlinker /tmp/tsutsuura-audio-fix-build/Build/Intermediates.noindex/tsutsuura.build/Debug-iphonesimulator/tsutsuura.build/tsutsuura.app-Simulated.xcent.der /tmp/tsutsuura-audio-fix-build/Build/Products/Debug-iphonesimulator/tsutsuura.app/tsutsuura.debug.dylib -Xlinker -no_adhoc_codesign -o /tmp/tsutsuura-audio-fix-build/Build/Products/Debug-iphonesimulator/tsutsuura.app/tsutsuura

CopySwiftLibs /tmp/tsutsuura-audio-fix-build/Build/Products/Debug-iphonesimulator/tsutsuura.app (in target 'tsutsuura' from project 'tsutsuura')
    cd /Users/takamimarsh/Developer/Projects/Toshizo/tsutsuura/tsutsuura
    builtin-swiftStdLibTool --copy --verbose --sign - --scan-executable /tmp/tsutsuura-audio-fix-build/Build/Products/Debug-iphonesimulator/tsutsuura.app/tsutsuura.debug.dylib --scan-folder /tmp/tsutsuura-audio-fix-build/Build/Products/Debug-iphonesimulator/tsutsuura.app/Frameworks --scan-folder /tmp/tsutsuura-audio-fix-build/Build/Products/Debug-iphonesimulator/tsutsuura.app/PlugIns --scan-folder /tmp/tsutsuura-audio-fix-build/Build/Products/Debug-iphonesimulator/tsutsuura.app/SystemExtensions --scan-folder /tmp/tsutsuura-audio-fix-build/Build/Products/Debug-iphonesimulator/tsutsuura.app/Extensions --platform iphonesimulator --toolchain /Applications/Xcode.app/Contents/Developer/Toolchains/XcodeDefault.xctoolchain --destination /tmp/tsutsuura-audio-fix-build/Build/Products/Debug-iphonesimulator/tsutsuura.app/Frameworks --strip-bitcode --strip-bitcode-tool /Applications/Xcode.app/Contents/Developer/Toolchains/XcodeDefault.xctoolchain/usr/bin/bitcode_strip --emit-dependency-info /tmp/tsutsuura-audio-fix-build/Build/Intermediates.noindex/tsutsuura.build/Debug-iphonesimulator/tsutsuura.build/SwiftStdLibToolInputDependencies.dep --filter-for-swift-os

ExtractAppIntentsMetadata (in target 'tsutsuura' from project 'tsutsuura')
    cd /Users/takamimarsh/Developer/Projects/Toshizo/tsutsuura/tsutsuura
    /Applications/Xcode.app/Contents/Developer/Toolchains/XcodeDefault.xctoolchain/usr/bin/appintentsmetadataprocessor --toolchain-dir /Applications/Xcode.app/Contents/Developer/Toolchains/XcodeDefault.xctoolchain --module-name tsutsuura --sdk-root /Applications/Xcode.app/Contents/Developer/Platforms/iPhoneSimulator.platform/Developer/SDKs/iPhoneSimulator26.5.sdk --xcode-version 17F113 --platform-family iOS --deployment-target 26.2 --bundle-identifier toshizo.link.tsutsuura --output /tmp/tsutsuura-audio-fix-build/Build/Products/Debug-iphonesimulator/tsutsuura.app --target-triple arm64-apple-ios26.2-simulator --binary-file /tmp/tsutsuura-audio-fix-build/Build/Products/Debug-iphonesimulator/tsutsuura.app/tsutsuura --dependency-file /tmp/tsutsuura-audio-fix-build/Build/Intermediates.noindex/tsutsuura.build/Debug-iphonesimulator/tsutsuura.build/Objects-normal/arm64/tsutsuura_dependency_info.dat --stringsdata-file /tmp/tsutsuura-audio-fix-build/Build/Intermediates.noindex/tsutsuura.build/Debug-iphonesimulator/tsutsuura.build/Objects-normal/arm64/ExtractedAppShortcutsMetadata.stringsdata --source-file-list /tmp/tsutsuura-audio-fix-build/Build/Intermediates.noindex/tsutsuura.build/Debug-iphonesimulator/tsutsuura.build/Objects-normal/arm64/tsutsuura.SwiftFileList --metadata-file-list /tmp/tsutsuura-audio-fix-build/Build/Intermediates.noindex/tsutsuura.build/Debug-iphonesimulator/tsutsuura.build/tsutsuura.DependencyMetadataFileList --static-metadata-file-list /tmp/tsutsuura-audio-fix-build/Build/Intermediates.noindex/tsutsuura.build/Debug-iphonesimulator/tsutsuura.build/tsutsuura.DependencyStaticMetadataFileList --swift-const-vals-list /tmp/tsutsuura-audio-fix-build/Build/Intermediates.noindex/tsutsuura.build/Debug-iphonesimulator/tsutsuura.build/Objects-normal/arm64/tsutsuura.SwiftConstValuesFileList --compile-time-extraction --deployment-aware-processing --validate-assistant-intents --no-app-shortcuts-localization
2026-09-07 19:29:01.730 appintentsmetadataprocessor[15153:10359711] Starting appintentsmetadataprocessor export
2026-09-07 19:29:01.741 appintentsmetadataprocessor[15153:10359711] warning: Metadata extraction skipped. No AppIntents.framework dependency found.

AppIntentsSSUTraining (in target 'tsutsuura' from project 'tsutsuura')
    cd /Users/takamimarsh/Developer/Projects/Toshizo/tsutsuura/tsutsuura
    /Applications/Xcode.app/Contents/Developer/Toolchains/XcodeDefault.xctoolchain/usr/bin/appintentsnltrainingprocessor --infoplist-path /tmp/tsutsuura-audio-fix-build/Build/Products/Debug-iphonesimulator/tsutsuura.app/Info.plist --temp-dir-path /tmp/tsutsuura-audio-fix-build/Build/Intermediates.noindex/tsutsuura.build/Debug-iphonesimulator/tsutsuura.build/ssu --bundle-id toshizo.link.tsutsuura --product-path /tmp/tsutsuura-audio-fix-build/Build/Products/Debug-iphonesimulator/tsutsuura.app --extracted-metadata-path /tmp/tsutsuura-audio-fix-build/Build/Products/Debug-iphonesimulator/tsutsuura.app/Metadata.appintents --metadata-file-list /tmp/tsutsuura-audio-fix-build/Build/Intermediates.noindex/tsutsuura.build/Debug-iphonesimulator/tsutsuura.build/tsutsuura.DependencyMetadataFileList --source-file /tmp/tsutsuura-audio-fix-build/Build/Products/Debug-iphonesimulator/tsutsuura.app/Info.plist --archive-ssu-assets
2026-09-07 19:29:01.792 appintentsnltrainingprocessor[15157:10359717] Parsing options for appintentsnltrainingprocessor
2026-09-07 19:29:01.793 appintentsnltrainingprocessor[15157:10359717] Starting AppIntents SSU YAML Generation
2026-09-07 19:29:01.796 appintentsnltrainingprocessor[15157:10359717] No AppShortcuts found - Skipping.

ProcessInfoPlistFile /tmp/tsutsuura-audio-fix-build/Build/Products/Debug-iphonesimulator/tsutsuura.app/PlugIns/tsutsuuraTests.xctest/Info.plist /tmp/tsutsuura-audio-fix-build/Build/Intermediates.noindex/tsutsuura.build/Debug-iphonesimulator/tsutsuuraTests.build/empty-tsutsuuraTests.plist (in target 'tsutsuuraTests' from project 'tsutsuura')
    cd /Users/takamimarsh/Developer/Projects/Toshizo/tsutsuura/tsutsuura
    builtin-infoPlistUtility /tmp/tsutsuura-audio-fix-build/Build/Intermediates.noindex/tsutsuura.build/Debug-iphonesimulator/tsutsuuraTests.build/empty-tsutsuuraTests.plist -producttype com.apple.product-type.bundle.unit-test -expandbuildsettings -format binary -platform iphonesimulator -o /tmp/tsutsuura-audio-fix-build/Build/Products/Debug-iphonesimulator/tsutsuura.app/PlugIns/tsutsuuraTests.xctest/Info.plist

SwiftDriverJobDiscovery normal arm64 Compiling tsutsuuraTests.swift (in target 'tsutsuuraTests' from project 'tsutsuura')

SwiftDriver\ Compilation tsutsuuraTests normal arm64 com.apple.xcode.tools.swift.compiler (in target 'tsutsuuraTests' from project 'tsutsuura')
    cd /Users/takamimarsh/Developer/Projects/Toshizo/tsutsuura/tsutsuura
    builtin-Swift-Compilation -- /Applications/Xcode.app/Contents/Developer/Toolchains/XcodeDefault.xctoolchain/usr/bin/swiftc -module-name tsutsuuraTests -Onone @/tmp/tsutsuura-audio-fix-build/Build/Intermediates.noindex/tsutsuura.build/Debug-iphonesimulator/tsutsuuraTests.build/Objects-normal/arm64/tsutsuuraTests.SwiftFileList -DDEBUG -plugin-path /Applications/Xcode.app/Contents/Developer/Toolchains/XcodeDefault.xctoolchain/usr/lib/swift/host/plugins/testing -enable-bare-slash-regex -enable-upcoming-feature DisableOutwardActorInference -enable-upcoming-feature InferSendableFromCaptures -enable-upcoming-feature GlobalActorIsolatedTypesUsability -enable-upcoming-feature MemberImportVisibility -enable-upcoming-feature InferIsolatedConformances -enable-upcoming-feature NonisolatedNonsendingByDefault -enable-experimental-feature DebugDescriptionMacro -sdk /Applications/Xcode.app/Contents/Developer/Platforms/iPhoneSimulator.platform/Developer/SDKs/iPhoneSimulator26.5.sdk -target arm64-apple-ios26.2-simulator -g -module-cache-path /tmp/tsutsuura-audio-fix-build/ModuleCache.noindex -Xfrontend -serialize-debugging-options -profile-coverage-mapping -profile-generate -enable-testing -index-store-path /tmp/tsutsuura-audio-fix-build/Index.noindex/DataStore -Xcc -D_LIBCPP_HARDENING_MODE\=_LIBCPP_HARDENING_MODE_DEBUG -swift-version 5 -I /tmp/tsutsuura-audio-fix-build/Build/Products/Debug-iphonesimulator -Isystem /Applications/Xcode.app/Contents/Developer/Platforms/iPhoneSimulator.platform/Developer/usr/lib -F /tmp/tsutsuura-audio-fix-build/Build/Products/Debug-iphonesimulator -F /Applications/Xcode.app/Contents/Developer/Platforms/iPhoneSimulator.platform/Developer/Library/Frameworks -F /Applications/Xcode.app/Contents/Developer/Platforms/iPhoneSimulator.platform/Developer/SDKs/iPhoneSimulator26.5.sdk/Developer/Library/Frameworks -c -j12 -enable-batch-mode -incremental -Xcc -ivfsstatcache -Xcc /tmp/tsutsuura-audio-fix-build/SDKStatCaches.noindex/iphonesimulator26.5-23F81a-6cfe768891a92b912361537c460fe42b.sdkstatcache -output-file-map /tmp/tsutsuura-audio-fix-build/Build/Intermediates.noindex/tsutsuura.build/Debug-iphonesimulator/tsutsuuraTests.build/Objects-normal/arm64/tsutsuuraTests-OutputFileMap.json -use-frontend-parseable-output -save-temps -no-color-diagnostics -explicit-module-build -module-cache-path /tmp/tsutsuura-audio-fix-build/Build/Intermediates.noindex/SwiftExplicitPrecompiledModules -clang-scanner-module-cache-path /tmp/tsutsuura-audio-fix-build/ModuleCache.noindex -sdk-module-cache-path /tmp/tsutsuura-audio-fix-build/ModuleCache.noindex -serialize-diagnostics -emit-dependencies -emit-module -emit-module-path /tmp/tsutsuura-audio-fix-build/Build/Intermediates.noindex/tsutsuura.build/Debug-iphonesimulator/tsutsuuraTests.build/Objects-normal/arm64/tsutsuuraTests.swiftmodule -validate-clang-modules-once -clang-build-session-file /tmp/tsutsuura-audio-fix-build/ModuleCache.noindex/Session.modulevalidation -Xcc -I/tmp/tsutsuura-audio-fix-build/Build/Intermediates.noindex/tsutsuura.build/Debug-iphonesimulator/tsutsuuraTests.build/swift-overrides.hmap -emit-const-values -Xfrontend -const-gather-protocols-file -Xfrontend /tmp/tsutsuura-audio-fix-build/Build/Intermediates.noindex/tsutsuura.build/Debug-iphonesimulator/tsutsuuraTests.build/Objects-normal/arm64/tsutsuuraTests_const_extract_protocols.json -Xcc -iquote -Xcc /tmp/tsutsuura-audio-fix-build/Build/Intermediates.noindex/tsutsuura.build/Debug-iphonesimulator/tsutsuuraTests.build/tsutsuuraTests-generated-files.hmap -Xcc -I/tmp/tsutsuura-audio-fix-build/Build/Intermediates.noindex/tsutsuura.build/Debug-iphonesimulator/tsutsuuraTests.build/tsutsuuraTests-own-target-headers.hmap -Xcc -I/tmp/tsutsuura-audio-fix-build/Build/Intermediates.noindex/tsutsuura.build/Debug-iphonesimulator/tsutsuuraTests.build/tsutsuuraTests-all-target-headers.hmap -Xcc -iquote -Xcc /tmp/tsutsuura-audio-fix-build/Build/Intermediates.noindex/tsutsuura.build/Debug-iphonesimulator/tsutsuuraTests.build/tsutsuuraTests-project-headers.hmap -Xcc -I/tmp/tsutsuura-audio-fix-build/Build/Products/Debug-iphonesimulator/include -Xcc -I/tmp/tsutsuura-audio-fix-build/Build/Intermediates.noindex/tsutsuura.build/Debug-iphonesimulator/tsutsuuraTests.build/DerivedSources-normal/arm64 -Xcc -I/tmp/tsutsuura-audio-fix-build/Build/Intermediates.noindex/tsutsuura.build/Debug-iphonesimulator/tsutsuuraTests.build/DerivedSources/arm64 -Xcc -I/tmp/tsutsuura-audio-fix-build/Build/Intermediates.noindex/tsutsuura.build/Debug-iphonesimulator/tsutsuuraTests.build/DerivedSources -Xcc -DDEBUG\=1 -emit-objc-header -emit-objc-header-path /tmp/tsutsuura-audio-fix-build/Build/Intermediates.noindex/tsutsuura.build/Debug-iphonesimulator/tsutsuuraTests.build/Objects-normal/arm64/tsutsuuraTests-Swift.h -working-directory /Users/takamimarsh/Developer/Projects/Toshizo/tsutsuura/tsutsuura -experimental-emit-module-separately -disable-cmo

Ld /tmp/tsutsuura-audio-fix-build/Build/Products/Debug-iphonesimulator/tsutsuura.app/PlugIns/tsutsuuraTests.xctest/tsutsuuraTests normal (in target 'tsutsuuraTests' from project 'tsutsuura')
    cd /Users/takamimarsh/Developer/Projects/Toshizo/tsutsuura/tsutsuura
    /Applications/Xcode.app/Contents/Developer/Toolchains/XcodeDefault.xctoolchain/usr/bin/clang -Xlinker -reproducible -target arm64-apple-ios26.2-simulator -bundle -isysroot /Applications/Xcode.app/Contents/Developer/Platforms/iPhoneSimulator.platform/Developer/SDKs/iPhoneSimulator26.5.sdk -O0 -L/tmp/tsutsuura-audio-fix-build/Build/Intermediates.noindex/EagerLinkingTBDs/Debug-iphonesimulator -L/tmp/tsutsuura-audio-fix-build/Build/Products/Debug-iphonesimulator -L/Applications/Xcode.app/Contents/Developer/Platforms/iPhoneSimulator.platform/Developer/usr/lib -F/tmp/tsutsuura-audio-fix-build/Build/Intermediates.noindex/EagerLinkingTBDs/Debug-iphonesimulator -F/tmp/tsutsuura-audio-fix-build/Build/Products/Debug-iphonesimulator -iframework /Applications/Xcode.app/Contents/Developer/Platforms/iPhoneSimulator.platform/Developer/Library/Frameworks -iframework /Applications/Xcode.app/Contents/Developer/Platforms/iPhoneSimulator.platform/Developer/SDKs/iPhoneSimulator26.5.sdk/Developer/Library/Frameworks -filelist /tmp/tsutsuura-audio-fix-build/Build/Intermediates.noindex/tsutsuura.build/Debug-iphonesimulator/tsutsuuraTests.build/Objects-normal/arm64/tsutsuuraTests.LinkFileList -Xlinker -rpath -Xlinker @loader_path/Frameworks -Xlinker -rpath -Xlinker @executable_path/Frameworks -Xlinker -dead_strip -bundle_loader /tmp/tsutsuura-audio-fix-build/Build/Products/Debug-iphonesimulator/tsutsuura.app/tsutsuura -Xlinker -object_path_lto -Xlinker /tmp/tsutsuura-audio-fix-build/Build/Intermediates.noindex/tsutsuura.build/Debug-iphonesimulator/tsutsuuraTests.build/Objects-normal/arm64/tsutsuuraTests_lto.o -rdynamic -Xlinker -no_deduplicate -Xlinker -objc_abi_version -Xlinker 2 -Xlinker -debug_variant -Xlinker -dependency_info -Xlinker /tmp/tsutsuura-audio-fix-build/Build/Intermediates.noindex/tsutsuura.build/Debug-iphonesimulator/tsutsuuraTests.build/Objects-normal/arm64/tsutsuuraTests_dependency_info.dat -fobjc-link-runtime -fprofile-instr-generate -L/Applications/Xcode.app/Contents/Developer/Toolchains/XcodeDefault.xctoolchain/usr/lib/swift/iphonesimulator -L/usr/lib/swift -Xlinker -add_ast_path -Xlinker /tmp/tsutsuura-audio-fix-build/Build/Intermediates.noindex/tsutsuura.build/Debug-iphonesimulator/tsutsuuraTests.build/Objects-normal/arm64/tsutsuuraTests.swiftmodule @/tmp/tsutsuura-audio-fix-build/Build/Intermediates.noindex/tsutsuura.build/Debug-iphonesimulator/tsutsuuraTests.build/Objects-normal/arm64/tsutsuuraTests-linker-args.resp -Xlinker -needed_framework -Xlinker XCTest -framework XCTest -Xlinker -needed-lXCTestSwiftSupport -lXCTestSwiftSupport /tmp/tsutsuura-audio-fix-build/Build/Products/Debug-iphonesimulator/tsutsuura.app/tsutsuura.debug.dylib -Xlinker -no_adhoc_codesign -o /tmp/tsutsuura-audio-fix-build/Build/Products/Debug-iphonesimulator/tsutsuura.app/PlugIns/tsutsuuraTests.xctest/tsutsuuraTests

ExtractAppIntentsMetadata (in target 'tsutsuuraTests' from project 'tsutsuura')
    cd /Users/takamimarsh/Developer/Projects/Toshizo/tsutsuura/tsutsuura
    /Applications/Xcode.app/Contents/Developer/Toolchains/XcodeDefault.xctoolchain/usr/bin/appintentsmetadataprocessor --toolchain-dir /Applications/Xcode.app/Contents/Developer/Toolchains/XcodeDefault.xctoolchain --module-name tsutsuuraTests --sdk-root /Applications/Xcode.app/Contents/Developer/Platforms/iPhoneSimulator.platform/Developer/SDKs/iPhoneSimulator26.5.sdk --xcode-version 17F113 --platform-family iOS --deployment-target 26.2 --bundle-identifier toshizo.link.tsutsuuraTests --output /tmp/tsutsuura-audio-fix-build/Build/Products/Debug-iphonesimulator/tsutsuura.app/PlugIns/tsutsuuraTests.xctest --target-triple arm64-apple-ios26.2-simulator --binary-file /tmp/tsutsuura-audio-fix-build/Build/Products/Debug-iphonesimulator/tsutsuura.app/PlugIns/tsutsuuraTests.xctest/tsutsuuraTests --dependency-file /tmp/tsutsuura-audio-fix-build/Build/Intermediates.noindex/tsutsuura.build/Debug-iphonesimulator/tsutsuuraTests.build/Objects-normal/arm64/tsutsuuraTests_dependency_info.dat --stringsdata-file /tmp/tsutsuura-audio-fix-build/Build/Intermediates.noindex/tsutsuura.build/Debug-iphonesimulator/tsutsuuraTests.build/Objects-normal/arm64/ExtractedAppShortcutsMetadata.stringsdata --source-file-list /tmp/tsutsuura-audio-fix-build/Build/Intermediates.noindex/tsutsuura.build/Debug-iphonesimulator/tsutsuuraTests.build/Objects-normal/arm64/tsutsuuraTests.SwiftFileList --metadata-file-list /tmp/tsutsuura-audio-fix-build/Build/Intermediates.noindex/tsutsuura.build/Debug-iphonesimulator/tsutsuuraTests.build/tsutsuuraTests.DependencyMetadataFileList --static-metadata-file-list /tmp/tsutsuura-audio-fix-build/Build/Intermediates.noindex/tsutsuura.build/Debug-iphonesimulator/tsutsuuraTests.build/tsutsuuraTests.DependencyStaticMetadataFileList --swift-const-vals-list /tmp/tsutsuura-audio-fix-build/Build/Intermediates.noindex/tsutsuura.build/Debug-iphonesimulator/tsutsuuraTests.build/Objects-normal/arm64/tsutsuuraTests.SwiftConstValuesFileList --compile-time-extraction --deployment-aware-processing --validate-assistant-intents --no-app-shortcuts-localization
2026-09-07 19:29:03.292 appintentsmetadataprocessor[15165:10359766] Starting appintentsmetadataprocessor export
2026-09-07 19:29:03.293 appintentsmetadataprocessor[15165:10359766] warning: Metadata extraction skipped. No AppIntents.framework dependency found.

CopySwiftLibs /tmp/tsutsuura-audio-fix-build/Build/Products/Debug-iphonesimulator/tsutsuura.app/PlugIns/tsutsuuraTests.xctest (in target 'tsutsuuraTests' from project 'tsutsuura')
    cd /Users/takamimarsh/Developer/Projects/Toshizo/tsutsuura/tsutsuura
    builtin-swiftStdLibTool --copy --verbose --sign - --scan-executable /tmp/tsutsuura-audio-fix-build/Build/Products/Debug-iphonesimulator/tsutsuura.app/PlugIns/tsutsuuraTests.xctest/tsutsuuraTests --scan-folder /tmp/tsutsuura-audio-fix-build/Build/Products/Debug-iphonesimulator/tsutsuura.app/PlugIns/tsutsuuraTests.xctest/Frameworks --scan-folder /tmp/tsutsuura-audio-fix-build/Build/Products/Debug-iphonesimulator/tsutsuura.app/PlugIns/tsutsuuraTests.xctest/PlugIns --scan-folder /tmp/tsutsuura-audio-fix-build/Build/Products/Debug-iphonesimulator/tsutsuura.app/PlugIns/tsutsuuraTests.xctest/SystemExtensions --scan-folder /tmp/tsutsuura-audio-fix-build/Build/Products/Debug-iphonesimulator/tsutsuura.app/PlugIns/tsutsuuraTests.xctest/Extensions --platform iphonesimulator --toolchain /Applications/Xcode.app/Contents/Developer/Toolchains/XcodeDefault.xctoolchain --destination /tmp/tsutsuura-audio-fix-build/Build/Products/Debug-iphonesimulator/tsutsuura.app/PlugIns/tsutsuuraTests.xctest/Frameworks --strip-bitcode --scan-executable /Applications/Xcode.app/Contents/Developer/Platforms/iPhoneSimulator.platform/Developer/usr/lib/libXCTestSwiftSupport.dylib --strip-bitcode-tool /Applications/Xcode.app/Contents/Developer/Toolchains/XcodeDefault.xctoolchain/usr/bin/bitcode_strip --emit-dependency-info /tmp/tsutsuura-audio-fix-build/Build/Intermediates.noindex/tsutsuura.build/Debug-iphonesimulator/tsutsuuraTests.build/SwiftStdLibToolInputDependencies.dep --filter-for-swift-os

AppIntentsSSUTraining (in target 'tsutsuuraTests' from project 'tsutsuura')
    cd /Users/takamimarsh/Developer/Projects/Toshizo/tsutsuura/tsutsuura
    /Applications/Xcode.app/Contents/Developer/Toolchains/XcodeDefault.xctoolchain/usr/bin/appintentsnltrainingprocessor --infoplist-path /tmp/tsutsuura-audio-fix-build/Build/Products/Debug-iphonesimulator/tsutsuura.app/PlugIns/tsutsuuraTests.xctest/Info.plist --temp-dir-path /tmp/tsutsuura-audio-fix-build/Build/Intermediates.noindex/tsutsuura.build/Debug-iphonesimulator/tsutsuuraTests.build/ssu --bundle-id toshizo.link.tsutsuuraTests --product-path /tmp/tsutsuura-audio-fix-build/Build/Products/Debug-iphonesimulator/tsutsuura.app/PlugIns/tsutsuuraTests.xctest --extracted-metadata-path /tmp/tsutsuura-audio-fix-build/Build/Products/Debug-iphonesimulator/tsutsuura.app/PlugIns/tsutsuuraTests.xctest/Metadata.appintents --metadata-file-list /tmp/tsutsuura-audio-fix-build/Build/Intermediates.noindex/tsutsuura.build/Debug-iphonesimulator/tsutsuuraTests.build/tsutsuuraTests.DependencyMetadataFileList --source-file /tmp/tsutsuura-audio-fix-build/Build/Products/Debug-iphonesimulator/tsutsuura.app/PlugIns/tsutsuuraTests.xctest/Info.plist --archive-ssu-assets
2026-09-07 19:29:03.320 appintentsnltrainingprocessor[15166:10359767] Parsing options for appintentsnltrainingprocessor
2026-09-07 19:29:03.321 appintentsnltrainingprocessor[15166:10359767] Starting AppIntents SSU YAML Generation
2026-09-07 19:29:03.321 appintentsnltrainingprocessor[15166:10359767] No AppShortcuts found - Skipping.

CodeSign /tmp/tsutsuura-audio-fix-build/Build/Products/Debug-iphonesimulator/tsutsuura.app/PlugIns/tsutsuuraTests.xctest (in target 'tsutsuuraTests' from project 'tsutsuura')
    cd /Users/takamimarsh/Developer/Projects/Toshizo/tsutsuura/tsutsuura
    
    Signing Identity:     "Sign to Run Locally"
    
    /usr/bin/codesign --force --sign - --timestamp\=none --generate-entitlement-der /tmp/tsutsuura-audio-fix-build/Build/Products/Debug-iphonesimulator/tsutsuura.app/PlugIns/tsutsuuraTests.xctest

RegisterExecutionPolicyException /tmp/tsutsuura-audio-fix-build/Build/Products/Debug-iphonesimulator/tsutsuura.app/PlugIns/tsutsuuraTests.xctest (in target 'tsutsuuraTests' from project 'tsutsuura')
    cd /Users/takamimarsh/Developer/Projects/Toshizo/tsutsuura/tsutsuura
    builtin-RegisterExecutionPolicyException /tmp/tsutsuura-audio-fix-build/Build/Products/Debug-iphonesimulator/tsutsuura.app/PlugIns/tsutsuuraTests.xctest

Touch /tmp/tsutsuura-audio-fix-build/Build/Products/Debug-iphonesimulator/tsutsuura.app/PlugIns/tsutsuuraTests.xctest (in target 'tsutsuuraTests' from project 'tsutsuura')
    cd /Users/takamimarsh/Developer/Projects/Toshizo/tsutsuura/tsutsuura
    /usr/bin/touch -c /tmp/tsutsuura-audio-fix-build/Build/Products/Debug-iphonesimulator/tsutsuura.app/PlugIns/tsutsuuraTests.xctest

CodeSign /tmp/tsutsuura-audio-fix-build/Build/Products/Debug-iphonesimulator/tsutsuura.app/tsutsuura.debug.dylib (in target 'tsutsuura' from project 'tsutsuura')
    cd /Users/takamimarsh/Developer/Projects/Toshizo/tsutsuura/tsutsuura
    
    Signing Identity:     "Sign to Run Locally"
    
    /usr/bin/codesign --force --sign - --timestamp\=none --generate-entitlement-der /tmp/tsutsuura-audio-fix-build/Build/Products/Debug-iphonesimulator/tsutsuura.app/tsutsuura.debug.dylib

CodeSign /tmp/tsutsuura-audio-fix-build/Build/Products/Debug-iphonesimulator/tsutsuura.app/__preview.dylib (in target 'tsutsuura' from project 'tsutsuura')
    cd /Users/takamimarsh/Developer/Projects/Toshizo/tsutsuura/tsutsuura
    
    Signing Identity:     "Sign to Run Locally"
    
    /usr/bin/codesign --force --sign - --timestamp\=none --generate-entitlement-der /tmp/tsutsuura-audio-fix-build/Build/Products/Debug-iphonesimulator/tsutsuura.app/__preview.dylib

CodeSign /tmp/tsutsuura-audio-fix-build/Build/Products/Debug-iphonesimulator/tsutsuura.app (in target 'tsutsuura' from project 'tsutsuura')
    cd /Users/takamimarsh/Developer/Projects/Toshizo/tsutsuura/tsutsuura
    
    Signing Identity:     "Sign to Run Locally"
    
    /usr/bin/codesign --force --sign - --entitlements /tmp/tsutsuura-audio-fix-build/Build/Intermediates.noindex/tsutsuura.build/Debug-iphonesimulator/tsutsuura.build/tsutsuura.app.xcent --timestamp\=none --generate-entitlement-der /tmp/tsutsuura-audio-fix-build/Build/Products/Debug-iphonesimulator/tsutsuura.app

RegisterExecutionPolicyException /tmp/tsutsuura-audio-fix-build/Build/Products/Debug-iphonesimulator/tsutsuura.app (in target 'tsutsuura' from project 'tsutsuura')
    cd /Users/takamimarsh/Developer/Projects/Toshizo/tsutsuura/tsutsuura
    builtin-RegisterExecutionPolicyException /tmp/tsutsuura-audio-fix-build/Build/Products/Debug-iphonesimulator/tsutsuura.app

Validate /tmp/tsutsuura-audio-fix-build/Build/Products/Debug-iphonesimulator/tsutsuura.app (in target 'tsutsuura' from project 'tsutsuura')
    cd /Users/takamimarsh/Developer/Projects/Toshizo/tsutsuura/tsutsuura
    builtin-validationUtility /tmp/tsutsuura-audio-fix-build/Build/Products/Debug-iphonesimulator/tsutsuura.app -shallow-bundle -infoplist-subpath Info.plist

Touch /tmp/tsutsuura-audio-fix-build/Build/Products/Debug-iphonesimulator/tsutsuura.app (in target 'tsutsuura' from project 'tsutsuura')
    cd /Users/takamimarsh/Developer/Projects/Toshizo/tsutsuura/tsutsuura
    /usr/bin/touch -c /tmp/tsutsuura-audio-fix-build/Build/Products/Debug-iphonesimulator/tsutsuura.app

ProcessInfoPlistFile /tmp/tsutsuura-audio-fix-build/Build/Products/Debug-iphonesimulator/tsutsuuraUITests-Runner.app/PlugIns/tsutsuuraUITests.xctest/Info.plist /tmp/tsutsuura-audio-fix-build/Build/Intermediates.noindex/tsutsuura.build/Debug-iphonesimulator/tsutsuuraUITests.build/empty-tsutsuuraUITests.plist (in target 'tsutsuuraUITests' from project 'tsutsuura')
    cd /Users/takamimarsh/Developer/Projects/Toshizo/tsutsuura/tsutsuura
    builtin-infoPlistUtility /tmp/tsutsuura-audio-fix-build/Build/Intermediates.noindex/tsutsuura.build/Debug-iphonesimulator/tsutsuuraUITests.build/empty-tsutsuuraUITests.plist -producttype com.apple.product-type.bundle.ui-testing -expandbuildsettings -format binary -platform iphonesimulator -additionalcontentfile /tmp/tsutsuura-audio-fix-build/Build/Intermediates.noindex/tsutsuura.build/Debug-iphonesimulator/tsutsuuraUITests.build/ProductTypeInfoPlistAdditions.plist -o /tmp/tsutsuura-audio-fix-build/Build/Products/Debug-iphonesimulator/tsutsuuraUITests-Runner.app/PlugIns/tsutsuuraUITests.xctest/Info.plist

Ld /tmp/tsutsuura-audio-fix-build/Build/Products/Debug-iphonesimulator/tsutsuuraUITests-Runner.app/PlugIns/tsutsuuraUITests.xctest/tsutsuuraUITests normal (in target 'tsutsuuraUITests' from project 'tsutsuura')
    cd /Users/takamimarsh/Developer/Projects/Toshizo/tsutsuura/tsutsuura
    /Applications/Xcode.app/Contents/Developer/Toolchains/XcodeDefault.xctoolchain/usr/bin/clang -Xlinker -reproducible -target arm64-apple-ios26.2-simulator -bundle -isysroot /Applications/Xcode.app/Contents/Developer/Platforms/iPhoneSimulator.platform/Developer/SDKs/iPhoneSimulator26.5.sdk -O0 -L/tmp/tsutsuura-audio-fix-build/Build/Intermediates.noindex/EagerLinkingTBDs/Debug-iphonesimulator -L/tmp/tsutsuura-audio-fix-build/Build/Products/Debug-iphonesimulator -L/Applications/Xcode.app/Contents/Developer/Platforms/iPhoneSimulator.platform/Developer/usr/lib -F/tmp/tsutsuura-audio-fix-build/Build/Intermediates.noindex/EagerLinkingTBDs/Debug-iphonesimulator -F/tmp/tsutsuura-audio-fix-build/Build/Products/Debug-iphonesimulator -iframework /Applications/Xcode.app/Contents/Developer/Platforms/iPhoneSimulator.platform/Developer/Library/Frameworks -iframework /Applications/Xcode.app/Contents/Developer/Platforms/iPhoneSimulator.platform/Developer/SDKs/iPhoneSimulator26.5.sdk/Developer/Library/Frameworks -filelist /tmp/tsutsuura-audio-fix-build/Build/Intermediates.noindex/tsutsuura.build/Debug-iphonesimulator/tsutsuuraUITests.build/Objects-normal/arm64/tsutsuuraUITests.LinkFileList -Xlinker -rpath -Xlinker @loader_path/Frameworks -Xlinker -dead_strip -Xlinker -object_path_lto -Xlinker /tmp/tsutsuura-audio-fix-build/Build/Intermediates.noindex/tsutsuura.build/Debug-iphonesimulator/tsutsuuraUITests.build/Objects-normal/arm64/tsutsuuraUITests_lto.o -rdynamic -Xlinker -no_deduplicate -Xlinker -objc_abi_version -Xlinker 2 -Xlinker -debug_variant -Xlinker -dependency_info -Xlinker /tmp/tsutsuura-audio-fix-build/Build/Intermediates.noindex/tsutsuura.build/Debug-iphonesimulator/tsutsuuraUITests.build/Objects-normal/arm64/tsutsuuraUITests_dependency_info.dat -fobjc-link-runtime -fprofile-instr-generate -L/Applications/Xcode.app/Contents/Developer/Toolchains/XcodeDefault.xctoolchain/usr/lib/swift/iphonesimulator -L/usr/lib/swift -Xlinker -add_ast_path -Xlinker /tmp/tsutsuura-audio-fix-build/Build/Intermediates.noindex/tsutsuura.build/Debug-iphonesimulator/tsutsuuraUITests.build/Objects-normal/arm64/tsutsuuraUITests.swiftmodule @/tmp/tsutsuura-audio-fix-build/Build/Intermediates.noindex/tsutsuura.build/Debug-iphonesimulator/tsutsuuraUITests.build/Objects-normal/arm64/tsutsuuraUITests-linker-args.resp -Xlinker -needed_framework -Xlinker XCTest -framework XCTest -Xlinker -needed-lXCTestSwiftSupport -lXCTestSwiftSupport -Xlinker -sectcreate -Xlinker __TEXT -Xlinker __entitlements -Xlinker /tmp/tsutsuura-audio-fix-build/Build/Intermediates.noindex/tsutsuura.build/Debug-iphonesimulator/tsutsuuraUITests.build/tsutsuuraUITests.xctest-Simulated.xcent -Xlinker -sectcreate -Xlinker __TEXT -Xlinker __ents_der -Xlinker /tmp/tsutsuura-audio-fix-build/Build/Intermediates.noindex/tsutsuura.build/Debug-iphonesimulator/tsutsuuraUITests.build/tsutsuuraUITests.xctest-Simulated.xcent.der -Xlinker -no_adhoc_codesign -o /tmp/tsutsuura-audio-fix-build/Build/Products/Debug-iphonesimulator/tsutsuuraUITests-Runner.app/PlugIns/tsutsuuraUITests.xctest/tsutsuuraUITests

CopySwiftLibs /tmp/tsutsuura-audio-fix-build/Build/Products/Debug-iphonesimulator/tsutsuuraUITests-Runner.app/PlugIns/tsutsuuraUITests.xctest (in target 'tsutsuuraUITests' from project 'tsutsuura')
    cd /Users/takamimarsh/Developer/Projects/Toshizo/tsutsuura/tsutsuura
    builtin-swiftStdLibTool --copy --verbose --sign - --scan-executable /tmp/tsutsuura-audio-fix-build/Build/Products/Debug-iphonesimulator/tsutsuuraUITests-Runner.app/PlugIns/tsutsuuraUITests.xctest/tsutsuuraUITests --scan-folder /tmp/tsutsuura-audio-fix-build/Build/Products/Debug-iphonesimulator/tsutsuuraUITests-Runner.app/PlugIns/tsutsuuraUITests.xctest/Frameworks --scan-folder /tmp/tsutsuura-audio-fix-build/Build/Products/Debug-iphonesimulator/tsutsuuraUITests-Runner.app/PlugIns/tsutsuuraUITests.xctest/PlugIns --scan-folder /tmp/tsutsuura-audio-fix-build/Build/Products/Debug-iphonesimulator/tsutsuuraUITests-Runner.app/PlugIns/tsutsuuraUITests.xctest/SystemExtensions --scan-folder /tmp/tsutsuura-audio-fix-build/Build/Products/Debug-iphonesimulator/tsutsuuraUITests-Runner.app/PlugIns/tsutsuuraUITests.xctest/Extensions --platform iphonesimulator --toolchain /Applications/Xcode.app/Contents/Developer/Toolchains/XcodeDefault.xctoolchain --destination /tmp/tsutsuura-audio-fix-build/Build/Products/Debug-iphonesimulator/tsutsuuraUITests-Runner.app/PlugIns/tsutsuuraUITests.xctest/Frameworks --strip-bitcode --scan-executable /Applications/Xcode.app/Contents/Developer/Platforms/iPhoneSimulator.platform/Developer/usr/lib/libXCTestSwiftSupport.dylib --strip-bitcode-tool /Applications/Xcode.app/Contents/Developer/Toolchains/XcodeDefault.xctoolchain/usr/bin/bitcode_strip --emit-dependency-info /tmp/tsutsuura-audio-fix-build/Build/Intermediates.noindex/tsutsuura.build/Debug-iphonesimulator/tsutsuuraUITests.build/SwiftStdLibToolInputDependencies.dep --filter-for-swift-os

ExtractAppIntentsMetadata (in target 'tsutsuuraUITests' from project 'tsutsuura')
    cd /Users/takamimarsh/Developer/Projects/Toshizo/tsutsuura/tsutsuura
    /Applications/Xcode.app/Contents/Developer/Toolchains/XcodeDefault.xctoolchain/usr/bin/appintentsmetadataprocessor --toolchain-dir /Applications/Xcode.app/Contents/Developer/Toolchains/XcodeDefault.xctoolchain --module-name tsutsuuraUITests --sdk-root /Applications/Xcode.app/Contents/Developer/Platforms/iPhoneSimulator.platform/Developer/SDKs/iPhoneSimulator26.5.sdk --xcode-version 17F113 --platform-family iOS --deployment-target 26.2 --bundle-identifier toshizo.link.tsutsuuraUITests --output /tmp/tsutsuura-audio-fix-build/Build/Products/Debug-iphonesimulator/tsutsuuraUITests-Runner.app/PlugIns/tsutsuuraUITests.xctest --target-triple arm64-apple-ios26.2-simulator --binary-file /tmp/tsutsuura-audio-fix-build/Build/Products/Debug-iphonesimulator/tsutsuuraUITests-Runner.app/PlugIns/tsutsuuraUITests.xctest/tsutsuuraUITests --dependency-file /tmp/tsutsuura-audio-fix-build/Build/Intermediates.noindex/tsutsuura.build/Debug-iphonesimulator/tsutsuuraUITests.build/Objects-normal/arm64/tsutsuuraUITests_dependency_info.dat --stringsdata-file /tmp/tsutsuura-audio-fix-build/Build/Intermediates.noindex/tsutsuura.build/Debug-iphonesimulator/tsutsuuraUITests.build/Objects-normal/arm64/ExtractedAppShortcutsMetadata.stringsdata --source-file-list /tmp/tsutsuura-audio-fix-build/Build/Intermediates.noindex/tsutsuura.build/Debug-iphonesimulator/tsutsuuraUITests.build/Objects-normal/arm64/tsutsuuraUITests.SwiftFileList --metadata-file-list /tmp/tsutsuura-audio-fix-build/Build/Intermediates.noindex/tsutsuura.build/Debug-iphonesimulator/tsutsuuraUITests.build/tsutsuuraUITests.DependencyMetadataFileList --static-metadata-file-list /tmp/tsutsuura-audio-fix-build/Build/Intermediates.noindex/tsutsuura.build/Debug-iphonesimulator/tsutsuuraUITests.build/tsutsuuraUITests.DependencyStaticMetadataFileList --swift-const-vals-list /tmp/tsutsuura-audio-fix-build/Build/Intermediates.noindex/tsutsuura.build/Debug-iphonesimulator/tsutsuuraUITests.build/Objects-normal/arm64/tsutsuuraUITests.SwiftConstValuesFileList --compile-time-extraction --deployment-aware-processing --validate-assistant-intents --no-app-shortcuts-localization
2026-09-07 19:29:03.862 appintentsmetadataprocessor[15175:10359815] Starting appintentsmetadataprocessor export
2026-09-07 19:29:03.863 appintentsmetadataprocessor[15175:10359815] warning: Metadata extraction skipped. No AppIntents.framework dependency found.

AppIntentsSSUTraining (in target 'tsutsuuraUITests' from project 'tsutsuura')
    cd /Users/takamimarsh/Developer/Projects/Toshizo/tsutsuura/tsutsuura
    /Applications/Xcode.app/Contents/Developer/Toolchains/XcodeDefault.xctoolchain/usr/bin/appintentsnltrainingprocessor --infoplist-path /tmp/tsutsuura-audio-fix-build/Build/Products/Debug-iphonesimulator/tsutsuuraUITests-Runner.app/PlugIns/tsutsuuraUITests.xctest/Info.plist --temp-dir-path /tmp/tsutsuura-audio-fix-build/Build/Intermediates.noindex/tsutsuura.build/Debug-iphonesimulator/tsutsuuraUITests.build/ssu --bundle-id toshizo.link.tsutsuuraUITests --product-path /tmp/tsutsuura-audio-fix-build/Build/Products/Debug-iphonesimulator/tsutsuuraUITests-Runner.app/PlugIns/tsutsuuraUITests.xctest --extracted-metadata-path /tmp/tsutsuura-audio-fix-build/Build/Products/Debug-iphonesimulator/tsutsuuraUITests-Runner.app/PlugIns/tsutsuuraUITests.xctest/Metadata.appintents --metadata-file-list /tmp/tsutsuura-audio-fix-build/Build/Intermediates.noindex/tsutsuura.build/Debug-iphonesimulator/tsutsuuraUITests.build/tsutsuuraUITests.DependencyMetadataFileList --source-file /tmp/tsutsuura-audio-fix-build/Build/Products/Debug-iphonesimulator/tsutsuuraUITests-Runner.app/PlugIns/tsutsuuraUITests.xctest/Info.plist --archive-ssu-assets
2026-09-07 19:29:03.889 appintentsnltrainingprocessor[15176:10359816] Parsing options for appintentsnltrainingprocessor
2026-09-07 19:29:03.890 appintentsnltrainingprocessor[15176:10359816] Starting AppIntents SSU YAML Generation
2026-09-07 19:29:03.890 appintentsnltrainingprocessor[15176:10359816] No AppShortcuts found - Skipping.

CopyPlistFile /tmp/tsutsuura-audio-fix-build/Build/Products/Debug-iphonesimulator/tsutsuuraUITests-Runner.app/Info.plist /Applications/Xcode.app/Contents/Developer/Platforms/iPhoneSimulator.platform/Developer/Library/Xcode/Agents/XCTRunner.app/Info.plist (in target 'tsutsuuraUITests' from project 'tsutsuura')
    cd /Users/takamimarsh/Developer/Projects/Toshizo/tsutsuura/tsutsuura
    builtin-copyPlist --validate --convert xml1 --macro-expansion WRAPPEDPRODUCTNAME tsutsuuraUITests-Runner --macro-expansion WRAPPEDPRODUCTBUNDLEIDENTIFIER toshizo.link.tsutsuuraUITests.xctrunner --macro-expansion TESTPRODUCTNAME tsutsuuraUITests --macro-expansion TESTPRODUCTBUNDLEIDENTIFIER toshizo.link.tsutsuuraUITests --copy-value UIDeviceFamily /tmp/tsutsuura-audio-fix-build/Build/Products/Debug-iphonesimulator/tsutsuuraUITests-Runner.app/PlugIns/tsutsuuraUITests.xctest/Info.plist --outdir /tmp/tsutsuura-audio-fix-build/Build/Products/Debug-iphonesimulator/tsutsuuraUITests-Runner.app -- /Applications/Xcode.app/Contents/Developer/Platforms/iPhoneSimulator.platform/Developer/Library/Xcode/Agents/XCTRunner.app/Info.plist

CopyAndPreserveArchs /tmp/tsutsuura-audio-fix-build/Build/Products/Debug-iphonesimulator/tsutsuuraUITests-Runner.app/tsutsuuraUITests-Runner (in target 'tsutsuuraUITests' from project 'tsutsuura')
    cd /Users/takamimarsh/Developer/Projects/Toshizo/tsutsuura/tsutsuura
    /Applications/Xcode.app/Contents/Developer/Toolchains/XcodeDefault.xctoolchain/usr/bin/lipo /Applications/Xcode.app/Contents/Developer/Platforms/iPhoneSimulator.platform/Developer/Library/Xcode/Agents/XCTRunner.app/XCTRunner -output /tmp/tsutsuura-audio-fix-build/Build/Products/Debug-iphonesimulator/tsutsuuraUITests-Runner.app/tsutsuuraUITests-Runner -extract arm64

Copy /tmp/tsutsuura-audio-fix-build/Build/Products/Debug-iphonesimulator/tsutsuuraUITests-Runner.app/PkgInfo /Applications/Xcode.app/Contents/Developer/Platforms/iPhoneSimulator.platform/Developer/Library/Xcode/Agents/XCTRunner.app/PkgInfo (in target 'tsutsuuraUITests' from project 'tsutsuura')
    cd /Users/takamimarsh/Developer/Projects/Toshizo/tsutsuura/tsutsuura
    builtin-copy -exclude .DS_Store -exclude CVS -exclude .svn -exclude .git -exclude .hg -resolve-src-symlinks /Applications/Xcode.app/Contents/Developer/Platforms/iPhoneSimulator.platform/Developer/Library/Xcode/Agents/XCTRunner.app/PkgInfo /tmp/tsutsuura-audio-fix-build/Build/Products/Debug-iphonesimulator/tsutsuuraUITests-Runner.app

Copy /tmp/tsutsuura-audio-fix-build/Build/Products/Debug-iphonesimulator/tsutsuuraUITests-Runner.app/Frameworks/XCUIAutomation.framework /Applications/Xcode.app/Contents/Developer/Platforms/iPhoneSimulator.platform/Developer/Library/Frameworks/XCUIAutomation.framework (in target 'tsutsuuraUITests' from project 'tsutsuura')
    cd /Users/takamimarsh/Developer/Projects/Toshizo/tsutsuura/tsutsuura
    builtin-copy -exclude .DS_Store -exclude CVS -exclude .svn -exclude .git -exclude .hg -exclude Headers -exclude PrivateHeaders -exclude Modules -exclude \*.tbd -resolve-src-symlinks /Applications/Xcode.app/Contents/Developer/Platforms/iPhoneSimulator.platform/Developer/Library/Frameworks/XCUIAutomation.framework /tmp/tsutsuura-audio-fix-build/Build/Products/Debug-iphonesimulator/tsutsuuraUITests-Runner.app/Frameworks

Copy /tmp/tsutsuura-audio-fix-build/Build/Products/Debug-iphonesimulator/tsutsuuraUITests-Runner.app/Frameworks/XCUnit.framework /Applications/Xcode.app/Contents/Developer/Platforms/iPhoneSimulator.platform/Developer/Library/PrivateFrameworks/XCUnit.framework (in target 'tsutsuuraUITests' from project 'tsutsuura')
    cd /Users/takamimarsh/Developer/Projects/Toshizo/tsutsuura/tsutsuura
    builtin-copy -exclude .DS_Store -exclude CVS -exclude .svn -exclude .git -exclude .hg -exclude Headers -exclude PrivateHeaders -exclude Modules -exclude \*.tbd -resolve-src-symlinks /Applications/Xcode.app/Contents/Developer/Platforms/iPhoneSimulator.platform/Developer/Library/PrivateFrameworks/XCUnit.framework /tmp/tsutsuura-audio-fix-build/Build/Products/Debug-iphonesimulator/tsutsuuraUITests-Runner.app/Frameworks

Copy /tmp/tsutsuura-audio-fix-build/Build/Products/Debug-iphonesimulator/tsutsuuraUITests-Runner.app/Frameworks/XCTestCore.framework /Applications/Xcode.app/Contents/Developer/Platforms/iPhoneSimulator.platform/Developer/Library/PrivateFrameworks/XCTestCore.framework (in target 'tsutsuuraUITests' from project 'tsutsuura')
    cd /Users/takamimarsh/Developer/Projects/Toshizo/tsutsuura/tsutsuura
    builtin-copy -exclude .DS_Store -exclude CVS -exclude .svn -exclude .git -exclude .hg -exclude Headers -exclude PrivateHeaders -exclude Modules -exclude \*.tbd -resolve-src-symlinks /Applications/Xcode.app/Contents/Developer/Platforms/iPhoneSimulator.platform/Developer/Library/PrivateFrameworks/XCTestCore.framework /tmp/tsutsuura-audio-fix-build/Build/Products/Debug-iphonesimulator/tsutsuuraUITests-Runner.app/Frameworks

Copy /tmp/tsutsuura-audio-fix-build/Build/Products/Debug-iphonesimulator/tsutsuuraUITests-Runner.app/Frameworks/XCTestSupport.framework /Applications/Xcode.app/Contents/Developer/Platforms/iPhoneSimulator.platform/Developer/Library/PrivateFrameworks/XCTestSupport.framework (in target 'tsutsuuraUITests' from project 'tsutsuura')
    cd /Users/takamimarsh/Developer/Projects/Toshizo/tsutsuura/tsutsuura
    builtin-copy -exclude .DS_Store -exclude CVS -exclude .svn -exclude .git -exclude .hg -exclude Headers -exclude PrivateHeaders -exclude Modules -exclude \*.tbd -resolve-src-symlinks /Applications/Xcode.app/Contents/Developer/Platforms/iPhoneSimulator.platform/Developer/Library/PrivateFrameworks/XCTestSupport.framework /tmp/tsutsuura-audio-fix-build/Build/Products/Debug-iphonesimulator/tsutsuuraUITests-Runner.app/Frameworks

Copy /tmp/tsutsuura-audio-fix-build/Build/Products/Debug-iphonesimulator/tsutsuuraUITests-Runner.app/Frameworks/libXCTestSwiftSupport.dylib /Applications/Xcode.app/Contents/Developer/Platforms/iPhoneSimulator.platform/Developer/usr/lib/libXCTestSwiftSupport.dylib (in target 'tsutsuuraUITests' from project 'tsutsuura')
    cd /Users/takamimarsh/Developer/Projects/Toshizo/tsutsuura/tsutsuura
    builtin-copy -exclude .DS_Store -exclude CVS -exclude .svn -exclude .git -exclude .hg -exclude Headers -exclude PrivateHeaders -exclude Modules -exclude \*.tbd -resolve-src-symlinks /Applications/Xcode.app/Contents/Developer/Platforms/iPhoneSimulator.platform/Developer/usr/lib/libXCTestSwiftSupport.dylib /tmp/tsutsuura-audio-fix-build/Build/Products/Debug-iphonesimulator/tsutsuuraUITests-Runner.app/Frameworks

Copy /tmp/tsutsuura-audio-fix-build/Build/Products/Debug-iphonesimulator/tsutsuuraUITests-Runner.app/Frameworks/XCTAutomationSupport.framework /Applications/Xcode.app/Contents/Developer/Platforms/iPhoneSimulator.platform/Developer/Library/PrivateFrameworks/XCTAutomationSupport.framework (in target 'tsutsuuraUITests' from project 'tsutsuura')
    cd /Users/takamimarsh/Developer/Projects/Toshizo/tsutsuura/tsutsuura
    builtin-copy -exclude .DS_Store -exclude CVS -exclude .svn -exclude .git -exclude .hg -exclude Headers -exclude PrivateHeaders -exclude Modules -exclude \*.tbd -resolve-src-symlinks /Applications/Xcode.app/Contents/Developer/Platforms/iPhoneSimulator.platform/Developer/Library/PrivateFrameworks/XCTAutomationSupport.framework /tmp/tsutsuura-audio-fix-build/Build/Products/Debug-iphonesimulator/tsutsuuraUITests-Runner.app/Frameworks

MkDir /tmp/tsutsuura-audio-fix-build/Build/Products/Debug-iphonesimulator/tsutsuuraUITests-Runner.app (in target 'tsutsuuraUITests' from project 'tsutsuura')
    cd /Users/takamimarsh/Developer/Projects/Toshizo/tsutsuura/tsutsuura
    /bin/mkdir -p /tmp/tsutsuura-audio-fix-build/Build/Products/Debug-iphonesimulator/tsutsuuraUITests-Runner.app

Copy /tmp/tsutsuura-audio-fix-build/Build/Products/Debug-iphonesimulator/tsutsuuraUITests-Runner.app/Frameworks/XCTest.framework /Applications/Xcode.app/Contents/Developer/Platforms/iPhoneSimulator.platform/Developer/Library/Frameworks/XCTest.framework (in target 'tsutsuuraUITests' from project 'tsutsuura')
    cd /Users/takamimarsh/Developer/Projects/Toshizo/tsutsuura/tsutsuura
    builtin-copy -exclude .DS_Store -exclude CVS -exclude .svn -exclude .git -exclude .hg -exclude Headers -exclude PrivateHeaders -exclude Modules -exclude \*.tbd -resolve-src-symlinks /Applications/Xcode.app/Contents/Developer/Platforms/iPhoneSimulator.platform/Developer/Library/Frameworks/XCTest.framework /tmp/tsutsuura-audio-fix-build/Build/Products/Debug-iphonesimulator/tsutsuuraUITests-Runner.app/Frameworks

Copy /tmp/tsutsuura-audio-fix-build/Build/Products/Debug-iphonesimulator/tsutsuuraUITests-Runner.app/Frameworks/Testing.framework /Applications/Xcode.app/Contents/Developer/Platforms/iPhoneSimulator.platform/Developer/Library/Frameworks/Testing.framework (in target 'tsutsuuraUITests' from project 'tsutsuura')
    cd /Users/takamimarsh/Developer/Projects/Toshizo/tsutsuura/tsutsuura
    builtin-copy -exclude .DS_Store -exclude CVS -exclude .svn -exclude .git -exclude .hg -exclude Headers -exclude PrivateHeaders -exclude Modules -exclude \*.tbd -resolve-src-symlinks /Applications/Xcode.app/Contents/Developer/Platforms/iPhoneSimulator.platform/Developer/Library/Frameworks/Testing.framework /tmp/tsutsuura-audio-fix-build/Build/Products/Debug-iphonesimulator/tsutsuuraUITests-Runner.app/Frameworks

CodeSign /tmp/tsutsuura-audio-fix-build/Build/Products/Debug-iphonesimulator/tsutsuuraUITests-Runner.app/PlugIns/tsutsuuraUITests.xctest (in target 'tsutsuuraUITests' from project 'tsutsuura')
    cd /Users/takamimarsh/Developer/Projects/Toshizo/tsutsuura/tsutsuura
    
    Signing Identity:     "Sign to Run Locally"
    
    /usr/bin/codesign --force --sign - --timestamp\=none --generate-entitlement-der /tmp/tsutsuura-audio-fix-build/Build/Products/Debug-iphonesimulator/tsutsuuraUITests-Runner.app/PlugIns/tsutsuuraUITests.xctest

RegisterExecutionPolicyException /tmp/tsutsuura-audio-fix-build/Build/Products/Debug-iphonesimulator/tsutsuuraUITests-Runner.app/PlugIns/tsutsuuraUITests.xctest (in target 'tsutsuuraUITests' from project 'tsutsuura')
    cd /Users/takamimarsh/Developer/Projects/Toshizo/tsutsuura/tsutsuura
    builtin-RegisterExecutionPolicyException /tmp/tsutsuura-audio-fix-build/Build/Products/Debug-iphonesimulator/tsutsuuraUITests-Runner.app/PlugIns/tsutsuuraUITests.xctest

Touch /tmp/tsutsuura-audio-fix-build/Build/Products/Debug-iphonesimulator/tsutsuuraUITests-Runner.app/PlugIns/tsutsuuraUITests.xctest (in target 'tsutsuuraUITests' from project 'tsutsuura')
    cd /Users/takamimarsh/Developer/Projects/Toshizo/tsutsuura/tsutsuura
    /usr/bin/touch -c /tmp/tsutsuura-audio-fix-build/Build/Products/Debug-iphonesimulator/tsutsuuraUITests-Runner.app/PlugIns/tsutsuuraUITests.xctest

CodeSign /tmp/tsutsuura-audio-fix-build/Build/Products/Debug-iphonesimulator/tsutsuuraUITests-Runner.app (in target 'tsutsuuraUITests' from project 'tsutsuura')
    cd /Users/takamimarsh/Developer/Projects/Toshizo/tsutsuura/tsutsuura
    
    Signing Identity:     "Sign to Run Locally"
    
    /usr/bin/codesign --force --sign - --timestamp\=none --generate-entitlement-der /tmp/tsutsuura-audio-fix-build/Build/Products/Debug-iphonesimulator/tsutsuuraUITests-Runner.app
/tmp/tsutsuura-audio-fix-build/Build/Products/Debug-iphonesimulator/tsutsuuraUITests-Runner.app: replacing existing signature

IOSurfaceClientSetSurfaceNotify failed e00002c7
Test Suite 'All tests' started at 2026-09-07 19:29:18.558.
Test Suite 'tsutsuuraTests.xctest' started at 2026-09-07 19:29:18.559.
Test Suite 'APIClientRetryTests' started at 2026-09-07 19:29:18.559.
Test Case '-[tsutsuuraTests.APIClientRetryTests testAccountDeleteReceiptReconcilesAfterRelaunchWithoutBearer]' started.
Test Case '-[tsutsuuraTests.APIClientRetryTests testAccountDeleteReceiptReconcilesAfterRelaunchWithoutBearer]' passed (0.024 seconds).
Test Case '-[tsutsuuraTests.APIClientRetryTests testAnswerDeleteReconcilesCommittedLostResponseWithAbsentAnswer]' started.
Test Case '-[tsutsuuraTests.APIClientRetryTests testAnswerDeleteReconcilesCommittedLostResponseWithAbsentAnswer]' passed (0.011 seconds).
Test Case '-[tsutsuuraTests.APIClientRetryTests testAnswerMediaDeleteReconcilesCommittedLostResponseWithRefreshedAnswer]' started.
Test Case '-[tsutsuuraTests.APIClientRetryTests testAnswerMediaDeleteReconcilesCommittedLostResponseWithRefreshedAnswer]' passed (0.003 seconds).
Test Case '-[tsutsuuraTests.APIClientRetryTests testCommentDeleteReconcilesCommittedLostResponseWithAbsentComment]' started.
Test Case '-[tsutsuuraTests.APIClientRetryTests testCommentDeleteReconcilesCommittedLostResponseWithAbsentComment]' passed (0.003 seconds).
Test Case '-[tsutsuuraTests.APIClientRetryTests testCommentMutationKeysAreBoundToTheAuthenticatedAccount]' started.
Test Case '-[tsutsuuraTests.APIClientRetryTests testCommentMutationKeysAreBoundToTheAuthenticatedAccount]' passed (0.022 seconds).
Test Case '-[tsutsuuraTests.APIClientRetryTests testCommentReentryAndRateLimitKeepPersistedKey]' started.
Test Case '-[tsutsuuraTests.APIClientRetryTests testCommentReentryAndRateLimitKeepPersistedKey]' passed (0.024 seconds).
Test Case '-[tsutsuuraTests.APIClientRetryTests testCommentReentryStartsANewReceiptAfterThirtyDayPrivacyWindow]' started.
Test Case '-[tsutsuuraTests.APIClientRetryTests testCommentReentryStartsANewReceiptAfterThirtyDayPrivacyWindow]' passed (0.007 seconds).
Test Case '-[tsutsuuraTests.APIClientRetryTests testCommentRetryReusesExactIdempotencyKeyAndBody]' started.
Test Case '-[tsutsuuraTests.APIClientRetryTests testCommentRetryReusesExactIdempotencyKeyAndBody]' passed (0.003 seconds).
Test Case '-[tsutsuuraTests.APIClientRetryTests testDeleteAccountDoesNotInterpretArbitraryUnauthorizedAsSuccess]' started.
Test Case '-[tsutsuuraTests.APIClientRetryTests testDeleteAccountDoesNotInterpretArbitraryUnauthorizedAsSuccess]' passed (0.002 seconds).
Test Case '-[tsutsuuraTests.APIClientRetryTests testDeleteAccountDoesNotMutateWhenPreflightFails]' started.
Test Case '-[tsutsuuraTests.APIClientRetryTests testDeleteAccountDoesNotMutateWhenPreflightFails]' passed (0.001 seconds).
Test Case '-[tsutsuuraTests.APIClientRetryTests testDeleteAccountRetriesWithDurableReceiptKey]' started.
Test Case '-[tsutsuuraTests.APIClientRetryTests testDeleteAccountRetriesWithDurableReceiptKey]' passed (0.003 seconds).
Test Case '-[tsutsuuraTests.APIClientRetryTests testDeleteReconciliationPreservesAuthorizationFailures]' started.
Test Case '-[tsutsuuraTests.APIClientRetryTests testDeleteReconciliationPreservesAuthorizationFailures]' passed (0.006 seconds).
Test Case '-[tsutsuuraTests.APIClientRetryTests testDifferentPendingInviteDoesNotConsumeLostActivationKey]' started.
Test Case '-[tsutsuuraTests.APIClientRetryTests testDifferentPendingInviteDoesNotConsumeLostActivationKey]' passed (0.015 seconds).
Test Case '-[tsutsuuraTests.APIClientRetryTests testDoesNotRetry4xxOrNonTransientTransportErrors]' started.
Test Case '-[tsutsuuraTests.APIClientRetryTests testDoesNotRetry4xxOrNonTransientTransportErrors]' passed (0.001 seconds).
Test Case '-[tsutsuuraTests.APIClientRetryTests testDoesNotRetryPOSTPATCHOrMultipartRequests]' started.
Test Case '-[tsutsuuraTests.APIClientRetryTests testDoesNotRetryPOSTPATCHOrMultipartRequests]' passed (0.019 seconds).
Test Case '-[tsutsuuraTests.APIClientRetryTests testExpiredAbandonedPairingKeyDoesNotBlockAlternateCredentialRecovery]' started.
Test Case '-[tsutsuuraTests.APIClientRetryTests testExpiredAbandonedPairingKeyDoesNotBlockAlternateCredentialRecovery]' passed (0.013 seconds).
Test Case '-[tsutsuuraTests.APIClientRetryTests testFirstSecureStateUsePrunesOnlyExpiredBoundedMutationRecords]' started.
Test Case '-[tsutsuuraTests.APIClientRetryTests testFirstSecureStateUsePrunesOnlyExpiredBoundedMutationRecords]' passed (0.022 seconds).
Test Case '-[tsutsuuraTests.APIClientRetryTests testGETRetriesTransientTransportAndServerFailuresThenSucceeds]' started.
Test Case '-[tsutsuuraTests.APIClientRetryTests testGETRetriesTransientTransportAndServerFailuresThenSucceeds]' passed (0.001 seconds).
Test Case '-[tsutsuuraTests.APIClientRetryTests testLeaveDoesNotInterpretArbitraryUnauthorizedAsSuccess]' started.
Test Case '-[tsutsuuraTests.APIClientRetryTests testLeaveDoesNotInterpretArbitraryUnauthorizedAsSuccess]' passed (0.003 seconds).
Test Case '-[tsutsuuraTests.APIClientRetryTests testLeaveDoesNotMutateWhenPreflightFails]' started.
Test Case '-[tsutsuuraTests.APIClientRetryTests testLeaveDoesNotMutateWhenPreflightFails]' passed (0.001 seconds).
Test Case '-[tsutsuuraTests.APIClientRetryTests testLegacyMutationRecordMigratesToProtectedStorage]' started.
Test Case '-[tsutsuuraTests.APIClientRetryTests testLegacyMutationRecordMigratesToProtectedStorage]' passed (0.006 seconds).
Test Case '-[tsutsuuraTests.APIClientRetryTests testManagedLeaveReceiptReconcilesAfterRelaunchWithoutBearer]' started.
Test Case '-[tsutsuuraTests.APIClientRetryTests testManagedLeaveReceiptReconcilesAfterRelaunchWithoutBearer]' passed (0.007 seconds).
Test Case '-[tsutsuuraTests.APIClientRetryTests testManagedLeaveRetriesAgainstReceiptBeforeAuthentication]' started.
Test Case '-[tsutsuuraTests.APIClientRetryTests testManagedLeaveRetriesAgainstReceiptBeforeAuthentication]' passed (0.003 seconds).
Test Case '-[tsutsuuraTests.APIClientRetryTests testManagedMemberDeleteReconcilesCommittedLostResponseWithAbsentMember]' started.
Test Case '-[tsutsuuraTests.APIClientRetryTests testManagedMemberDeleteReconcilesCommittedLostResponseWithAbsentMember]' passed (0.001 seconds).
Test Case '-[tsutsuuraTests.APIClientRetryTests testManagedMemberReentryReusesPersistedActorBoundKey]' started.
Test Case '-[tsutsuuraTests.APIClientRetryTests testManagedMemberReentryReusesPersistedActorBoundKey]' passed (0.009 seconds).
Test Case '-[tsutsuuraTests.APIClientRetryTests testManualAccountDeleteRetryUsesPendingReceiptBeforeProfilePreflight]' started.
Test Case '-[tsutsuuraTests.APIClientRetryTests testManualAccountDeleteRetryUsesPendingReceiptBeforeProfilePreflight]' passed (0.008 seconds).
Test Case '-[tsutsuuraTests.APIClientRetryTests testManualLeaveRetryUsesPendingReceiptBeforeFamilyPreflight]' started.
Test Case '-[tsutsuuraTests.APIClientRetryTests testManualLeaveRetryUsesPendingReceiptBeforeFamilyPreflight]' passed (0.005 seconds).
Test Case '-[tsutsuuraTests.APIClientRetryTests testMutationFailsClosedWhenProtectionKeyIsInvalid]' started.
Test Case '-[tsutsuuraTests.APIClientRetryTests testMutationFailsClosedWhenProtectionKeyIsInvalid]' passed (0.001 seconds).
Test Case '-[tsutsuuraTests.APIClientRetryTests testMutationUseSweepsUnrelatedExpiredDigestAndRetainsActiveState]' started.
Test Case '-[tsutsuuraTests.APIClientRetryTests testMutationUseSweepsUnrelatedExpiredDigestAndRetainsActiveState]' passed (0.011 seconds).
Test Case '-[tsutsuuraTests.APIClientRetryTests testOrganizerBootstrapReentryReusesPersistedKey]' started.
Test Case '-[tsutsuuraTests.APIClientRetryTests testOrganizerBootstrapReentryReusesPersistedKey]' passed (0.006 seconds).
Test Case '-[tsutsuuraTests.APIClientRetryTests testOTPVerificationReentryReusesPersistedKeyAndBody]' started.
Test Case '-[tsutsuuraTests.APIClientRetryTests testOTPVerificationReentryReusesPersistedKeyAndBody]' passed (0.006 seconds).
Test Case '-[tsutsuuraTests.APIClientRetryTests testOwnershipTransferDoesNotMutateWhenPreflightFails]' started.
Test Case '-[tsutsuuraTests.APIClientRetryTests testOwnershipTransferDoesNotMutateWhenPreflightFails]' passed (0.001 seconds).
Test Case '-[tsutsuuraTests.APIClientRetryTests testOwnershipTransferRetriesOnlyItsServerIdempotentPOST]' started.
Test Case '-[tsutsuuraTests.APIClientRetryTests testOwnershipTransferRetriesOnlyItsServerIdempotentPOST]' passed (0.002 seconds).
Test Case '-[tsutsuuraTests.APIClientRetryTests testPairingActivationRetryReusesExactIdempotencyKeyAndBody]' started.
Test Case '-[tsutsuuraTests.APIClientRetryTests testPairingActivationRetryReusesExactIdempotencyKeyAndBody]' passed (0.003 seconds).
Test Case '-[tsutsuuraTests.APIClientRetryTests testPairingReentryPreviewAndActivationReusePersistedKey]' started.
Test Case '-[tsutsuuraTests.APIClientRetryTests testPairingReentryPreviewAndActivationReusePersistedKey]' passed (0.008 seconds).
Test Case '-[tsutsuuraTests.APIClientRetryTests testPairingReentryReusesCodeActivationKeyWithTokenRepresentation]' started.
Test Case '-[tsutsuuraTests.APIClientRetryTests testPairingReentryReusesCodeActivationKeyWithTokenRepresentation]' passed (0.010 seconds).
Test Case '-[tsutsuuraTests.APIClientRetryTests testPairingReentryReusesTokenActivationKeyWithCodeRepresentation]' started.
Test Case '-[tsutsuuraTests.APIClientRetryTests testPairingReentryReusesTokenActivationKeyWithCodeRepresentation]' passed (0.009 seconds).
Test Case '-[tsutsuuraTests.APIClientRetryTests testPersistedMutationStateUsesKeyedNamesAndEncryptedValues]' started.
Test Case '-[tsutsuuraTests.APIClientRetryTests testPersistedMutationStateUsesKeyedNamesAndEncryptedValues]' passed (0.006 seconds).
Test Case '-[tsutsuuraTests.APIClientRetryTests testPhoneEnrollmentVerificationReentryReusesActorBoundKeyAndBody]' started.
Test Case '-[tsutsuuraTests.APIClientRetryTests testPhoneEnrollmentVerificationReentryReusesActorBoundKeyAndBody]' passed (0.006 seconds).
Test Case '-[tsutsuuraTests.APIClientRetryTests testPUTAndDELETERetryTransientFailures]' started.
Test Case '-[tsutsuuraTests.APIClientRetryTests testPUTAndDELETERetryTransientFailures]' passed (0.003 seconds).
Test Case '-[tsutsuuraTests.APIClientRetryTests testRecoveryReentryReusesPersistedKeyAcrossClientRecreation]' started.
Test Case '-[tsutsuuraTests.APIClientRetryTests testRecoveryReentryReusesPersistedKeyAcrossClientRecreation]' passed (0.007 seconds).
Test Case '-[tsutsuuraTests.APIClientRetryTests testRecoveryRetryReusesExactIdempotencyKeyAndBody]' started.
Test Case '-[tsutsuuraTests.APIClientRetryTests testRecoveryRetryReusesExactIdempotencyKeyAndBody]' passed (0.003 seconds).
Test Case '-[tsutsuuraTests.APIClientRetryTests testRegularLeaveRetriesWithDurableReceiptKey]' started.
Test Case '-[tsutsuuraTests.APIClientRetryTests testRegularLeaveRetriesWithDurableReceiptKey]' passed (0.002 seconds).
Test Case '-[tsutsuuraTests.APIClientRetryTests testRetryAttemptsAreBounded]' started.
Test Case '-[tsutsuuraTests.APIClientRetryTests testRetryAttemptsAreBounded]' passed (0.001 seconds).
Test Case '-[tsutsuuraTests.APIClientRetryTests testSetupMutationsStartNewKeysAfterThirtyDayReceiptWindow]' started.
Test Case '-[tsutsuuraTests.APIClientRetryTests testSetupMutationsStartNewKeysAfterThirtyDayReceiptWindow]' passed (0.013 seconds).
Test Case '-[tsutsuuraTests.APIClientRetryTests testSignOutClearsBearerAfterSuccessOrUnauthorized]' started.
Test Case '-[tsutsuuraTests.APIClientRetryTests testSignOutClearsBearerAfterSuccessOrUnauthorized]' passed (0.001 seconds).
Test Case '-[tsutsuuraTests.APIClientRetryTests testSignOutRetainsBearerWhenRemoteRevocationFails]' started.
Test Case '-[tsutsuuraTests.APIClientRetryTests testSignOutRetainsBearerWhenRemoteRevocationFails]' passed (0.001 seconds).
Test Case '-[tsutsuuraTests.APIClientRetryTests testVerificationMutationsStartNewKeysAfterThirtyDayReceiptWindow]' started.
Test Case '-[tsutsuuraTests.APIClientRetryTests testVerificationMutationsStartNewKeysAfterThirtyDayReceiptWindow]' passed (0.011 seconds).
Test Suite 'APIClientRetryTests' passed at 2026-09-07 19:29:18.907.
	 Executed 48 tests, with 0 failures (0 unexpected) in 0.334 (0.348) seconds
Test Suite 'APIClientTests' started at 2026-09-07 19:29:18.907.
Test Case '-[tsutsuuraTests.APIClientTests testAnswerDraftAudioTypesMirrorServerAllowlist]' started.
Test Case '-[tsutsuuraTests.APIClientTests testAnswerDraftAudioTypesMirrorServerAllowlist]' passed (0.002 seconds).
Test Case '-[tsutsuuraTests.APIClientTests testAnswerDraftEnforcesPhotoLimitWithoutPartiallyMutating]' started.
Test Case '-[tsutsuuraTests.APIClientTests testAnswerDraftEnforcesPhotoLimitWithoutPartiallyMutating]' passed (0.001 seconds).
Test Case '-[tsutsuuraTests.APIClientTests testAnswerMediaDownloadUsesAuthenticationAndResponseMIMEType]' started.
Test Case '-[tsutsuuraTests.APIClientTests testAnswerMediaDownloadUsesAuthenticationAndResponseMIMEType]' passed (0.002 seconds).
Test Case '-[tsutsuuraTests.APIClientTests testAnswerWithAudioAndPhotosUsesMultipartContract]' started.
Test Case '-[tsutsuuraTests.APIClientTests testAnswerWithAudioAndPhotosUsesMultipartContract]' passed (0.003 seconds).
Test Case '-[tsutsuuraTests.APIClientTests testAuthenticatedRequestUsesBearerToken]' started.
Test Case '-[tsutsuuraTests.APIClientTests testAuthenticatedRequestUsesBearerToken]' passed (0.001 seconds).
Test Case '-[tsutsuuraTests.APIClientTests testConfigurationRequiresHTTPS]' started.
Test Case '-[tsutsuuraTests.APIClientTests testConfigurationRequiresHTTPS]' passed (0.001 seconds).
Test Case '-[tsutsuuraTests.APIClientTests testDirectInputValidationMatchesServerContractsWithoutNetwork]' started.
Test Case '-[tsutsuuraTests.APIClientTests testDirectInputValidationMatchesServerContractsWithoutNetwork]' passed (0.002 seconds).
Test Case '-[tsutsuuraTests.APIClientTests testDirectResponseFallsBackAfterEnvelopeDecode]' started.
Test Case '-[tsutsuuraTests.APIClientTests testDirectResponseFallsBackAfterEnvelopeDecode]' passed (0.002 seconds).
Test Case '-[tsutsuuraTests.APIClientTests testHomeResponseMapsBackendFeedShape]' started.
Test Case '-[tsutsuuraTests.APIClientTests testHomeResponseMapsBackendFeedShape]' passed (0.004 seconds).
Test Case '-[tsutsuuraTests.APIClientTests testManagedFamilyLeaveClearsStoredBearerButRegularLeavePreservesIt]' started.
Test Case '-[tsutsuuraTests.APIClientTests testManagedFamilyLeaveClearsStoredBearerButRegularLeavePreservesIt]' passed (0.005 seconds).
Test Case '-[tsutsuuraTests.APIClientTests testRequestOTPUsesExpectedPathAndJSONBody]' started.
Test Case '-[tsutsuuraTests.APIClientTests testRequestOTPUsesExpectedPathAndJSONBody]' passed (0.002 seconds).
Test Case '-[tsutsuuraTests.APIClientTests testTextOnlyAnswerKeepsJSONRequestCompatibility]' started.
Test Case '-[tsutsuuraTests.APIClientTests testTextOnlyAnswerKeepsJSONRequestCompatibility]' passed (0.002 seconds).
Test Suite 'APIClientTests' passed at 2026-09-07 19:29:18.937.
	 Executed 12 tests, with 0 failures (0 unexpected) in 0.027 (0.030) seconds
Test Suite 'AppStoreRoutingTests' started at 2026-09-07 19:29:18.937.
Test Case '-[tsutsuuraTests.AppStoreRoutingTests testAnswerDeletedBetweenPushFetchAndCommentsIsTerminal]' started.
Test Case '-[tsutsuuraTests.AppStoreRoutingTests testAnswerDeletedBetweenPushFetchAndCommentsIsTerminal]' passed (0.005 seconds).
Test Case '-[tsutsuuraTests.AppStoreRoutingTests testCancellingOTPKeepsReturningUserLoginReachable]' started.
Test Case '-[tsutsuuraTests.AppStoreRoutingTests testCancellingOTPKeepsReturningUserLoginReachable]' passed (0.001 seconds).
Test Case '-[tsutsuuraTests.AppStoreRoutingTests testCommentPushLoadsEveryPageUntilExactCommentIsFocused]' started.
Test Case '-[tsutsuuraTests.AppStoreRoutingTests testCommentPushLoadsEveryPageUntilExactCommentIsFocused]' passed (0.001 seconds).
Test Case '-[tsutsuuraTests.AppStoreRoutingTests testDeletedAnswerPushIsTerminalAndAcknowledged]' started.
Test Case '-[tsutsuuraTests.AppStoreRoutingTests testDeletedAnswerPushIsTerminalAndAcknowledged]' passed (0.008 seconds).
Test Case '-[tsutsuuraTests.AppStoreRoutingTests testDemoFamilySetupRoutesThroughOrganizerPairingAndActivation]' started.
Test Case '-[tsutsuuraTests.AppStoreRoutingTests testDemoFamilySetupRoutesThroughOrganizerPairingAndActivation]' passed (0.003 seconds).
Test Case '-[tsutsuuraTests.AppStoreRoutingTests testDemoReissuesPairingForExistingMemberWithoutAddingAnother]' started.
Test Case '-[tsutsuuraTests.AppStoreRoutingTests testDemoReissuesPairingForExistingMemberWithoutAddingAnother]' passed (0.001 seconds).
Test Case '-[tsutsuuraTests.AppStoreRoutingTests testDismissPresentedErrorsClearsEverySurfacedStoreError]' started.
Test Case '-[tsutsuuraTests.AppStoreRoutingTests testDismissPresentedErrorsClearsEverySurfacedStoreError]' passed (0.005 seconds).
Test Case '-[tsutsuuraTests.AppStoreRoutingTests testExpiredLoginChallengeIsDiscardedOnRelaunch]' started.
Test Case '-[tsutsuuraTests.AppStoreRoutingTests testExpiredLoginChallengeIsDiscardedOnRelaunch]' passed (0.006 seconds).
Test Case '-[tsutsuuraTests.AppStoreRoutingTests testFailedLocalSignOutKeepsAuthenticatedSession]' started.
Test Case '-[tsutsuuraTests.AppStoreRoutingTests testFailedLocalSignOutKeepsAuthenticatedSession]' passed (0.001 seconds).
Test Case '-[tsutsuuraTests.AppStoreRoutingTests testHistoryCacheReconciliationSearchesAuthorDisplayName]' started.
Test Case '-[tsutsuuraTests.AppStoreRoutingTests testHistoryCacheReconciliationSearchesAuthorDisplayName]' passed (0.001 seconds).
Test Case '-[tsutsuuraTests.AppStoreRoutingTests testInterruptedEnrollmentVerificationRemainsReplayableAfterExpiry]' started.
Test Case '-[tsutsuuraTests.AppStoreRoutingTests testInterruptedEnrollmentVerificationRemainsReplayableAfterExpiry]' passed (0.007 seconds).
Test Case '-[tsutsuuraTests.AppStoreRoutingTests testInterruptedLoginVerificationRemainsReplayableAfterChallengeExpiry]' started.
Test Case '-[tsutsuuraTests.AppStoreRoutingTests testInterruptedLoginVerificationRemainsReplayableAfterChallengeExpiry]' passed (0.004 seconds).
Test Case '-[tsutsuuraTests.AppStoreRoutingTests testLoginChallengeRestoresAfterProcessRelaunchWithoutPersistingCode]' started.
Test Case '-[tsutsuuraTests.AppStoreRoutingTests testLoginChallengeRestoresAfterProcessRelaunchWithoutPersistingCode]' passed (0.004 seconds).
Test Case '-[tsutsuuraTests.AppStoreRoutingTests testMatchingFetchedPhoneClearsCompletedEnrollmentCrashRecord]' started.
Test Case '-[tsutsuuraTests.AppStoreRoutingTests testMatchingFetchedPhoneClearsCompletedEnrollmentCrashRecord]' passed (0.007 seconds).
Test Case '-[tsutsuuraTests.AppStoreRoutingTests testMissingStoredSessionRoutesToOnboarding]' started.
Test Case '-[tsutsuuraTests.AppStoreRoutingTests testMissingStoredSessionRoutesToOnboarding]' passed (0.001 seconds).
Test Case '-[tsutsuuraTests.AppStoreRoutingTests testPhoneEnrollmentChallengeRestoresOnlyForSameSignedInActor]' started.
Test Case '-[tsutsuuraTests.AppStoreRoutingTests testPhoneEnrollmentChallengeRestoresOnlyForSameSignedInActor]' passed (0.007 seconds).
Test Case '-[tsutsuuraTests.AppStoreRoutingTests testPushCommentFailureRemainsDurableAcrossRelaunchThenAcknowledgesRetry]' started.
Test Case '-[tsutsuuraTests.AppStoreRoutingTests testPushCommentFailureRemainsDurableAcrossRelaunchThenAcknowledgesRetry]' passed (0.005 seconds).
Test Case '-[tsutsuuraTests.AppStoreRoutingTests testPushDeepLinkFetchesUncachedAnswerAndOpensComments]' started.
Test Case '-[tsutsuuraTests.AppStoreRoutingTests testPushDeepLinkFetchesUncachedAnswerAndOpensComments]' passed (0.002 seconds).
Test Case '-[tsutsuuraTests.AppStoreRoutingTests testRefreshAllDataReportsPartialFailureInsteadOfSuccess]' started.
Test Case '-[tsutsuuraTests.AppStoreRoutingTests testRefreshAllDataReportsPartialFailureInsteadOfSuccess]' passed (0.001 seconds).
Test Case '-[tsutsuuraTests.AppStoreRoutingTests testRefreshReconcilesSuccessorManagedStateAndOwnershipRole]' started.
Test Case '-[tsutsuuraTests.AppStoreRoutingTests testRefreshReconcilesSuccessorManagedStateAndOwnershipRole]' passed (0.002 seconds).
Test Case '-[tsutsuuraTests.AppStoreRoutingTests testRequestingOTPRoutesToTypedVerificationRoute]' started.
Test Case '-[tsutsuuraTests.AppStoreRoutingTests testRequestingOTPRoutesToTypedVerificationRoute]' passed (0.001 seconds).
Test Case '-[tsutsuuraTests.AppStoreRoutingTests testSecureStoreReadFailureKeepsSessionRestoreRetryable]' started.
Test Case '-[tsutsuuraTests.AppStoreRoutingTests testSecureStoreReadFailureKeepsSessionRestoreRetryable]' passed (0.001 seconds).
Test Case '-[tsutsuuraTests.AppStoreRoutingTests testSignedInPairingLinkOpensRecoverableConfirmationRoute]' started.
Test Case '-[tsutsuuraTests.AppStoreRoutingTests testSignedInPairingLinkOpensRecoverableConfirmationRoute]' passed (0.002 seconds).
Test Case '-[tsutsuuraTests.AppStoreRoutingTests testStaleQuestionPushDoesNotOpenDifferentCurrentQuestion]' started.
Test Case '-[tsutsuuraTests.AppStoreRoutingTests testStaleQuestionPushDoesNotOpenDifferentCurrentQuestion]' passed (0.006 seconds).
Test Case '-[tsutsuuraTests.AppStoreRoutingTests testTransientProfileFailureKeepsSessionRestorable]' started.
Test Case '-[tsutsuuraTests.AppStoreRoutingTests testTransientProfileFailureKeepsSessionRestorable]' passed (0.001 seconds).
Test Case '-[tsutsuuraTests.AppStoreRoutingTests testUnavailableTodayQuestionPushIsTerminalAndAcknowledged]' started.
Test Case '-[tsutsuuraTests.AppStoreRoutingTests testUnavailableTodayQuestionPushIsTerminalAndAcknowledged]' passed (0.004 seconds).
Test Case '-[tsutsuuraTests.AppStoreRoutingTests testUpdatingDisplayNameRefreshesEveryCachedAuthor]' started.
Test Case '-[tsutsuuraTests.AppStoreRoutingTests testUpdatingDisplayNameRefreshesEveryCachedAuthor]' passed (0.002 seconds).
Test Case '-[tsutsuuraTests.AppStoreRoutingTests testValidSessionRestoreClearsCompletedLoginCrashRecord]' started.
Test Case '-[tsutsuuraTests.AppStoreRoutingTests testValidSessionRestoreClearsCompletedLoginCrashRecord]' passed (0.004 seconds).
Test Suite 'AppStoreRoutingTests' passed at 2026-09-07 19:29:19.036.
	 Executed 28 tests, with 0 failures (0 unexpected) in 0.092 (0.099) seconds
Test Suite 'AudioPlaybackTests' started at 2026-09-07 19:29:19.037.
Test Case '-[tsutsuuraTests.AudioPlaybackTests testAACFixtureDecodesToNonSilentPCM]' started.
Test Case '-[tsutsuuraTests.AudioPlaybackTests testAACFixtureDecodesToNonSilentPCM]' passed (0.113 seconds).
Test Case '-[tsutsuuraTests.AudioPlaybackTests testAuthenticatedAACDownloadPlaysAfterRecordOnlySession]' started.
2026-09-07 19:29:19.296703-0400 tsutsuura[15254:10360631] [plugin] AddInstanceForFactory: No factory registered for id <CFUUID 0x122a168c0> F8BB1C28-BAE8-11D6-9C31-00039315CD46
2026-09-07 19:29:19.465073-0400 tsutsuura[15254:10360631] [AQ]        LoudnessManager.mm:1755  ReadPListFile: unable to open stream for LoudnessManager plist
2026-09-07 19:29:19.465195-0400 tsutsuura[15254:10360631] [AQ]        LoudnessManager.mm:1261  GetHardwarePlatformKey: cannot get acoustic ID
2026-09-07 19:29:19.465275-0400 tsutsuura[15254:10360631] [AQ]        LoudnessManager.mm:1215  IsHardwareSupported: no plist loaded, returning false
2026-09-07 19:29:19.465341-0400 tsutsuura[15254:10360631] [AQ]        LoudnessManager.mm:1215  IsHardwareSupported: no plist loaded, returning false
2026-09-07 19:29:19.469070-0400 tsutsuura[15254:10360631] [AQ]        LoudnessManager.mm:1215  IsHardwareSupported: no plist loaded, returning false
2026-09-07 19:29:19.469206-0400 tsutsuura[15254:10360631] [AQ]        LoudnessManager.mm:1215  IsHardwareSupported: no plist loaded, returning false
2026-09-07 19:29:19.472088-0400 tsutsuura[15254:10360631] [AQ]        LoudnessManager.mm:1215  IsHardwareSupported: no plist loaded, returning false
2026-09-07 19:29:19.472208-0400 tsutsuura[15254:10360631] [AQ]        LoudnessManager.mm:1215  IsHardwareSupported: no plist loaded, returning false
2026-09-07 19:29:19.472687-0400 tsutsuura[15254:10360631] [AQ]        LoudnessManager.mm:1215  IsHardwareSupported: no plist loaded, returning false
2026-09-07 19:29:19.472839-0400 tsutsuura[15254:10360631] [AQ]        LoudnessManager.mm:1215  IsHardwareSupported: no plist loaded, returning false
2026-09-07 19:29:19.500915-0400 tsutsuura[15254:10361098] [AMCP]          HALC_ProxyIOContext.cpp:1623  HALC_ProxyIOContext::IOWorkLoop: skipping cycle due to overload
Test Case '-[tsutsuuraTests.AudioPlaybackTests testAuthenticatedAACDownloadPlaysAfterRecordOnlySession]' passed (0.567 seconds).
Test Case '-[tsutsuuraTests.AudioPlaybackTests testIdleRecorderCleanupDoesNotDeactivateActivePlayback]' started.
2026-09-07 19:29:19.753593-0400 tsutsuura[15254:10360631] [AQ]        LoudnessManager.mm:1215  IsHardwareSupported: no plist loaded, returning false
2026-09-07 19:29:19.753759-0400 tsutsuura[15254:10360631] [AQ]        LoudnessManager.mm:1215  IsHardwareSupported: no plist loaded, returning false
2026-09-07 19:29:19.756359-0400 tsutsuura[15254:10360631] [AQ]        LoudnessManager.mm:1215  IsHardwareSupported: no plist loaded, returning false
2026-09-07 19:29:19.756445-0400 tsutsuura[15254:10360631] [AQ]        LoudnessManager.mm:1215  IsHardwareSupported: no plist loaded, returning false
2026-09-07 19:29:19.758856-0400 tsutsuura[15254:10360631] [AQ]        LoudnessManager.mm:1215  IsHardwareSupported: no plist loaded, returning false
2026-09-07 19:29:19.758923-0400 tsutsuura[15254:10360631] [AQ]        LoudnessManager.mm:1215  IsHardwareSupported: no plist loaded, returning false
2026-09-07 19:29:19.759049-0400 tsutsuura[15254:10360631] [AQ]        LoudnessManager.mm:1215  IsHardwareSupported: no plist loaded, returning false
2026-09-07 19:29:19.759109-0400 tsutsuura[15254:10360631] [AQ]        LoudnessManager.mm:1215  IsHardwareSupported: no plist loaded, returning false
Test Case '-[tsutsuuraTests.AudioPlaybackTests testIdleRecorderCleanupDoesNotDeactivateActivePlayback]' passed (0.267 seconds).
Test Case '-[tsutsuuraTests.AudioPlaybackTests testInterruptionAndHeadphoneDisconnectionPauseUntilUserResumes]' started.
2026-09-07 19:29:20.030953-0400 tsutsuura[15254:10360631] [AQ]        LoudnessManager.mm:1215  IsHardwareSupported: no plist loaded, returning false
2026-09-07 19:29:20.031050-0400 tsutsuura[15254:10360631] [AQ]        LoudnessManager.mm:1215  IsHardwareSupported: no plist loaded, returning false
2026-09-07 19:29:20.033569-0400 tsutsuura[15254:10360631] [AQ]        LoudnessManager.mm:1215  IsHardwareSupported: no plist loaded, returning false
2026-09-07 19:29:20.033633-0400 tsutsuura[15254:10360631] [AQ]        LoudnessManager.mm:1215  IsHardwareSupported: no plist loaded, returning false
2026-09-07 19:29:20.035846-0400 tsutsuura[15254:10360631] [AQ]        LoudnessManager.mm:1215  IsHardwareSupported: no plist loaded, returning false
2026-09-07 19:29:20.035911-0400 tsutsuura[15254:10360631] [AQ]        LoudnessManager.mm:1215  IsHardwareSupported: no plist loaded, returning false
2026-09-07 19:29:20.036036-0400 tsutsuura[15254:10360631] [AQ]        LoudnessManager.mm:1215  IsHardwareSupported: no plist loaded, returning false
2026-09-07 19:29:20.036090-0400 tsutsuura[15254:10360631] [AQ]        LoudnessManager.mm:1215  IsHardwareSupported: no plist loaded, returning false
2026-09-07 19:29:20.060483-0400 tsutsuura[15254:10360631] [AQ]        LoudnessManager.mm:1215  IsHardwareSupported: no plist loaded, returning false
2026-09-07 19:29:20.060565-0400 tsutsuura[15254:10360631] [AQ]        LoudnessManager.mm:1215  IsHardwareSupported: no plist loaded, returning false
2026-09-07 19:29:20.065394-0400 tsutsuura[15254:10360631] [AQ]        LoudnessManager.mm:1215  IsHardwareSupported: no plist loaded, returning false
2026-09-07 19:29:20.065472-0400 tsutsuura[15254:10360631] [AQ]        LoudnessManager.mm:1215  IsHardwareSupported: no plist loaded, returning false
2026-09-07 19:29:20.071602-0400 tsutsuura[15254:10360631] [AQ]        LoudnessManager.mm:1215  IsHardwareSupported: no plist loaded, returning false
2026-09-07 19:29:20.071697-0400 tsutsuura[15254:10360631] [AQ]        LoudnessManager.mm:1215  IsHardwareSupported: no plist loaded, returning false
2026-09-07 19:29:20.071904-0400 tsutsuura[15254:10360631] [AQ]        LoudnessManager.mm:1215  IsHardwareSupported: no plist loaded, returning false
2026-09-07 19:29:20.072036-0400 tsutsuura[15254:10360631] [AQ]        LoudnessManager.mm:1215  IsHardwareSupported: no plist loaded, returning false
Test Case '-[tsutsuuraTests.AudioPlaybackTests testInterruptionAndHeadphoneDisconnectionPauseUntilUserResumes]' passed (0.353 seconds).
Test Case '-[tsutsuuraTests.AudioPlaybackTests testInvalidEncodedBytesNeverClaimPlaybackSuccess]' started.
2026-09-07 19:29:20.341096-0400 tsutsuura[15254:10360631]         MP4_BoxParser.cpp:1103   DataSource read insufficient amount
2026-09-07 19:29:20.341282-0400 tsutsuura[15254:10360631]         MP4_BoxParser.cpp:1103   DataSource read insufficient amount
2026-09-07 19:29:20.341363-0400 tsutsuura[15254:10360631]         MP4_BoxParser.cpp:1103   DataSource read insufficient amount
2026-09-07 19:29:20.341428-0400 tsutsuura[15254:10360631]         MP4_BoxParser.cpp:1103   DataSource read insufficient amount
2026-09-07 19:29:20.341560-0400 tsutsuura[15254:10360631]         MP4_BoxParser.cpp:1103   DataSource read insufficient amount
2026-09-07 19:29:20.341626-0400 tsutsuura[15254:10360631]         MP4_BoxParser.cpp:1103   DataSource read insufficient amount
2026-09-07 19:29:20.341676-0400 tsutsuura[15254:10360631]         MP4_BoxParser.cpp:1103   DataSource read insufficient amount
2026-09-07 19:29:20.341768-0400 tsutsuura[15254:10360631]         MP4_BoxParser.cpp:1103   DataSource read insufficient amount
2026-09-07 19:29:20.341831-0400 tsutsuura[15254:10360631]         MP4_BoxParser.cpp:1103   DataSource read insufficient amount
2026-09-07 19:29:20.341890-0400 tsutsuura[15254:10360631]         MP4_BoxParser.cpp:1103   DataSource read insufficient amount
Test Case '-[tsutsuuraTests.AudioPlaybackTests testInvalidEncodedBytesNeverClaimPlaybackSuccess]' passed (0.005 seconds).
Test Case '-[tsutsuuraTests.AudioPlaybackTests testResumeReconfiguresSessionAndAdvancesSamples]' started.
2026-09-07 19:29:20.387447-0400 tsutsuura[15254:10360631] [AQ]        LoudnessManager.mm:1215  IsHardwareSupported: no plist loaded, returning false
2026-09-07 19:29:20.387859-0400 tsutsuura[15254:10360631] [AQ]        LoudnessManager.mm:1215  IsHardwareSupported: no plist loaded, returning false
2026-09-07 19:29:20.390541-0400 tsutsuura[15254:10360631] [AQ]        LoudnessManager.mm:1215  IsHardwareSupported: no plist loaded, returning false
2026-09-07 19:29:20.390663-0400 tsutsuura[15254:10360631] [AQ]        LoudnessManager.mm:1215  IsHardwareSupported: no plist loaded, returning false
2026-09-07 19:29:20.393775-0400 tsutsuura[15254:10360631] [AQ]        LoudnessManager.mm:1215  IsHardwareSupported: no plist loaded, returning false
2026-09-07 19:29:20.393856-0400 tsutsuura[15254:10360631] [AQ]        LoudnessManager.mm:1215  IsHardwareSupported: no plist loaded, returning false
2026-09-07 19:29:20.394151-0400 tsutsuura[15254:10360631] [AQ]        LoudnessManager.mm:1215  IsHardwareSupported: no plist loaded, returning false
2026-09-07 19:29:20.394246-0400 tsutsuura[15254:10360631] [AQ]        LoudnessManager.mm:1215  IsHardwareSupported: no plist loaded, returning false
Test Case '-[tsutsuuraTests.AudioPlaybackTests testResumeReconfiguresSessionAndAdvancesSamples]' passed (0.527 seconds).
Test Case '-[tsutsuuraTests.AudioPlaybackTests testSingleActivePlayerSurvivesStaleCleanupAndDelegate]' started.
2026-09-07 19:29:20.922785-0400 tsutsuura[15254:10360631] [AQ]        LoudnessManager.mm:1215  IsHardwareSupported: no plist loaded, returning false
2026-09-07 19:29:20.922881-0400 tsutsuura[15254:10360631] [AQ]        LoudnessManager.mm:1215  IsHardwareSupported: no plist loaded, returning false
2026-09-07 19:29:20.925486-0400 tsutsuura[15254:10360631] [AQ]        LoudnessManager.mm:1215  IsHardwareSupported: no plist loaded, returning false
2026-09-07 19:29:20.925563-0400 tsutsuura[15254:10360631] [AQ]        LoudnessManager.mm:1215  IsHardwareSupported: no plist loaded, returning false
2026-09-07 19:29:20.927861-0400 tsutsuura[15254:10360631] [AQ]        LoudnessManager.mm:1215  IsHardwareSupported: no plist loaded, returning false
2026-09-07 19:29:20.927940-0400 tsutsuura[15254:10360631] [AQ]        LoudnessManager.mm:1215  IsHardwareSupported: no plist loaded, returning false
2026-09-07 19:29:20.928076-0400 tsutsuura[15254:10360631] [AQ]        LoudnessManager.mm:1215  IsHardwareSupported: no plist loaded, returning false
2026-09-07 19:29:20.928133-0400 tsutsuura[15254:10360631] [AQ]        LoudnessManager.mm:1215  IsHardwareSupported: no plist loaded, returning false
2026-09-07 19:29:20.956559-0400 tsutsuura[15254:10360631] [AQ]        LoudnessManager.mm:1215  IsHardwareSupported: no plist loaded, returning false
2026-09-07 19:29:20.956637-0400 tsutsuura[15254:10360631] [AQ]        LoudnessManager.mm:1215  IsHardwareSupported: no plist loaded, returning false
2026-09-07 19:29:20.959764-0400 tsutsuura[15254:10360631] [AQ]        LoudnessManager.mm:1215  IsHardwareSupported: no plist loaded, returning false
2026-09-07 19:29:20.959872-0400 tsutsuura[15254:10360631] [AQ]        LoudnessManager.mm:1215  IsHardwareSupported: no plist loaded, returning false
2026-09-07 19:29:20.962814-0400 tsutsuura[15254:10360631] [AQ]        LoudnessManager.mm:1215  IsHardwareSupported: no plist loaded, returning false
2026-09-07 19:29:20.962919-0400 tsutsuura[15254:10360631] [AQ]        LoudnessManager.mm:1215  IsHardwareSupported: no plist loaded, returning false
2026-09-07 19:29:20.963062-0400 tsutsuura[15254:10360631] [AQ]        LoudnessManager.mm:1215  IsHardwareSupported: no plist loaded, returning false
2026-09-07 19:29:20.963122-0400 tsutsuura[15254:10360631] [AQ]        LoudnessManager.mm:1215  IsHardwareSupported: no plist loaded, returning false
Test Case '-[tsutsuuraTests.AudioPlaybackTests testSingleActivePlayerSurvivesStaleCleanupAndDelegate]' passed (0.320 seconds).
Test Case '-[tsutsuuraTests.AudioPlaybackTests testStopAllReleasesPlaybackBeforeRecorderTakesSession]' started.
2026-09-07 19:29:21.212936-0400 tsutsuura[15254:10360631] [AQ]        LoudnessManager.mm:1215  IsHardwareSupported: no plist loaded, returning false
2026-09-07 19:29:21.213033-0400 tsutsuura[15254:10360631] [AQ]        LoudnessManager.mm:1215  IsHardwareSupported: no plist loaded, returning false
2026-09-07 19:29:21.215862-0400 tsutsuura[15254:10360631] [AQ]        LoudnessManager.mm:1215  IsHardwareSupported: no plist loaded, returning false
2026-09-07 19:29:21.215951-0400 tsutsuura[15254:10360631] [AQ]        LoudnessManager.mm:1215  IsHardwareSupported: no plist loaded, returning false
2026-09-07 19:29:21.218411-0400 tsutsuura[15254:10360631] [AQ]        LoudnessManager.mm:1215  IsHardwareSupported: no plist loaded, returning false
2026-09-07 19:29:21.218524-0400 tsutsuura[15254:10360631] [AQ]        LoudnessManager.mm:1215  IsHardwareSupported: no plist loaded, returning false
2026-09-07 19:29:21.218666-0400 tsutsuura[15254:10360631] [AQ]        LoudnessManager.mm:1215  IsHardwareSupported: no plist loaded, returning false
2026-09-07 19:29:21.218731-0400 tsutsuura[15254:10360631] [AQ]        LoudnessManager.mm:1215  IsHardwareSupported: no plist loaded, returning false
Test Case '-[tsutsuuraTests.AudioPlaybackTests testStopAllReleasesPlaybackBeforeRecorderTakesSession]' passed (0.050 seconds).
Test Suite 'AudioPlaybackTests' passed at 2026-09-07 19:29:21.242.
	 Executed 8 tests, with 0 failures (0 unexpected) in 2.201 (2.205) seconds
Test Suite 'ContentSafetyTests' started at 2026-09-07 19:29:21.242.
Test Case '-[tsutsuuraTests.ContentSafetyTests testBlockSnapshotThenUnblockRestoresUnreportedContentAndPreservesFamily]' started.
Test Case '-[tsutsuuraTests.ContentSafetyTests testBlockSnapshotThenUnblockRestoresUnreportedContentAndPreservesFamily]' passed (0.016 seconds).
Test Case '-[tsutsuuraTests.ContentSafetyTests testBundledLicensesContainFullRequiredNotices]' started.
Test Case '-[tsutsuuraTests.ContentSafetyTests testBundledLicensesContainFullRequiredNotices]' passed (0.002 seconds).
Test Case '-[tsutsuuraTests.ContentSafetyTests testInFlightCommentsCannotRestoreReportedComment]' started.
Test Case '-[tsutsuuraTests.ContentSafetyTests testInFlightCommentsCannotRestoreReportedComment]' passed (0.007 seconds).
Test Case '-[tsutsuuraTests.ContentSafetyTests testInFlightFeedCannotRestoreBlockedAnswer]' started.
Test Case '-[tsutsuuraTests.ContentSafetyTests testInFlightFeedCannotRestoreBlockedAnswer]' passed (0.004 seconds).
Test Case '-[tsutsuuraTests.ContentSafetyTests testInFlightMediaCannotReopenAfterReport]' started.
Test Case '-[tsutsuuraTests.ContentSafetyTests testInFlightMediaCannotReopenAfterReport]' passed (0.005 seconds).
Test Case '-[tsutsuuraTests.ContentSafetyTests testModeratorHiddenOwnAnswerClosesComposerAndPurgesEveryCachedCopy]' started.
Test Case '-[tsutsuuraTests.ContentSafetyTests testModeratorHiddenOwnAnswerClosesComposerAndPurgesEveryCachedCopy]' passed (0.003 seconds).
Test Case '-[tsutsuuraTests.ContentSafetyTests testPendingCommentCannotRecreateBlockedThread]' started.
Test Case '-[tsutsuuraTests.ContentSafetyTests testPendingCommentCannotRecreateBlockedThread]' passed (0.010 seconds).
Test Case '-[tsutsuuraTests.ContentSafetyTests testPendingReplyCannotRecreateSignedOutSession]' started.
Test Case '-[tsutsuuraTests.ContentSafetyTests testPendingReplyCannotRecreateSignedOutSession]' passed (0.005 seconds).
Test Case '-[tsutsuuraTests.ContentSafetyTests testPendingSubmissionCannotRestoreModeratorHiddenAnswerOrMedia]' started.
Test Case '-[tsutsuuraTests.ContentSafetyTests testPendingSubmissionCannotRestoreModeratorHiddenAnswerOrMedia]' passed (0.004 seconds).
Test Case '-[tsutsuuraTests.ContentSafetyTests testPendingSubmissionCannotRestoreSignedOutSession]' started.
Test Case '-[tsutsuuraTests.ContentSafetyTests testPendingSubmissionCannotRestoreSignedOutSession]' passed (0.004 seconds).
Test Case '-[tsutsuuraTests.ContentSafetyTests testReportedAnswerAndMediaStayHiddenAcrossUnblockAndNewSession]' started.
Test Case '-[tsutsuuraTests.ContentSafetyTests testReportedAnswerAndMediaStayHiddenAcrossUnblockAndNewSession]' passed (0.004 seconds).
Test Case '-[tsutsuuraTests.ContentSafetyTests testReportedCommentDisappearsAndCannotReturnAfterRefresh]' started.
Test Case '-[tsutsuuraTests.ContentSafetyTests testReportedCommentDisappearsAndCannotReturnAfterRefresh]' passed (0.003 seconds).
Test Case '-[tsutsuuraTests.ContentSafetyTests testReportSharesWorkingGuardAndLateSuccessCannotMutateSignedOutSession]' started.
Test Case '-[tsutsuuraTests.ContentSafetyTests testReportSharesWorkingGuardAndLateSuccessCannotMutateSignedOutSession]' passed (0.003 seconds).
Test Case '-[tsutsuuraTests.ContentSafetyTests testUnavailableSafetyEndpointNeverClaimsBlockSuccess]' started.
Test Case '-[tsutsuuraTests.ContentSafetyTests testUnavailableSafetyEndpointNeverClaimsBlockSuccess]' passed (0.002 seconds).
Test Case '-[tsutsuuraTests.ContentSafetyTests testUnblockKeepsOppositeDirectionBlockHidden]' started.
Test Case '-[tsutsuuraTests.ContentSafetyTests testUnblockKeepsOppositeDirectionBlockHidden]' passed (0.003 seconds).
Test Suite 'ContentSafetyTests' passed at 2026-09-07 19:29:21.321.
	 Executed 15 tests, with 0 failures (0 unexpected) in 0.075 (0.079) seconds
Test Suite 'DemoAppAPITests' started at 2026-09-07 19:29:21.322.
Test Case '-[tsutsuuraTests.DemoAppAPITests testAuthenticatedDemoSupportsPrimaryStateMutations]' started.
Test Case '-[tsutsuuraTests.DemoAppAPITests testAuthenticatedDemoSupportsPrimaryStateMutations]' passed (0.002 seconds).
Test Case '-[tsutsuuraTests.DemoAppAPITests testConcreteDemoDispatchSupportsOwnershipPromotionAndLeave]' started.
Test Case '-[tsutsuuraTests.DemoAppAPITests testConcreteDemoDispatchSupportsOwnershipPromotionAndLeave]' passed (0.002 seconds).
Test Case '-[tsutsuuraTests.DemoAppAPITests testConcreteDemoDispatchSupportsPreferencesHistoryExportAndDeletion]' started.
Test Case '-[tsutsuuraTests.DemoAppAPITests testConcreteDemoDispatchSupportsPreferencesHistoryExportAndDeletion]' passed (0.002 seconds).
Test Case '-[tsutsuuraTests.DemoAppAPITests testDemoCommentDeleteEnforcesCommentOwnership]' started.
Test Case '-[tsutsuuraTests.DemoAppAPITests testDemoCommentDeleteEnforcesCommentOwnership]' passed (0.001 seconds).
Test Case '-[tsutsuuraTests.DemoAppAPITests testDemoCommentMutationsPersistAnswerCount]' started.
Test Case '-[tsutsuuraTests.DemoAppAPITests testDemoCommentMutationsPersistAnswerCount]' passed (0.001 seconds).
Test Case '-[tsutsuuraTests.DemoAppAPITests testDemoCommentReplyEditReportAndDeleteLifecycle]' started.
Test Case '-[tsutsuuraTests.DemoAppAPITests testDemoCommentReplyEditReportAndDeleteLifecycle]' passed (0.003 seconds).
Test Case '-[tsutsuuraTests.DemoAppAPITests testDemoFamilyLifecycleRenamesRemovesAndEnforcesOwnership]' started.
Test Case '-[tsutsuuraTests.DemoAppAPITests testDemoFamilyLifecycleRenamesRemovesAndEnforcesOwnership]' passed (0.001 seconds).
Test Case '-[tsutsuuraTests.DemoAppAPITests testDemoNameMutationsEnforceEmptyAndEightyCharacterBoundaries]' started.
Test Case '-[tsutsuuraTests.DemoAppAPITests testDemoNameMutationsEnforceEmptyAndEightyCharacterBoundaries]' passed (0.001 seconds).
Test Case '-[tsutsuuraTests.DemoAppAPITests testDemoOrganizerCreatesAndActivatesManagedMemberPairing]' started.
Test Case '-[tsutsuuraTests.DemoAppAPITests testDemoOrganizerCreatesAndActivatesManagedMemberPairing]' passed (0.001 seconds).
Test Case '-[tsutsuuraTests.DemoAppAPITests testDemoPairedManagedSuccessorNeedsSeparateRecoverySetup]' started.
Test Case '-[tsutsuuraTests.DemoAppAPITests testDemoPairedManagedSuccessorNeedsSeparateRecoverySetup]' passed (0.001 seconds).
Test Case '-[tsutsuuraTests.DemoAppAPITests testDemoPhoneEnrollmentAndOneTimeRecoveryLifecycle]' started.
Test Case '-[tsutsuuraTests.DemoAppAPITests testDemoPhoneEnrollmentAndOneTimeRecoveryLifecycle]' passed (0.001 seconds).
Test Case '-[tsutsuuraTests.DemoAppAPITests testDemoPhoneEnrollmentMakesActivatedSuccessorEligible]' started.
Test Case '-[tsutsuuraTests.DemoAppAPITests testDemoPhoneEnrollmentMakesActivatedSuccessorEligible]' passed (0.001 seconds).
Test Case '-[tsutsuuraTests.DemoAppAPITests testDemoPublishedAnswerAndMediaAreImmutableAndRetryIsStable]' started.
Test Case '-[tsutsuuraTests.DemoAppAPITests testDemoPublishedAnswerAndMediaAreImmutableAndRetryIsStable]' passed (0.001 seconds).
Test Case '-[tsutsuuraTests.DemoAppAPITests testDemoRoundTripsSubmittedAnswerMedia]' started.
Test Case '-[tsutsuuraTests.DemoAppAPITests testDemoRoundTripsSubmittedAnswerMedia]' passed (0.001 seconds).
Test Case '-[tsutsuuraTests.DemoAppAPITests testLaunchModeRequiresExplicitOptIn]' started.
Test Case '-[tsutsuuraTests.DemoAppAPITests testLaunchModeRequiresExplicitOptIn]' passed (0.001 seconds).
Test Case '-[tsutsuuraTests.DemoAppAPITests testSignedOutDemoCompletesOTPWithoutExternalProvider]' started.
Test Case '-[tsutsuuraTests.DemoAppAPITests testSignedOutDemoCompletesOTPWithoutExternalProvider]' passed (0.001 seconds).
Test Suite 'DemoAppAPITests' passed at 2026-09-07 19:29:21.346.
	 Executed 16 tests, with 0 failures (0 unexpected) in 0.020 (0.025) seconds
Test Suite 'DesignSystemTests' started at 2026-09-07 19:29:21.346.
Test Case '-[tsutsuuraTests.DesignSystemTests testBundledKaisotaiFontIsRegistered]' started.
Test Case '-[tsutsuuraTests.DesignSystemTests testBundledKaisotaiFontIsRegistered]' passed (0.002 seconds).
Test Suite 'DesignSystemTests' passed at 2026-09-07 19:29:21.349.
	 Executed 1 test, with 0 failures (0 unexpected) in 0.002 (0.002) seconds
Test Suite 'DeviceTimeZoneSynchronizationTests' started at 2026-09-07 19:29:21.349.
Test Case '-[tsutsuuraTests.DeviceTimeZoneSynchronizationTests testDuplicateCallbacksAreCoalescedAndChangedZoneDrainsAfterInFlightRequest]' started.
Test Case '-[tsutsuuraTests.DeviceTimeZoneSynchronizationTests testDuplicateCallbacksAreCoalescedAndChangedZoneDrainsAfterInFlightRequest]' passed (0.001 seconds).
Test Case '-[tsutsuuraTests.DeviceTimeZoneSynchronizationTests testFailureRetriesOnNextActivationAndNewSessionRequiresItsOwnAcknowledgment]' started.
Test Case '-[tsutsuuraTests.DeviceTimeZoneSynchronizationTests testFailureRetriesOnNextActivationAndNewSessionRequiresItsOwnAcknowledgment]' passed (0.001 seconds).
Test Case '-[tsutsuuraTests.DeviceTimeZoneSynchronizationTests testLateUnauthorizedTimezoneResponseCannotSignOutSameUserWithNewSession]' started.
Test Case '-[tsutsuuraTests.DeviceTimeZoneSynchronizationTests testLateUnauthorizedTimezoneResponseCannotSignOutSameUserWithNewSession]' passed (0.008 seconds).
Test Case '-[tsutsuuraTests.DeviceTimeZoneSynchronizationTests testTimezoneRequestSendsOnlyZoneAndWorksWithNotificationPermissionDenied]' started.
Test Case '-[tsutsuuraTests.DeviceTimeZoneSynchronizationTests testTimezoneRequestSendsOnlyZoneAndWorksWithNotificationPermissionDenied]' passed (0.002 seconds).
Test Suite 'DeviceTimeZoneSynchronizationTests' passed at 2026-09-07 19:29:21.361.
	 Executed 4 tests, with 0 failures (0 unexpected) in 0.012 (0.013) seconds
Test Suite 'DraftDayBoundaryTests' started at 2026-09-07 19:29:21.362.
Test Case '-[tsutsuuraTests.DraftDayBoundaryTests testExpectedQuestionDateTravelsInJSONAndMultipart]' started.
Test Case '-[tsutsuuraTests.DraftDayBoundaryTests testExpectedQuestionDateTravelsInJSONAndMultipart]' passed (0.005 seconds).
Test Case '-[tsutsuuraTests.DraftDayBoundaryTests testRefreshPreservesOldQuestionAndDraftUntilExplicitReplacement]' started.
Test Case '-[tsutsuuraTests.DraftDayBoundaryTests testRefreshPreservesOldQuestionAndDraftUntilExplicitReplacement]' passed (0.001 seconds).
Test Suite 'DraftDayBoundaryTests' passed at 2026-09-07 19:29:21.368.
	 Executed 2 tests, with 0 failures (0 unexpected) in 0.006 (0.007) seconds
Test Suite 'EmailAddressValidationTests' started at 2026-09-07 19:29:21.368.
Test Case '-[tsutsuuraTests.EmailAddressValidationTests testNormalizesAddressAndPreservesPlusTag]' started.
Test Case '-[tsutsuuraTests.EmailAddressValidationTests testNormalizesAddressAndPreservesPlusTag]' passed (0.001 seconds).
Test Case '-[tsutsuuraTests.EmailAddressValidationTests testOldProfileStillDecodesWithoutEmailFields]' started.
Test Case '-[tsutsuuraTests.EmailAddressValidationTests testOldProfileStillDecodesWithoutEmailFields]' passed (0.001 seconds).
Test Case '-[tsutsuuraTests.EmailAddressValidationTests testRejectsHeaderInjectionAndMalformedAddresses]' started.
Test Case '-[tsutsuuraTests.EmailAddressValidationTests testRejectsHeaderInjectionAndMalformedAddresses]' passed (0.001 seconds).
Test Suite 'EmailAddressValidationTests' passed at 2026-09-07 19:29:21.371.
	 Executed 3 tests, with 0 failures (0 unexpected) in 0.002 (0.003) seconds
Test Suite 'EmailVerificationTests' started at 2026-09-07 19:29:21.371.
Test Case '-[tsutsuuraTests.EmailVerificationTests testDemoEnrollmentAndRecoveryDoNotPublishEmailToFamily]' started.
Test Case '-[tsutsuuraTests.EmailVerificationTests testDemoEnrollmentAndRecoveryDoNotPublishEmailToFamily]' passed (0.002 seconds).
Test Case '-[tsutsuuraTests.EmailVerificationTests testEmailAPIUsesExpectedWireContractAndRetainsRetryReceipt]' started.
Test Case '-[tsutsuuraTests.EmailVerificationTests testEmailAPIUsesExpectedWireContractAndRetainsRetryReceipt]' passed (0.010 seconds).
Test Case '-[tsutsuuraTests.EmailVerificationTests testEnrollmentCompletionAfterLostResponseSelfHealsOnRestore]' started.
Test Case '-[tsutsuuraTests.EmailVerificationTests testEnrollmentCompletionAfterLostResponseSelfHealsOnRestore]' passed (0.016 seconds).
Test Case '-[tsutsuuraTests.EmailVerificationTests testEnrollmentRestoreIsActorBoundAndResendReplacesOnePage]' started.
Test Case '-[tsutsuuraTests.EmailVerificationTests testEnrollmentRestoreIsActorBoundAndResendReplacesOnePage]' passed (0.008 seconds).
Test Case '-[tsutsuuraTests.EmailVerificationTests testEnrollmentRetryKeyIsBoundToCurrentBearer]' started.
Test Case '-[tsutsuuraTests.EmailVerificationTests testEnrollmentRetryKeyIsBoundToCurrentBearer]' passed (0.005 seconds).
Test Case '-[tsutsuuraTests.EmailVerificationTests testExpiredUnsubmittedLoginDoesNotRestore]' started.
Test Case '-[tsutsuuraTests.EmailVerificationTests testExpiredUnsubmittedLoginDoesNotRestore]' passed (0.004 seconds).
Test Case '-[tsutsuuraTests.EmailVerificationTests testInterruptedEnrollmentCanReplayAndSuccessfulProfileUpdatesImmediately]' started.
Test Case '-[tsutsuuraTests.EmailVerificationTests testInterruptedEnrollmentCanReplayAndSuccessfulProfileUpdatesImmediately]' passed (0.012 seconds).
Test Case '-[tsutsuuraTests.EmailVerificationTests testInterruptedLoginRemainsReplayableAfterChallengeExpiry]' started.
Test Case '-[tsutsuuraTests.EmailVerificationTests testInterruptedLoginRemainsReplayableAfterChallengeExpiry]' passed (0.009 seconds).
Test Case '-[tsutsuuraTests.EmailVerificationTests testMalformedEmailNeverReachesNetwork]' started.
Test Case '-[tsutsuuraTests.EmailVerificationTests testMalformedEmailNeverReachesNetwork]' passed (0.002 seconds).
Test Case '-[tsutsuuraTests.EmailVerificationTests testRejectedCodeDoesNotKeepExpiredReplayAlive]' started.
Test Case '-[tsutsuuraTests.EmailVerificationTests testRejectedCodeDoesNotKeepExpiredReplayAlive]' passed (0.007 seconds).
Test Case '-[tsutsuuraTests.EmailVerificationTests testUnfinishedLoginRestoresWithoutPersistingTheCode]' started.
Test Case '-[tsutsuuraTests.EmailVerificationTests testUnfinishedLoginRestoresWithoutPersistingTheCode]' passed (0.005 seconds).
Test Suite 'EmailVerificationTests' passed at 2026-09-07 19:29:21.454.
	 Executed 11 tests, with 0 failures (0 unexpected) in 0.079 (0.083) seconds
Test Suite 'FamilyAnswerProgressTests' started at 2026-09-07 19:29:21.454.
Test Case '-[tsutsuuraTests.FamilyAnswerProgressTests testAuthoritativeEmptyProgressOverridesStaleCachedAnswers]' started.
Test Case '-[tsutsuuraTests.FamilyAnswerProgressTests testAuthoritativeEmptyProgressOverridesStaleCachedAnswers]' passed (0.001 seconds).
Test Case '-[tsutsuuraTests.FamilyAnswerProgressTests testAuthoritativeProgressIncludesRespondersBeyondTheVisibleFeed]' started.
Test Case '-[tsutsuuraTests.FamilyAnswerProgressTests testAuthoritativeProgressIncludesRespondersBeyondTheVisibleFeed]' passed (0.001 seconds).
Test Case '-[tsutsuuraTests.FamilyAnswerProgressTests testCompletionRequiresEveryRecipientAndATodayQuestion]' started.
Test Case '-[tsutsuuraTests.FamilyAnswerProgressTests testCompletionRequiresEveryRecipientAndATodayQuestion]' passed (0.001 seconds).
Test Case '-[tsutsuuraTests.FamilyAnswerProgressTests testCountsUniqueCurrentMembersAcrossAllTodayAnswerSources]' started.
Test Case '-[tsutsuuraTests.FamilyAnswerProgressTests testCountsUniqueCurrentMembersAcrossAllTodayAnswerSources]' passed (0.001 seconds).
Test Case '-[tsutsuuraTests.FamilyAnswerProgressTests testHomeFeedDecodesOptionalAuthoritativeProgressWithoutLosingEmptyState]' started.
Test Case '-[tsutsuuraTests.FamilyAnswerProgressTests testHomeFeedDecodesOptionalAuthoritativeProgressWithoutLosingEmptyState]' passed (0.001 seconds).
Test Case '-[tsutsuuraTests.FamilyAnswerProgressTests testIncompleteRosterPreservesKnownAnswersFromUnlistedMembers]' started.
Test Case '-[tsutsuuraTests.FamilyAnswerProgressTests testIncompleteRosterPreservesKnownAnswersFromUnlistedMembers]' passed (0.000 seconds).
Test Case '-[tsutsuuraTests.FamilyAnswerProgressTests testMissingOrEmptyFamilyNeverInventsARecipientOrCompletion]' started.
Test Case '-[tsutsuuraTests.FamilyAnswerProgressTests testMissingOrEmptyFamilyNeverInventsARecipientOrCompletion]' passed (0.001 seconds).
Test Case '-[tsutsuuraTests.FamilyAnswerProgressTests testSubmittedAnswerChargesOneCellAndCannotBeChanged]' started.
Test Case '-[tsutsuuraTests.FamilyAnswerProgressTests testSubmittedAnswerChargesOneCellAndCannotBeChanged]' passed (0.001 seconds).
Test Suite 'FamilyAnswerProgressTests' passed at 2026-09-07 19:29:21.463.
	 Executed 8 tests, with 0 failures (0 unexpected) in 0.006 (0.008) seconds
Test Suite 'HTTPMethodOverrideTests' started at 2026-09-07 19:29:21.463.
Test Case '-[tsutsuuraTests.HTTPMethodOverrideTests testGetAndOrdinaryPostRemainUnchanged]' started.
Test Case '-[tsutsuuraTests.HTTPMethodOverrideTests testGetAndOrdinaryPostRemainUnchanged]' passed (0.001 seconds).
Test Case '-[tsutsuuraTests.HTTPMethodOverrideTests testPatchKeepsItsExistingNoAutomaticRetryPolicy]' started.
Test Case '-[tsutsuuraTests.HTTPMethodOverrideTests testPatchKeepsItsExistingNoAutomaticRetryPolicy]' passed (0.001 seconds).
Test Case '-[tsutsuuraTests.HTTPMethodOverrideTests testPatchPutDeleteUsePostWithOriginalMethodHeaderAndAuthorization]' started.
Test Case '-[tsutsuuraTests.HTTPMethodOverrideTests testPatchPutDeleteUsePostWithOriginalMethodHeaderAndAuthorization]' passed (0.002 seconds).
Test Case '-[tsutsuuraTests.HTTPMethodOverrideTests testPutAndDeleteRetriesKeepOverrideBodyAuthorizationAndIdempotencyKey]' started.
Test Case '-[tsutsuuraTests.HTTPMethodOverrideTests testPutAndDeleteRetriesKeepOverrideBodyAuthorizationAndIdempotencyKey]' passed (0.002 seconds).
Test Suite 'HTTPMethodOverrideTests' passed at 2026-09-07 19:29:21.470.
	 Executed 4 tests, with 0 failures (0 unexpected) in 0.006 (0.007) seconds
Test Suite 'HomeBackgroundRefreshTests' started at 2026-09-07 19:29:21.470.
Test Case '-[tsutsuuraTests.HomeBackgroundRefreshTests testActiveHomePollStillHandlesUnauthorizedSession]' started.
Test Case '-[tsutsuuraTests.HomeBackgroundRefreshTests testActiveHomePollStillHandlesUnauthorizedSession]' passed (0.001 seconds).
Test Case '-[tsutsuuraTests.HomeBackgroundRefreshTests testCanceledHistoryPollIgnoresLateUnauthorizedResponse]' started.
Test Case '-[tsutsuuraTests.HomeBackgroundRefreshTests testCanceledHistoryPollIgnoresLateUnauthorizedResponse]' passed (0.001 seconds).
Test Case '-[tsutsuuraTests.HomeBackgroundRefreshTests testCanceledHomePollIgnoresLateUnauthorizedResponse]' started.
Test Case '-[tsutsuuraTests.HomeBackgroundRefreshTests testCanceledHomePollIgnoresLateUnauthorizedResponse]' passed (0.001 seconds).
Test Case '-[tsutsuuraTests.HomeBackgroundRefreshTests testOldHomePollCannotSignOutAnUpdatedProfile]' started.
Test Case '-[tsutsuuraTests.HomeBackgroundRefreshTests testOldHomePollCannotSignOutAnUpdatedProfile]' passed (0.001 seconds).
Test Case '-[tsutsuuraTests.HomeBackgroundRefreshTests testQuietFailurePreservesContentQueryAndDraftWithoutToast]' started.
Test Case '-[tsutsuuraTests.HomeBackgroundRefreshTests testQuietFailurePreservesContentQueryAndDraftWithoutToast]' passed (0.003 seconds).
Test Case '-[tsutsuuraTests.HomeBackgroundRefreshTests testQuietRefreshDoesNotResurrectAnotherFamilyTail]' started.
Test Case '-[tsutsuuraTests.HomeBackgroundRefreshTests testQuietRefreshDoesNotResurrectAnotherFamilyTail]' passed (0.001 seconds).
Test Case '-[tsutsuuraTests.HomeBackgroundRefreshTests testQuietRefreshMergesNewPageWithoutDroppingLoadedTail]' started.
Test Case '-[tsutsuuraTests.HomeBackgroundRefreshTests testQuietRefreshMergesNewPageWithoutDroppingLoadedTail]' passed (0.001 seconds).
Test Case '-[tsutsuuraTests.HomeBackgroundRefreshTests testRefreshLoopDoesNotOverlapAndCancelsPromptly]' started.
Test Case '-[tsutsuuraTests.HomeBackgroundRefreshTests testRefreshLoopDoesNotOverlapAndCancelsPromptly]' passed (0.143 seconds).
Test Suite 'HomeBackgroundRefreshTests' passed at 2026-09-07 19:29:21.625.
	 Executed 8 tests, with 0 failures (0 unexpected) in 0.153 (0.155) seconds
Test Suite 'HomeBannerPullStateTests' started at 2026-09-07 19:29:21.625.
Test Case '-[tsutsuuraTests.HomeBannerPullStateTests testBeginAtThresholdSignalsReadinessWithoutWaitingForAnUpdate]' started.
Test Case '-[tsutsuuraTests.HomeBannerPullStateTests testBeginAtThresholdSignalsReadinessWithoutWaitingForAnUpdate]' passed (0.001 seconds).
Test Case '-[tsutsuuraTests.HomeBannerPullStateTests testCancelDisarmsGestureAndIgnoresSubsequentScrollBounce]' started.
Test Case '-[tsutsuuraTests.HomeBannerPullStateTests testCancelDisarmsGestureAndIgnoresSubsequentScrollBounce]' passed (0.001 seconds).
Test Case '-[tsutsuuraTests.HomeBannerPullStateTests testFinishUsesCurrentReleaseDistanceAndCanRevealOnlyOnce]' started.
Test Case '-[tsutsuuraTests.HomeBannerPullStateTests testFinishUsesCurrentReleaseDistanceAndCanRevealOnlyOnce]' passed (0.001 seconds).
Test Case '-[tsutsuuraTests.HomeBannerPullStateTests testFirstThresholdCrossingSignalsReadinessAndClampsProgress]' started.
Test Case '-[tsutsuuraTests.HomeBannerPullStateTests testFirstThresholdCrossingSignalsReadinessAndClampsProgress]' passed (0.000 seconds).
Test Case '-[tsutsuuraTests.HomeBannerPullStateTests testInvalidReleaseCancelsAndAlwaysResetsState]' started.
Test Case '-[tsutsuuraTests.HomeBannerPullStateTests testInvalidReleaseCancelsAndAlwaysResetsState]' passed (0.001 seconds).
Test Case '-[tsutsuuraTests.HomeBannerPullStateTests testJitterAroundThresholdDoesNotRepeatReadinessHaptic]' started.
Test Case '-[tsutsuuraTests.HomeBannerPullStateTests testJitterAroundThresholdDoesNotRepeatReadinessHaptic]' passed (0.001 seconds).
Test Case '-[tsutsuuraTests.HomeBannerPullStateTests testNegativeAndNonfiniteDistancesAreNormalizedAtBeginAndUpdate]' started.
Test Case '-[tsutsuuraTests.HomeBannerPullStateTests testNegativeAndNonfiniteDistancesAreNormalizedAtBeginAndUpdate]' passed (0.001 seconds).
Test Case '-[tsutsuuraTests.HomeBannerPullStateTests testRetreatBeforeReleaseCancelsRevealAndNextDragRearmsHaptic]' started.
Test Case '-[tsutsuuraTests.HomeBannerPullStateTests testRetreatBeforeReleaseCancelsRevealAndNextDragRearmsHaptic]' passed (0.001 seconds).
Test Suite 'HomeBannerPullStateTests' passed at 2026-09-07 19:29:21.632.
	 Executed 8 tests, with 0 failures (0 unexpected) in 0.005 (0.007) seconds
Test Suite 'NameValidationTests' started at 2026-09-07 19:29:21.633.
Test Case '-[tsutsuuraTests.NameValidationTests testUnicodeScalarBoundaryMatchesServerCharacterCounting]' started.
Test Case '-[tsutsuuraTests.NameValidationTests testUnicodeScalarBoundaryMatchesServerCharacterCounting]' passed (0.001 seconds).
Test Case '-[tsutsuuraTests.NameValidationTests testUnicodeScalarLimitsCoverAnswersCommentsReportsAndHistorySearch]' started.
Test Case '-[tsutsuuraTests.NameValidationTests testUnicodeScalarLimitsCoverAnswersCommentsReportsAndHistorySearch]' passed (0.002 seconds).
Test Suite 'NameValidationTests' passed at 2026-09-07 19:29:21.636.
	 Executed 2 tests, with 0 failures (0 unexpected) in 0.002 (0.003) seconds
Test Suite 'PairingLinkParserTests' started at 2026-09-07 19:29:21.636.
Test Case '-[tsutsuuraTests.PairingLinkParserTests testAcceptsOnlySupportedPairingLinkShapesAndTokenBoundaries]' started.
Test Case '-[tsutsuuraTests.PairingLinkParserTests testAcceptsOnlySupportedPairingLinkShapesAndTokenBoundaries]' passed (0.004 seconds).
Test Case '-[tsutsuuraTests.PairingLinkParserTests testPairingServerErrorsPreserveActionableRecipientGuidance]' started.
Test Case '-[tsutsuuraTests.PairingLinkParserTests testPairingServerErrorsPreserveActionableRecipientGuidance]' passed (0.000 seconds).
Test Case '-[tsutsuuraTests.PairingLinkParserTests testRejectsMalformedUntrustedAndNonASCIIPairingLinks]' started.
Test Case '-[tsutsuuraTests.PairingLinkParserTests testRejectsMalformedUntrustedAndNonASCIIPairingLinks]' passed (0.001 seconds).
Test Suite 'PairingLinkParserTests' passed at 2026-09-07 19:29:21.641.
	 Executed 3 tests, with 0 failures (0 unexpected) in 0.005 (0.005) seconds
Test Suite 'PersonalMarkRequirementTests' started at 2026-09-07 19:29:21.641.
Test Case '-[tsutsuuraTests.PersonalMarkRequirementTests testBlankAndInvalidSavesNeverReachTheServerOrReleaseTheGate]' started.
Test Case '-[tsutsuuraTests.PersonalMarkRequirementTests testBlankAndInvalidSavesNeverReachTheServerOrReleaseTheGate]' passed (0.002 seconds).
Test Case '-[tsutsuuraTests.PersonalMarkRequirementTests testDelayedForegroundRefreshCannotRestoreTheBlankMarkAfterSave]' started.
Test Case '-[tsutsuuraTests.PersonalMarkRequirementTests testDelayedForegroundRefreshCannotRestoreTheBlankMarkAfterSave]' passed (0.001 seconds).
Test Case '-[tsutsuuraTests.PersonalMarkRequirementTests testDrawingInAuthenticationReceiptCannotBypassFreshProfileConfirmation]' started.
Test Case '-[tsutsuuraTests.PersonalMarkRequirementTests testDrawingInAuthenticationReceiptCannotBypassFreshProfileConfirmation]' passed (0.008 seconds).
Test Case '-[tsutsuuraTests.PersonalMarkRequirementTests testFailedProfileConfirmationKeepsGateClosedAndCanBeRetried]' started.
Test Case '-[tsutsuuraTests.PersonalMarkRequirementTests testFailedProfileConfirmationKeepsGateClosedAndCanBeRetried]' passed (0.002 seconds).
Test Case '-[tsutsuuraTests.PersonalMarkRequirementTests testFailedSaveKeepsSetupRequiredAndAValidRetryCompletesIt]' started.
Test Case '-[tsutsuuraTests.PersonalMarkRequirementTests testFailedSaveKeepsSetupRequiredAndAValidRetryCompletesIt]' passed (0.001 seconds).
Test Case '-[tsutsuuraTests.PersonalMarkRequirementTests testLateProfileConfirmationCannotChangeTheNewAccount]' started.
Test Case '-[tsutsuuraTests.PersonalMarkRequirementTests testLateProfileConfirmationCannotChangeTheNewAccount]' passed (0.001 seconds).
Test Case '-[tsutsuuraTests.PersonalMarkRequirementTests testLateSaveCannotReleaseSetupForAnotherAccountOrANewSessionOfTheSameAccount]' started.
Test Case '-[tsutsuuraTests.PersonalMarkRequirementTests testLateSaveCannotReleaseSetupForAnotherAccountOrANewSessionOfTheSameAccount]' passed (0.002 seconds).
Test Case '-[tsutsuuraTests.PersonalMarkRequirementTests testOnlyACompleteBinaryMarkWithAtLeastOneDrawnCellCompletesSetup]' started.
Test Case '-[tsutsuuraTests.PersonalMarkRequirementTests testOnlyACompleteBinaryMarkWithAtLeastOneDrawnCellCompletesSetup]' passed (0.001 seconds).
Test Case '-[tsutsuuraTests.PersonalMarkRequirementTests testReplayedBlankAuthenticationReceiptUsesFreshProfileBeforeRequestingDrawing]' started.
Test Case '-[tsutsuuraTests.PersonalMarkRequirementTests testReplayedBlankAuthenticationReceiptUsesFreshProfileBeforeRequestingDrawing]' passed (0.001 seconds).
Test Case '-[tsutsuuraTests.PersonalMarkRequirementTests testRestoredAccountsUseTheServerMarkWithoutAskingExistingMembersToRedraw]' started.
Test Case '-[tsutsuuraTests.PersonalMarkRequirementTests testRestoredAccountsUseTheServerMarkWithoutAskingExistingMembersToRedraw]' passed (0.001 seconds).
Test Case '-[tsutsuuraTests.PersonalMarkRequirementTests testSignedOutAccountDoesNotShowDrawingSetup]' started.
Test Case '-[tsutsuuraTests.PersonalMarkRequirementTests testSignedOutAccountDoesNotShowDrawingSetup]' passed (0.001 seconds).
Test Case '-[tsutsuuraTests.PersonalMarkRequirementTests testSuccessfulResponseMustConfirmTheExactDrawingAndAccount]' started.
Test Case '-[tsutsuuraTests.PersonalMarkRequirementTests testSuccessfulResponseMustConfirmTheExactDrawingAndAccount]' passed (0.001 seconds).
Test Case '-[tsutsuuraTests.PersonalMarkRequirementTests testSuccessfulSavePreservesANewerErrorShownWhileSaving]' started.
Test Case '-[tsutsuuraTests.PersonalMarkRequirementTests testSuccessfulSavePreservesANewerErrorShownWhileSaving]' passed (0.001 seconds).
Test Suite 'PersonalMarkRequirementTests' passed at 2026-09-07 19:29:21.668.
	 Executed 13 tests, with 0 failures (0 unexpected) in 0.023 (0.026) seconds
Test Suite 'PhoneNumberValidationTests' started at 2026-09-07 19:29:21.668.
Test Case '-[tsutsuuraTests.PhoneNumberValidationTests testAcceptsJapaneseAndInternationalE164Lengths]' started.
Test Case '-[tsutsuuraTests.PhoneNumberValidationTests testAcceptsJapaneseAndInternationalE164Lengths]' passed (0.001 seconds).
Test Case '-[tsutsuuraTests.PhoneNumberValidationTests testRejectsNumbersOutsideE164DigitBounds]' started.
Test Case '-[tsutsuuraTests.PhoneNumberValidationTests testRejectsNumbersOutsideE164DigitBounds]' passed (0.001 seconds).
Test Suite 'PhoneNumberValidationTests' passed at 2026-09-07 19:29:21.670.
	 Executed 2 tests, with 0 failures (0 unexpected) in 0.001 (0.002) seconds
Test Suite 'PhotoDismissGestureStateTests' started at 2026-09-07 19:29:21.670.
Test Case '-[tsutsuuraTests.PhotoDismissGestureStateTests testCancellationIgnoresLateUpdatesAndNextDragCanDismiss]' started.
Test Case '-[tsutsuuraTests.PhotoDismissGestureStateTests testCancellationIgnoresLateUpdatesAndNextDragCanDismiss]' passed (0.000 seconds).
Test Case '-[tsutsuuraTests.PhotoDismissGestureStateTests testInvalidCoordinatesCannotProduceDismissal]' started.
Test Case '-[tsutsuuraTests.PhotoDismissGestureStateTests testInvalidCoordinatesCannotProduceDismissal]' passed (0.000 seconds).
Test Case '-[tsutsuuraTests.PhotoDismissGestureStateTests testOnlyClearlyDownwardStartsCanBecomeDismissal]' started.
Test Case '-[tsutsuuraTests.PhotoDismissGestureStateTests testOnlyClearlyDownwardStartsCanBecomeDismissal]' passed (0.001 seconds).
Test Case '-[tsutsuuraTests.PhotoDismissGestureStateTests testPhotoTracksDownwardDragAndReleasesAtActualDistance]' started.
Test Case '-[tsutsuuraTests.PhotoDismissGestureStateTests testPhotoTracksDownwardDragAndReleasesAtActualDistance]' passed (0.001 seconds).
Test Case '-[tsutsuuraTests.PhotoDismissGestureStateTests testShortDragsAndUpwardRetreatNeverDismiss]' started.
Test Case '-[tsutsuuraTests.PhotoDismissGestureStateTests testShortDragsAndUpwardRetreatNeverDismiss]' passed (0.001 seconds).
Test Suite 'PhotoDismissGestureStateTests' passed at 2026-09-07 19:29:21.674.
	 Executed 5 tests, with 0 failures (0 unexpected) in 0.003 (0.004) seconds
Test Suite 'ProductionConfigurationTests' started at 2026-09-07 19:29:21.674.
Test Case '-[tsutsuuraTests.ProductionConfigurationTests testBundledAPIAndUniversalLinkHostUseToshizo]' started.
Test Case '-[tsutsuuraTests.ProductionConfigurationTests testBundledAPIAndUniversalLinkHostUseToshizo]' passed (0.001 seconds).
Test Case '-[tsutsuuraTests.ProductionConfigurationTests testOldServerBearerReturnsToSetupWhenNewServerRejectsIt]' started.
Test Case '-[tsutsuuraTests.ProductionConfigurationTests testOldServerBearerReturnsToSetupWhenNewServerRejectsIt]' passed (0.001 seconds).
Test Case '-[tsutsuuraTests.ProductionConfigurationTests testPendingVerificationStorageIsIsolatedAcrossServerRoots]' started.
Test Case '-[tsutsuuraTests.ProductionConfigurationTests testPendingVerificationStorageIsIsolatedAcrossServerRoots]' passed (0.005 seconds).
Test Suite 'ProductionConfigurationTests' passed at 2026-09-07 19:29:21.682.
	 Executed 3 tests, with 0 failures (0 unexpected) in 0.007 (0.008) seconds
Test Suite 'PushInteractionTests' started at 2026-09-07 19:29:21.682.
Test Case '-[tsutsuuraTests.PushInteractionTests testAcknowledgingOlderPushDoesNotEraseNewerArrival]' started.
Test Case '-[tsutsuuraTests.PushInteractionTests testAcknowledgingOlderPushDoesNotEraseNewerArrival]' passed (0.003 seconds).
Test Case '-[tsutsuuraTests.PushInteractionTests testPendingPushDestinationPersistsAcrossFailureAndClearsOnlyAfterAcknowledgement]' started.
Test Case '-[tsutsuuraTests.PushInteractionTests testPendingPushDestinationPersistsAcrossFailureAndClearsOnlyAfterAcknowledgement]' passed (0.005 seconds).
Test Case '-[tsutsuuraTests.PushInteractionTests testPushDestinationParsesOptionalAndTrimmedQuestionIDs]' started.
Test Case '-[tsutsuuraTests.PushInteractionTests testPushDestinationParsesOptionalAndTrimmedQuestionIDs]' passed (0.001 seconds).
Test Case '-[tsutsuuraTests.PushInteractionTests testPushDestinationRejectsMalformedPayloads]' started.
Test Case '-[tsutsuuraTests.PushInteractionTests testPushDestinationRejectsMalformedPayloads]' passed (0.001 seconds).
Test Case '-[tsutsuuraTests.PushInteractionTests testPushTokenEncoderUsesLowercaseTwoDigitHex]' started.
Test Case '-[tsutsuuraTests.PushInteractionTests testPushTokenEncoderUsesLowercaseTwoDigitHex]' passed (0.001 seconds).
Test Suite 'PushInteractionTests' passed at 2026-09-07 19:29:21.693.
	 Executed 5 tests, with 0 failures (0 unexpected) in 0.010 (0.011) seconds
Test Suite 'PushRegistrationRecoveryTests' started at 2026-09-07 19:29:21.694.
Test Case '-[tsutsuuraTests.PushRegistrationRecoveryTests testAccountChangeDuringUploadCannotAcknowledgePreviousAccount]' started.
Test Case '-[tsutsuuraTests.PushRegistrationRecoveryTests testAccountChangeDuringUploadCannotAcknowledgePreviousAccount]' passed (0.002 seconds).
Test Case '-[tsutsuuraTests.PushRegistrationRecoveryTests testConcurrentPermissionRefreshSharesOneSystemRequest]' started.
Test Case '-[tsutsuuraTests.PushRegistrationRecoveryTests testConcurrentPermissionRefreshSharesOneSystemRequest]' passed (0.001 seconds).
Test Case '-[tsutsuuraTests.PushRegistrationRecoveryTests testDuplicateTokenCallbacksDoNotUploadTwiceAndNewTokenIsNotLost]' started.
Test Case '-[tsutsuuraTests.PushRegistrationRecoveryTests testDuplicateTokenCallbacksDoNotUploadTwiceAndNewTokenIsNotLost]' passed (0.001 seconds).
Test Case '-[tsutsuuraTests.PushRegistrationRecoveryTests testExplicitPermissionRequestWaitsForPassiveQueryInsteadOfBeingDropped]' started.
Test Case '-[tsutsuuraTests.PushRegistrationRecoveryTests testExplicitPermissionRequestWaitsForPassiveQueryInsteadOfBeingDropped]' passed (0.001 seconds).
Test Case '-[tsutsuuraTests.PushRegistrationRecoveryTests testFailedDestinationRetriesOnNextForegroundAttempt]' started.
Test Case '-[tsutsuuraTests.PushRegistrationRecoveryTests testFailedDestinationRetriesOnNextForegroundAttempt]' passed (0.003 seconds).
Test Case '-[tsutsuuraTests.PushRegistrationRecoveryTests testFailedUploadRetriesOnNextRefreshAndRevokedPermissionPreventsUploads]' started.
Test Case '-[tsutsuuraTests.PushRegistrationRecoveryTests testFailedUploadRetriesOnNextRefreshAndRevokedPermissionPreventsUploads]' passed (0.001 seconds).
Test Case '-[tsutsuuraTests.PushRegistrationRecoveryTests testLateNotificationPreferencesCannotRestoreSignedOutAccountState]' started.
Test Case '-[tsutsuuraTests.PushRegistrationRecoveryTests testLateNotificationPreferencesCannotRestoreSignedOutAccountState]' passed (0.003 seconds).
Test Case '-[tsutsuuraTests.PushRegistrationRecoveryTests testLatePushAnswerAfterSignOutCannotRepopulateFeedOrNavigate]' started.
Test Case '-[tsutsuuraTests.PushRegistrationRecoveryTests testLatePushAnswerAfterSignOutCannotRepopulateFeedOrNavigate]' passed (0.002 seconds).
Test Case '-[tsutsuuraTests.PushRegistrationRecoveryTests testLatePushCommentAfterSignOutCannotRestoreOldThread]' started.
Test Case '-[tsutsuuraTests.PushRegistrationRecoveryTests testLatePushCommentAfterSignOutCannotRestoreOldThread]' passed (0.003 seconds).
Test Case '-[tsutsuuraTests.PushRegistrationRecoveryTests testLatePushUnauthorizedCannotSignOutFreshSessionOfSameUser]' started.
Test Case '-[tsutsuuraTests.PushRegistrationRecoveryTests testLatePushUnauthorizedCannotSignOutFreshSessionOfSameUser]' passed (0.004 seconds).
Test Case '-[tsutsuuraTests.PushRegistrationRecoveryTests testLatePushUnauthorizedResponsePreservesNewAccountBearer]' started.
Test Case '-[tsutsuuraTests.PushRegistrationRecoveryTests testLatePushUnauthorizedResponsePreservesNewAccountBearer]' passed (0.001 seconds).
Test Case '-[tsutsuuraTests.PushRegistrationRecoveryTests testLateQuestionPushAfterSignOutCannotRestorePreviousQuestion]' started.
Test Case '-[tsutsuuraTests.PushRegistrationRecoveryTests testLateQuestionPushAfterSignOutCannotRestorePreviousQuestion]' passed (0.003 seconds).
Test Case '-[tsutsuuraTests.PushRegistrationRecoveryTests testLosingSignedInAvailabilityKeepsDestinationPending]' started.
Test Case '-[tsutsuuraTests.PushRegistrationRecoveryTests testLosingSignedInAvailabilityKeepsDestinationPending]' passed (0.003 seconds).
Test Case '-[tsutsuuraTests.PushRegistrationRecoveryTests testNewNotificationWaitsForInFlightDestinationThenOpensLast]' started.
Test Case '-[tsutsuuraTests.PushRegistrationRecoveryTests testNewNotificationWaitsForInFlightDestinationThenOpensLast]' passed (0.007 seconds).
Test Case '-[tsutsuuraTests.PushRegistrationRecoveryTests testReturningFromSettingsAfterDenialRegistersWithoutReopeningPage]' started.
Test Case '-[tsutsuuraTests.PushRegistrationRecoveryTests testReturningFromSettingsAfterDenialRegistersWithoutReopeningPage]' passed (0.001 seconds).
Test Case '-[tsutsuuraTests.PushRegistrationRecoveryTests testSigningOutAndBackIntoSameAccountNeedsFreshAcknowledgment]' started.
Test Case '-[tsutsuuraTests.PushRegistrationRecoveryTests testSigningOutAndBackIntoSameAccountNeedsFreshAcknowledgment]' passed (0.001 seconds).
Test Case '-[tsutsuuraTests.PushRegistrationRecoveryTests testSigningOutDuringUploadDoesNotScheduleAnotherAccountRequest]' started.
Test Case '-[tsutsuuraTests.PushRegistrationRecoveryTests testSigningOutDuringUploadDoesNotScheduleAnotherAccountRequest]' passed (0.001 seconds).
Test Suite 'PushRegistrationRecoveryTests' passed at 2026-09-07 19:29:21.734.
	 Executed 17 tests, with 0 failures (0 unexpected) in 0.036 (0.040) seconds
Test Suite 'QuestionSchedulePresentationTests' started at 2026-09-07 19:29:21.734.
Test Case '-[tsutsuuraTests.QuestionSchedulePresentationTests testJapanReleaseUsesAnExplicitCalendarDateAndNoDuplicateLocalClock]' started.
Test Case '-[tsutsuuraTests.QuestionSchedulePresentationTests testJapanReleaseUsesAnExplicitCalendarDateAndNoDuplicateLocalClock]' passed (0.009 seconds).
Test Case '-[tsutsuuraTests.QuestionSchedulePresentationTests testMissingLegacyTimezoneFallsBackToJapanAndServerTimezoneCanBeDecoded]' started.
Test Case '-[tsutsuuraTests.QuestionSchedulePresentationTests testMissingLegacyTimezoneFallsBackToJapanAndServerTimezoneCanBeDecoded]' passed (0.002 seconds).
Test Case '-[tsutsuuraTests.QuestionSchedulePresentationTests testReleasedJapaneseNextDayIsDatedInsteadOfCallingItTodayInToronto]' started.
Test Case '-[tsutsuuraTests.QuestionSchedulePresentationTests testReleasedJapaneseNextDayIsDatedInsteadOfCallingItTodayInToronto]' passed (0.001 seconds).
Test Case '-[tsutsuuraTests.QuestionSchedulePresentationTests testTorontoPreviousCalendarDayIsIncludedInTheReleaseLabel]' started.
Test Case '-[tsutsuuraTests.QuestionSchedulePresentationTests testTorontoPreviousCalendarDayIsIncludedInTheReleaseLabel]' passed (0.001 seconds).
Test Case '-[tsutsuuraTests.QuestionSchedulePresentationTests testTorontoShowsBothClocksInsteadOfPromisingDaytimePublication]' started.
Test Case '-[tsutsuuraTests.QuestionSchedulePresentationTests testTorontoShowsBothClocksInsteadOfPromisingDaytimePublication]' passed (0.001 seconds).
Test Case '-[tsutsuuraTests.QuestionSchedulePresentationTests testWinterOffsetAndNewYearDateRolloverAreFormattedFromTheInstant]' started.
Test Case '-[tsutsuuraTests.QuestionSchedulePresentationTests testWinterOffsetAndNewYearDateRolloverAreFormattedFromTheInstant]' passed (0.001 seconds).
Test Suite 'QuestionSchedulePresentationTests' passed at 2026-09-07 19:29:21.752.
	 Executed 6 tests, with 0 failures (0 unexpected) in 0.016 (0.018) seconds
Test Suite 'SaveNavigationTests' started at 2026-09-07 19:29:21.752.
Test Case '-[tsutsuuraTests.SaveNavigationTests testNotificationSaveFinishesWithoutDismissingPageOpenedAfterBack]' started.
Test Case '-[tsutsuuraTests.SaveNavigationTests testNotificationSaveFinishesWithoutDismissingPageOpenedAfterBack]' passed (0.001 seconds).
Test Case '-[tsutsuuraTests.SaveNavigationTests testOldCommentSaveCannotDismissAReopenedVisitToTheSameEditor]' started.
Test Case '-[tsutsuuraTests.SaveNavigationTests testOldCommentSaveCannotDismissAReopenedVisitToTheSameEditor]' passed (0.003 seconds).
Test Case '-[tsutsuuraTests.SaveNavigationTests testSaveOnTheOriginalVisitCanStillDismissAfterSuccess]' started.
Test Case '-[tsutsuuraTests.SaveNavigationTests testSaveOnTheOriginalVisitCanStillDismissAfterSuccess]' passed (0.001 seconds).
Test Suite 'SaveNavigationTests' passed at 2026-09-07 19:29:21.758.
	 Executed 3 tests, with 0 failures (0 unexpected) in 0.005 (0.006) seconds
Test Suite 'ScreenshotRegressionTests' started at 2026-09-07 19:29:21.759.
Test Case '-[tsutsuuraTests.ScreenshotRegressionTests testCancelledHomeRefreshKeepsFeedWithoutErrorToast]' started.
Test Case '-[tsutsuuraTests.ScreenshotRegressionTests testCancelledHomeRefreshKeepsFeedWithoutErrorToast]' passed (0.001 seconds).
Test Case '-[tsutsuuraTests.ScreenshotRegressionTests testOwnerRenameUpdatesGeneratedFamilyNameAcrossStoreCaches]' started.
Test Case '-[tsutsuuraTests.ScreenshotRegressionTests testOwnerRenameUpdatesGeneratedFamilyNameAcrossStoreCaches]' passed (0.001 seconds).
Test Case '-[tsutsuuraTests.ScreenshotRegressionTests testPersonalMarkPersistsAcrossProfileFeedCommentsAndRejectsEmptyReset]' started.
Test Case '-[tsutsuuraTests.ScreenshotRegressionTests testPersonalMarkPersistsAcrossProfileFeedCommentsAndRejectsEmptyReset]' passed (0.001 seconds).
Test Case '-[tsutsuuraTests.ScreenshotRegressionTests testQuestionReleaseContractAndPreReleaseDraftProtection]' started.
Test Case '-[tsutsuuraTests.ScreenshotRegressionTests testQuestionReleaseContractAndPreReleaseDraftProtection]' passed (0.001 seconds).
Test Case '-[tsutsuuraTests.ScreenshotRegressionTests testSearchNeverShowsOldResultsAfterChangingQueryEvenWhenRequestFails]' started.
Test Case '-[tsutsuuraTests.ScreenshotRegressionTests testSearchNeverShowsOldResultsAfterChangingQueryEvenWhenRequestFails]' passed (0.001 seconds).
Test Suite 'ScreenshotRegressionTests' passed at 2026-09-07 19:29:21.765.
	 Executed 5 tests, with 0 failures (0 unexpected) in 0.006 (0.007) seconds
Test Suite 'VoiceRecordingFileTests' started at 2026-09-07 19:29:21.766.
Test Case '-[tsutsuuraTests.VoiceRecordingFileTests testDiscardClosesFileAndIgnoresLateTap]' started.
Test Case '-[tsutsuuraTests.VoiceRecordingFileTests testDiscardClosesFileAndIgnoresLateTap]' passed (0.007 seconds).
Test Case '-[tsutsuuraTests.VoiceRecordingFileTests testEmptyCaptureAndSilentCaptureAreRejectedAndCleanedUp]' started.
Test Case '-[tsutsuuraTests.VoiceRecordingFileTests testEmptyCaptureAndSilentCaptureAreRejectedAndCleanedUp]' passed (0.006 seconds).
Test Case '-[tsutsuuraTests.VoiceRecordingFileTests testFinalizationClosesEncoderEvenWhenTapRetainsWriter]' started.
Test Case '-[tsutsuuraTests.VoiceRecordingFileTests testFinalizationClosesEncoderEvenWhenTapRetainsWriter]' passed (0.021 seconds).
Test Case '-[tsutsuuraTests.VoiceRecordingFileTests testFinalizedAACContainsDecodableSoundAndCorrectDuration]' started.
Test Case '-[tsutsuuraTests.VoiceRecordingFileTests testFinalizedAACContainsDecodableSoundAndCorrectDuration]' passed (0.032 seconds).
Test Case '-[tsutsuuraTests.VoiceRecordingFileTests testQuietCaptureDoesNotRequireSpeechRecognitionOrLoudness]' started.
Test Case '-[tsutsuuraTests.VoiceRecordingFileTests testQuietCaptureDoesNotRequireSpeechRecognitionOrLoudness]' passed (0.021 seconds).
Test Case '-[tsutsuuraTests.VoiceRecordingFileTests testSoundOnSecondChannelIsPreserved]' started.
Test Case '-[tsutsuuraTests.VoiceRecordingFileTests testSoundOnSecondChannelIsPreserved]' passed (0.033 seconds).
Test Suite 'VoiceRecordingFileTests' passed at 2026-09-07 19:29:21.887.
	 Executed 6 tests, with 0 failures (0 unexpected) in 0.120 (0.122) seconds
Test Suite 'tsutsuuraTests.xctest' passed at 2026-09-07 19:29:21.887.
	 Executed 246 tests, with 0 failures (0 unexpected) in 3.252 (3.328) seconds
Test Suite 'All tests' passed at 2026-09-07 19:29:21.888.
	 Executed 246 tests, with 0 failures (0 unexpected) in 3.252 (3.330) seconds
2026-09-07 19:29:24.149414-0400 tsutsuuraUITests-Runner[15300:10361534] [Default] Running tests...
    t =      nans Interface orientation changed to Portrait
Test Suite 'Selected tests' started at 2026-09-07 19:29:25.227.
Test Suite 'tsutsuuraUITests.xctest' started at 2026-09-07 19:29:25.227.
Test Suite 'AudioPlaybackUITests' started at 2026-09-07 19:29:25.228.
Test Case '-[tsutsuuraUITests.AudioPlaybackUITests testPublishedVoicePlaybackPauseAndResumeControls]' started.
    t =     0.00s Start Test at 2026-09-07 19:29:25.229
    t =     0.25s Set Up
    t =     0.26s Open toshizo.link.tsutsuura
    t =     0.26s     Launch toshizo.link.tsutsuura
2026-09-07 19:29:26.307 xcodebuild[14917:10358251] [MT] IDELaunchParametersSnapshot: The operation couldn’t be completed. (DebuggerLLDB.DebuggerVersionStore.StoreError error 0.)
2026-09-07 19:29:26.308 xcodebuild[14917:10358251] [MT] IDELaunchParametersSnapshot: no debugger version
objc[15300]: Class UIAccessibilityLoaderWebShared is implemented in both /Library/Developer/CoreSimulator/Volumes/iOS_23F77/Library/Developer/CoreSimulator/Profiles/Runtimes/iOS 26.5.simruntime/Contents/Resources/RuntimeRoot/System/Library/AccessibilityBundles/WebCore.axbundle/WebCore (0x10aa28310) and /Library/Developer/CoreSimulator/Volumes/iOS_23F77/Library/Developer/CoreSimulator/Profiles/Runtimes/iOS 26.5.simruntime/Contents/Resources/RuntimeRoot/System/Library/AccessibilityBundles/WebKit.axbundle/WebKit (0x10aaa0398). This may cause spurious casting failures and mysterious crashes. One of the duplicates must be removed or renamed.
    t =     1.51s         Setting up automation session
    t =     2.67s         Wait for toshizo.link.tsutsuura to idle
    t =     5.11s Waiting 6.0s for "home-tab-family" Button to exist
    t =     6.20s     Checking `Expect predicate `existsNoRetry == 1` for object "home-tab-family" Button`
    t =     6.20s         Checking existence of `"home-tab-family" Button`
    t =     6.32s Waiting 5.0s for "answer-audio-demo-playback-audio" Button to exist
    t =     7.41s     Checking `Expect predicate `existsNoRetry == 1` for object "answer-audio-demo-playback-audio" Button`
    t =     7.41s         Checking existence of `"answer-audio-demo-playback-audio" Button`
    t =     7.44s Checking existence of `"home-tab-family" Button`
    t =     7.46s Checking existence of `"回答する" Button`
    t =     7.48s Find the "回答する" Button
    t =     7.52s Checking existence of `"home-tab-family" Button`
    t =     7.54s Find the "home-tab-family" Button
    t =     7.57s Find the "answer-audio-demo-playback-audio" Button
    t =     7.59s Find the Target Application 'toshizo.link.tsutsuura'
    t =     7.60s Checking existence of `"home-tab-family" Button`
    t =     7.62s Press Target Application 'toshizo.link.tsutsuura'[0.00, 0.00] -> (356.2, 401.8) for 0.1 seconds, then drag to Target Application 'toshizo.link.tsutsuura'[0.00, 0.00] -> (356.2, 299.2) with velocity of 250.00 pixels per second, and then hold for 0.2 seconds 
    t =     7.62s     Wait for toshizo.link.tsutsuura to idle
    t =     7.62s     Find the Target Application 'toshizo.link.tsutsuura'
    t =     7.64s     Check for interrupting elements affecting "つつうら" Application
    t =     7.71s     Synthesize event
    t =     7.71s         Find the Target Application 'toshizo.link.tsutsuura'
    t =     7.72s         Find the Target Application 'toshizo.link.tsutsuura'
    t =     7.74s         Find the Target Application 'toshizo.link.tsutsuura'
    t =     7.75s         Find the Target Application 'toshizo.link.tsutsuura'
    t =     7.77s         Find the Target Application 'toshizo.link.tsutsuura'
    t =     8.82s     Wait for toshizo.link.tsutsuura to idle
    t =     8.83s Checking existence of `"home-tab-family" Button`
    t =     8.86s Checking existence of `"回答する" Button`
    t =     8.88s Find the "回答する" Button
    t =     8.90s Checking existence of `"home-tab-family" Button`
    t =     8.93s Find the "home-tab-family" Button
    t =     8.95s Find the "answer-audio-demo-playback-audio" Button
    t =     8.98s Find the Target Application 'toshizo.link.tsutsuura'
    t =     9.00s Checking existence of `"home-tab-family" Button`
    t =     9.02s Press Target Application 'toshizo.link.tsutsuura'[0.00, 0.00] -> (356.2, 401.8) for 0.1 seconds, then drag to Target Application 'toshizo.link.tsutsuura'[0.00, 0.00] -> (356.2, 377.8) with velocity of 250.00 pixels per second, and then hold for 0.2 seconds 
    t =     9.02s     Wait for toshizo.link.tsutsuura to idle
    t =     9.02s     Find the Target Application 'toshizo.link.tsutsuura'
    t =     9.04s     Check for interrupting elements affecting "つつうら" Application
    t =     9.05s     Synthesize event
    t =     9.06s         Find the Target Application 'toshizo.link.tsutsuura'
    t =     9.07s         Find the Target Application 'toshizo.link.tsutsuura'
    t =     9.08s         Find the Target Application 'toshizo.link.tsutsuura'
    t =     9.10s         Find the Target Application 'toshizo.link.tsutsuura'
    t =     9.11s         Find the Target Application 'toshizo.link.tsutsuura'
    t =     9.81s     Wait for toshizo.link.tsutsuura to idle
    t =     9.82s Checking existence of `"home-tab-family" Button`
    t =     9.84s Checking existence of `"回答する" Button`
    t =     9.86s Find the "回答する" Button
    t =     9.88s Checking existence of `"home-tab-family" Button`
    t =     9.90s Find the "home-tab-family" Button
    t =     9.92s Find the "answer-audio-demo-playback-audio" Button
    t =     9.95s Find the "answer-audio-demo-playback-audio" Button
    t =     9.99s Tap "answer-audio-demo-playback-audio" Button
    t =     9.99s     Wait for toshizo.link.tsutsuura to idle
    t =     9.99s     Find the "answer-audio-demo-playback-audio" Button
    t =    10.02s     Check for interrupting elements affecting "answer-audio-demo-playback-audio" Button
    t =    10.04s     Synthesize event
    t =    10.33s     Wait for toshizo.link.tsutsuura to idle
    t =    11.55s Checking `Expect predicate `value == "再生中"` for object "answer-audio-demo-playback-audio" Button`
    t =    11.56s     Find the "answer-audio-demo-playback-audio" Button
    t =    11.59s Checking existence of `"answer-audio-error-demo-playback-audio" StaticText`
    t =    11.61s Find the Target Application 'toshizo.link.tsutsuura'
    t =    11.72s Added attachment named 'voice-answer-playing'
    t =    11.72s Tap "answer-audio-demo-playback-audio" Button
    t =    11.72s     Wait for toshizo.link.tsutsuura to idle
    t =    11.72s     Find the "answer-audio-demo-playback-audio" Button
    t =    11.74s     Check for interrupting elements affecting "answer-audio-demo-playback-audio" Button
    t =    11.76s     Synthesize event
    t =    12.06s     Wait for toshizo.link.tsutsuura to idle
    t =    13.15s Checking `Expect predicate `value == "停止中"` for object "answer-audio-demo-playback-audio" Button`
    t =    13.15s     Find the "answer-audio-demo-playback-audio" Button
    t =    13.18s Tap "answer-audio-demo-playback-audio" Button
    t =    13.18s     Wait for toshizo.link.tsutsuura to idle
    t =    13.18s     Find the "answer-audio-demo-playback-audio" Button
    t =    13.20s     Check for interrupting elements affecting "answer-audio-demo-playback-audio" Button
    t =    13.22s     Synthesize event
    t =    13.52s     Wait for toshizo.link.tsutsuura to idle
    t =    14.61s Checking `Expect predicate `value == "再生中"` for object "answer-audio-demo-playback-audio" Button`
    t =    14.61s     Find the "answer-audio-demo-playback-audio" Button
    t =    14.64s Tap "home-tab-profile" Button
    t =    14.64s     Wait for toshizo.link.tsutsuura to idle
    t =    14.64s     Find the "home-tab-profile" Button
    t =    14.66s     Check for interrupting elements affecting "home-tab-profile" Button
    t =    14.68s     Synthesize event
    t =    14.98s     Wait for toshizo.link.tsutsuura to idle
    t =    14.98s Waiting 4.0s for "設定" Button to exist
    t =    16.06s     Checking `Expect predicate `existsNoRetry == 1` for object "設定" Button`
    t =    16.06s         Checking existence of `"設定" Button`
    t =    16.11s Tear Down
Test Case '-[tsutsuuraUITests.AudioPlaybackUITests testPublishedVoicePlaybackPauseAndResumeControls]' passed (16.367 seconds).
Test Case '-[tsutsuuraUITests.AudioPlaybackUITests testRecordedDraftCanBePreviewedPausedAndRemoved]' started.
    t =     0.00s Start Test at 2026-09-07 19:29:41.599
    t =     0.05s Set Up
    t =     0.05s Open toshizo.link.tsutsuura
    t =     0.05s     Launch toshizo.link.tsutsuura
    t =     0.05s         Terminate toshizo.link.tsutsuura:15313
2026-09-07 19:29:42.722 xcodebuild[14917:10358251] [MT] IDELaunchParametersSnapshot: The operation couldn’t be completed. (DebuggerLLDB.DebuggerVersionStore.StoreError error 0.)
2026-09-07 19:29:42.723 xcodebuild[14917:10358251] [MT] IDELaunchParametersSnapshot: no debugger version
    t =     1.55s         Setting up automation session
    t =     3.04s         Wait for toshizo.link.tsutsuura to idle
    t =     5.47s Waiting 6.0s for "home-tab-family" Button to exist
    t =     6.56s     Checking `Expect predicate `existsNoRetry == 1` for object "home-tab-family" Button`
    t =     6.56s         Checking existence of `"home-tab-family" Button`
    t =     6.78s Tap "回答する" Button
    t =     6.78s     Wait for toshizo.link.tsutsuura to idle
    t =     6.78s     Find the "回答する" Button
    t =     6.81s     Check for interrupting elements affecting "回答する" Button
    t =     6.90s     Synthesize event
    t =     7.21s     Wait for toshizo.link.tsutsuura to idle
    t =     7.27s Waiting 5.0s for "声で回答" Button to exist
    t =     8.36s     Checking `Expect predicate `existsNoRetry == 1` for object "声で回答" Button`
    t =     8.36s         Checking existence of `"声で回答" Button`
    t =     8.40s Checking existence of `"home-tab-family" Button`
    t =     8.41s Find the Target Application 'toshizo.link.tsutsuura'
    t =     8.42s Checking existence of `"home-tab-family" Button`
    t =     8.43s Find the Target Application 'toshizo.link.tsutsuura'
    t =     8.44s Find the "声で回答" Button
    t =     8.46s Find the "声で回答" Button
    t =     8.49s Tap "声で回答" Button
    t =     8.49s     Wait for toshizo.link.tsutsuura to idle
    t =     8.49s     Find the "声で回答" Button
    t =     8.50s     Check for interrupting elements affecting "声で回答" Button
    t =     8.52s     Synthesize event
    t =     8.82s     Wait for toshizo.link.tsutsuura to idle
    t =     8.82s Waiting 5.0s for "voice-use-answer-button" Button to exist
    t =     9.91s     Checking `Expect predicate `existsNoRetry == 1` for object "voice-use-answer-button" Button`
    t =     9.91s         Checking existence of `"voice-use-answer-button" Button`
    t =     9.93s Tap "voice-use-answer-button" Button
    t =     9.93s     Wait for toshizo.link.tsutsuura to idle
    t =     9.94s     Find the "voice-use-answer-button" Button
    t =     9.95s     Check for interrupting elements affecting "voice-use-answer-button" Button
    t =     9.97s     Synthesize event
    t =     9.98s         Scroll element to visible
    t =    10.00s         Find the "voice-use-answer-button" Button
    t =    10.03s         Computed hit point {267.25, 585} after scrolling to visible
    t =    10.32s     Wait for toshizo.link.tsutsuura to idle
    t =    10.32s Waiting 5.0s for "draft-audio-preview-button" Button to exist
    t =    11.41s     Checking `Expect predicate `existsNoRetry == 1` for object "draft-audio-preview-button" Button`
    t =    11.41s         Checking existence of `"draft-audio-preview-button" Button`
    t =    11.43s         Capturing element debug description
    t =    12.39s     Checking `Expect predicate `existsNoRetry == 1` for object "draft-audio-preview-button" Button`
    t =    12.40s         Checking existence of `"draft-audio-preview-button" Button`
    t =    12.41s         Capturing element debug description
    t =    13.38s     Checking `Expect predicate `existsNoRetry == 1` for object "draft-audio-preview-button" Button`
    t =    13.38s         Checking existence of `"draft-audio-preview-button" Button`
    t =    13.40s         Capturing element debug description
    t =    14.35s     Checking `Expect predicate `existsNoRetry == 1` for object "draft-audio-preview-button" Button`
    t =    14.35s         Checking existence of `"draft-audio-preview-button" Button`
    t =    14.37s         Capturing element debug description
    t =    15.33s     Checking `Expect predicate `existsNoRetry == 1` for object "draft-audio-preview-button" Button`
    t =    15.33s         Checking existence of `"draft-audio-preview-button" Button`
    t =    15.35s         Capturing element debug description
    t =    15.35s     Checking existence of `"draft-audio-preview-button" Button`
    t =    15.36s Collecting debug information to assist test failure triage
    t =    15.36s     Requesting snapshot of accessibility hierarchy for app with pid 15372
/Users/takamimarsh/Developer/Projects/Toshizo/tsutsuura/tsutsuura/tsutsuuraUITests/AudioPlaybackUITests.swift:34: error: -[tsutsuuraUITests.AudioPlaybackUITests testRecordedDraftCanBePreviewedPausedAndRemoved] : XCTAssertTrue failed
    t =    15.71s Tear Down
Test Case '-[tsutsuuraUITests.AudioPlaybackUITests testRecordedDraftCanBePreviewedPausedAndRemoved]' failed (15.958 seconds).
Test Suite 'AudioPlaybackUITests' failed at 2026-09-07 19:29:57.558.
	 Executed 2 tests, with 1 failure (0 unexpected) in 32.326 (32.330) seconds
Test Suite 'tsutsuuraUITests' started at 2026-09-07 19:29:57.560.
Test Case '-[tsutsuuraUITests.tsutsuuraUITests testDeterministicVoiceDenialOffersRecoveryAndTextFallback]' started.
    t =     0.00s Start Test at 2026-09-07 19:29:57.561
    t =     0.05s Set Up
    t =     0.05s Open toshizo.link.tsutsuura
    t =     0.05s     Launch toshizo.link.tsutsuura
    t =     0.05s         Terminate toshizo.link.tsutsuura:15372
2026-09-07 19:29:58.638 xcodebuild[14917:10358251] [MT] IDELaunchParametersSnapshot: The operation couldn’t be completed. (DebuggerLLDB.DebuggerVersionStore.StoreError error 0.)
2026-09-07 19:29:58.638 xcodebuild[14917:10358251] [MT] IDELaunchParametersSnapshot: no debugger version
    t =     1.51s         Setting up automation session
    t =     2.83s         Wait for toshizo.link.tsutsuura to idle
    t =     4.44s Waiting 5.0s for "回答する" Button to exist
    t =     5.52s     Checking `Expect predicate `existsNoRetry == 1` for object "回答する" Button`
    t =     5.52s         Checking existence of `"回答する" Button`
    t =     5.61s Tap "回答する" Button
    t =     5.61s     Wait for toshizo.link.tsutsuura to idle
    t =     5.61s     Find the "回答する" Button
    t =     5.63s     Check for interrupting elements affecting "回答する" Button
    t =     5.65s     Synthesize event
    t =     5.95s     Wait for toshizo.link.tsutsuura to idle
    t =     5.96s Waiting 4.0s for "声で回答" Button to exist
    t =     7.02s     Checking `Expect predicate `existsNoRetry == 1` for object "声で回答" Button`
    t =     7.02s         Checking existence of `"声で回答" Button`
    t =     7.06s Tap "声で回答" Button
    t =     7.06s     Wait for toshizo.link.tsutsuura to idle
    t =     7.06s     Find the "声で回答" Button
    t =     7.07s     Check for interrupting elements affecting "声で回答" Button
    t =     7.09s     Synthesize event
    t =     7.39s     Wait for toshizo.link.tsutsuura to idle
    t =     7.39s Waiting 7.0s for "音声認識が許可されていません。設定で音声認識を許可してください。" StaticText to exist
    t =     8.42s     Checking `Expect predicate `existsNoRetry == 1` for object "音声認識が許可されていません。設定で音声認識を許可してください。" StaticText`
    t =     8.42s         Checking existence of `"音声認識が許可されていません。設定で音声認識を許可してください。" StaticText`
    t =     8.44s         Capturing element debug description
    t =     9.41s     Checking `Expect predicate `existsNoRetry == 1` for object "音声認識が許可されていません。設定で音声認識を許可してください。" StaticText`
    t =     9.41s         Checking existence of `"音声認識が許可されていません。設定で音声認識を許可してください。" StaticText`
    t =     9.43s         Capturing element debug description
    t =    10.46s     Checking `Expect predicate `existsNoRetry == 1` for object "音声認識が許可されていません。設定で音声認識を許可してください。" StaticText`
    t =    10.46s         Checking existence of `"音声認識が許可されていません。設定で音声認識を許可してください。" StaticText`
    t =    10.47s Checking existence of `"open-voice-permission-settings" Button`
    t =    10.49s Checking existence of `"use-text-answer-instead" Button`
    t =    10.50s Find the "use-text-answer-instead" Button
    t =    10.52s Find the "use-text-answer-instead" Button
    t =    10.54s Find the Target Application 'toshizo.link.tsutsuura'
    t =    10.55s Swipe up Target Application 'toshizo.link.tsutsuura'
    t =    10.55s     Wait for toshizo.link.tsutsuura to idle
    t =    10.55s     Find the Target Application 'toshizo.link.tsutsuura'
    t =    10.56s     Check for interrupting elements affecting "つつうら" Application
    t =    10.57s     Synthesize event
    t =    11.00s     Wait for toshizo.link.tsutsuura to idle
    t =    11.51s Find the "use-text-answer-instead" Button
    t =    11.53s Tap "use-text-answer-instead" Button
    t =    11.53s     Wait for toshizo.link.tsutsuura to idle
    t =    11.54s     Find the "use-text-answer-instead" Button
    t =    11.55s     Check for interrupting elements affecting "use-text-answer-instead" Button
    t =    11.57s     Synthesize event
    t =    11.86s     Wait for toshizo.link.tsutsuura to idle
    t =    11.87s Waiting 3.0s for "answer-input" TextView to exist
    t =    12.93s     Checking `Expect predicate `existsNoRetry == 1` for object "answer-input" TextView`
    t =    12.94s         Checking existence of `"answer-input" TextView`
    t =    12.96s Checking existence of `"open-voice-permission-settings" Button`
    t =    12.98s Tear Down
Test Case '-[tsutsuuraUITests.tsutsuuraUITests testDeterministicVoiceDenialOffersRecoveryAndTextFallback]' passed (13.239 seconds).
Test Case '-[tsutsuuraUITests.tsutsuuraUITests testDeterministicVoiceSuccessReturnsTranscriptAndRecording]' started.
    t =     0.00s Start Test at 2026-09-07 19:30:10.803
    t =     0.05s Set Up
    t =     0.05s Open toshizo.link.tsutsuura
    t =     0.05s     Launch toshizo.link.tsutsuura
    t =     0.05s         Terminate toshizo.link.tsutsuura:15452
2026-09-07 19:30:11.890 xcodebuild[14917:10358251] [MT] IDELaunchParametersSnapshot: The operation couldn’t be completed. (DebuggerLLDB.DebuggerVersionStore.StoreError error 0.)
2026-09-07 19:30:11.890 xcodebuild[14917:10358251] [MT] IDELaunchParametersSnapshot: no debugger version
    t =     1.52s         Setting up automation session
    t =     3.40s         Wait for toshizo.link.tsutsuura to idle
    t =     5.57s Waiting 5.0s for "回答する" Button to exist
    t =     6.66s     Checking `Expect predicate `existsNoRetry == 1` for object "回答する" Button`
    t =     6.67s         Checking existence of `"回答する" Button`
    t =     6.82s Tap "回答する" Button
    t =     6.82s     Wait for toshizo.link.tsutsuura to idle
    t =     6.82s     Find the "回答する" Button
    t =     6.85s     Check for interrupting elements affecting "回答する" Button
    t =     6.90s     Synthesize event
    t =     7.21s     Wait for toshizo.link.tsutsuura to idle
    t =     7.25s Waiting 4.0s for "声で回答" Button to exist
    t =     8.30s     Checking `Expect predicate `existsNoRetry == 1` for object "声で回答" Button`
    t =     8.30s         Checking existence of `"声で回答" Button`
    t =     8.33s Tap "声で回答" Button
    t =     8.33s     Wait for toshizo.link.tsutsuura to idle
    t =     8.33s     Find the "声で回答" Button
    t =     8.35s     Check for interrupting elements affecting "声で回答" Button
    t =     8.37s     Synthesize event
    t =     8.66s     Wait for toshizo.link.tsutsuura to idle
    t =     8.67s Waiting 7.0s for "今日は家族と散歩をしました" StaticText to exist
    t =     9.72s     Checking `Expect predicate `existsNoRetry == 1` for object "今日は家族と散歩をしました" StaticText`
    t =     9.73s         Checking existence of `"今日は家族と散歩をしました" StaticText`
    t =     9.74s         Capturing element debug description
    t =    10.71s     Checking `Expect predicate `existsNoRetry == 1` for object "今日は家族と散歩をしました" StaticText`
    t =    10.71s         Checking existence of `"今日は家族と散歩をしました" StaticText`
    t =    10.73s         Capturing element debug description
    t =    11.67s     Checking `Expect predicate `existsNoRetry == 1` for object "今日は家族と散歩をしました" StaticText`
    t =    11.67s         Checking existence of `"今日は家族と散歩をしました" StaticText`
    t =    11.75s         Capturing element debug description
    t =    12.71s     Checking `Expect predicate `existsNoRetry == 1` for object "今日は家族と散歩をしました" StaticText`
    t =    12.72s         Checking existence of `"今日は家族と散歩をしました" StaticText`
    t =    12.74s Waiting 3.0s for "voice-use-answer-button" Button to exist
    t =    13.82s     Checking `Expect predicate `existsNoRetry == 1` for object "voice-use-answer-button" Button`
    t =    13.82s         Checking existence of `"voice-use-answer-button" Button`
    t =    14.91s Checking `Expect predicate `enabled == 1` for object "voice-use-answer-button" Button`
    t =    14.91s     Find the "voice-use-answer-button" Button
    t =    14.93s Tap "voice-use-answer-button" Button
    t =    14.93s     Wait for toshizo.link.tsutsuura to idle
    t =    14.93s     Find the "voice-use-answer-button" Button
    t =    14.94s     Check for interrupting elements affecting "voice-use-answer-button" Button
    t =    14.96s     Synthesize event
    t =    14.97s         Scroll element to visible
    t =    14.98s         Find the "voice-use-answer-button" Button
    t =    15.01s         Computed hit point {267.25, 585} after scrolling to visible
    t =    15.30s     Wait for toshizo.link.tsutsuura to idle
    t =    15.30s Waiting 3.0s for "answer-input" TextView to exist
    t =    16.35s     Checking `Expect predicate `existsNoRetry == 1` for object "answer-input" TextView`
    t =    16.35s         Checking existence of `"answer-input" TextView`
    t =    16.38s Find the "answer-input" TextView
    t =    16.40s Find the "submit-answer-button" Button
    t =    16.41s Tear Down
Test Case '-[tsutsuuraUITests.tsutsuuraUITests testDeterministicVoiceSuccessReturnsTranscriptAndRecording]' passed (16.674 seconds).
Test Suite 'tsutsuuraUITests' passed at 2026-09-07 19:30:27.478.
	 Executed 2 tests, with 0 failures (0 unexpected) in 29.913 (29.918) seconds
Test Suite 'tsutsuuraUITests.xctest' failed at 2026-09-07 19:30:27.480.
	 Executed 4 tests, with 1 failure (0 unexpected) in 62.239 (62.253) seconds
Test Suite 'Selected tests' failed at 2026-09-07 19:30:27.481.
	 Executed 4 tests, with 1 failure (0 unexpected) in 62.239 (62.255) seconds
2026-09-07 19:30:28.002 xcodebuild[14917:10358251] [MT] IDETestOperationsObserverDebug: 83.949 elapsed -- Testing started completed.
2026-09-07 19:30:28.002 xcodebuild[14917:10358251] [MT] IDETestOperationsObserverDebug: 0.000 sec, +0.000 sec -- start
2026-09-07 19:30:28.002 xcodebuild[14917:10358251] [MT] IDETestOperationsObserverDebug: 83.949 sec, +83.949 sec -- end

Test session results, code coverage, and logs:
	/tmp/tsutsuura-audio-fix-qa/audio-v1.xcresult

Failing tests:
	AudioPlaybackUITests.testRecordedDraftCanBePreviewedPausedAndRemoved()

** TEST FAILED **

Testing started
